000A94A0,"Faith: Let them try."
001407A9,"Runner. The package contains a memento for a friend of mine. Something I made myself. It’s kind of fragile, so please be careful."
0016EC58,"Runner. The statue inside that package is very important to me. Deliver it without breaking it and I’ll pay you good scrip."
002B0375,"FRAGILE DELIVERY"
004D37A3,"EAJ LOCALIZATION TESTING COORDINATORS"
0053636E,"Dogen: The woman she refers to - I have my suspicions. If they are ever confirmed there will be a slaughter the likes of which hasn’t been seen since the November Riots."
0056773F,"Movement: CRAWL"
00695803,"Social Content is disabled, please log in to enable."
006C8A61,"EFFECTS QUALITY"
007EFA5C,"You met BEATRIX BLOCH briefly shortly before your capture two years ago and the two of you had a short, but honest conversation. She might be HICASTE, but there is still something you can relate to in her. Now she needs your help with something, though whatever a woman like her might need help with is beyond you."
0088BC77,"Enough of this. The leech is out. Let’s get off the roof."
008C750E,"GRIDNODE"
008D1159,"So those snails are mush, I assume. Just as well. Though Dogen will rage, I’m sure."
00936803,"You have see, nothing!"
009651D7,"Noah: Very subtle. How about the item we have for you? It should be more than enough."
009728D0,"Faith: Thanks. See you in a bit."
00AFEDA9,"Icarus: Good! Now punch the release!"
00BBB5DA,"Faith: But what if someone sees me - you know, with their eyes?"
00BBE8BC,"Nomad: Hey Faith, you need to get out of scanning range or find a safe house. Go!"
00BC29D5,"Rebecca: Don’t be sorry. Just get the job done."
00C26B58,"If you hadn’t come I’d be dead or locked up by now. Thank you so much."
00D4A055,"Test Route One"
00D4B6CD,"Test Route Two"
00E26808,"Faith: I’m there. And so is KrugerSec."
00E2A9AA,"Faith: BeatLink contact. Good."
01171A89,"ADDITIONAL DIALOGUE WRITERS"
0119C1BB,"ADVANCED DEVELOPMENT GROUP LUCASFILM"
011A12AC,"Well, I wouldn’t go that far."
0120A278,"SUBTITLES"
012B4946,"Nomad: His apartment is on the top floor. Should be an easy climb for a spider such as yourself."
01372180,"This account does not meet minimum requirements. Please visit help.ea.com for more information."
01374F2E,"{0:input} + {1:input}  Quickly get BEHIND your opponent and expose their BACK for a follow-up attack "
013F0691,"SELECT"
015158B7,"Beatrix hasn't changed, but her marital status has. She's gotten married while you were away, but she wants to get away from her ABUSIVE husband and you’re going to help her. He's been fooling around with another woman for a while, and this should be enough to warrant a divorce.  To help gather PROOF of his infidelity you need to place three listening taps at locations frequented by Beatrix's husband. These include his favorite RESTAURANT, his OFFICE, and his hideaway APARTMENT."
0159CC40,"Yes. But he didn't send Icarus this time. That kid he raised,  "
01630041,"Plastic: I know, but they’ve locked down the room. I’m working on it."
016A2DB7,"We'd have to get someone to do it for us. A proxy."
0172DE9C,"Birdman: They did, and she and her sister seem to be doing fine. Sends me the occasional message. Even asked about you once."
01753126,"Attention. All Tier Four residents are to evacuate Sky City at once. Please do not be alarmed. This is standard procedure in order to allow for safe reparations of the damage."
01817CAF,"EAUK QA"
01854D31,"BUSINESS INTELLIGENCE ANALYST"
018930C5,"Rebecca: There will be those unable to accept these basic truths. Invariably they are the same people who profits the most from the current system. If necessary, they must be destroyed."
019132E2,"No, no, no, no…"
0197F2A8,"Aline: That’s it. Connect the OmniStat drive and the virus will do the rest. And you should probably expect some guards to show up any minute."
01992E11,"HIGHGROUND ATTACK"
019A66D8,"APP MENU"
019BE7C7,"SOFTWARE ENGINEERS"
019C95B2,"Rebecca: Well done. Could’ve been faster, but still, well done."
01A93297,"Diversion missions require you to DISTRACT KrugerSec in order to help out a fellow offGrid. Take on these to hone and IMPROVE your SKILLS as a runner.  To distract KrugerSec you must DRAW ATTENTION to yourself by appearing at five different surveillance points before the time runs out. If you FAIL to keep KrugerSec focused on you, the other offGrids will be DISCOVERED and you will fail the run."
01AA0DF7,"Press {0:input} to open the map."
01B27E6A,"Emergency shutdown of sections A through F. "
01BC59C8,"SENIOR DIRECTOR EVENTS AND MEDIA"
01C8A551,"PLAY RECORDING"
01CA6E41,"STOP RECORDING"
01CA8913,"Yesterday, you let no less than two spies break into the research area. "
01D267EF,"Show the surface map"
01DE42B8,"CERTIFICATION MANAGEMENT"
01E2A413,"Nomad: I’ve been getting a few other components for the outCaste, and with these chips they’ll have everything they need."
01F0BC7A,"Noah: Faith. Don’t. Move."
01F204EA,"Nomad: It’s the building with the big KrugerArms-sign on top. On the upper floors."
01F7AB42,"Rewarded for collecting 60 electronic parts"
01F9ECE0,"I'm ready."
01FD1544,"TRIANGLES RED"
0212CC7E,"I’m damn lucky you were nearby. Thank you."
0214665E,"DIVERSION OPPORTUNITY"
02193BF8,"FINGER ON THE PULSE"
021D6C9B,"Some days I miss the sun so much."
021D7334,"Noah: I see it. That was the Bauble Mall that just blew up."
022BE72D,"+ Side Mission: Pigeons Down"
02304B71,"Plastic: Too many questions! I don’t know her name! Maybe you don’t know her. She was expanding my metaGrid access, like you did. But we lost contact."
023A40D1,"Faith: Time to make a house call."
023B07AF,"Nomad: It’s been boring here without you, Faith. I’m glad you’re back."
0243BF47,"DASH GOAL"
024EB329,"TERMS OF SERVICE"
0253234E,"{0:d} XP"
02533FF3,"LOW"
0256AD4C,"Rebecca: Black November has grown considerably in the last few years. There’s a lot of unrest among the loCaste, and soon they will be ready to rise."
027AEEB8,"Faith: The more I hear about Reflection, the less I like it."
027CF72D,"Nomad: I knew you would."
029AA5EC,"I just don't think these results match up at all."
029DFC68,"SHIFT / COMBAT SHIFT"
02A70D88,"Faith: There. I lost them."
02BDBC82,""
02BDBC83,"Faith! Cat! Where are you?!"
02BDBC84,"Every new day holds a promise."
02BDBC85,"Faith, I’m scared ..."
02BDBC86,"You can waste it, or spend it advancing yourself, furthering your prospects and your career. "
02BDBC87,"As a future employ of a corporation of your choice your possibilities are infinite ..."
02BDBC88,"Last day, huh? I thought we’d keep you here forever, leech."
02BDBC89,"Or maybe you’d like another three months?"
02BDBC8A,"So easy ... Let’s go. We have a full day ahead."
02BDBC8B,"... have served a twelve month sentence to which nine months were added for several incidents of insubordination."
02BDBCA3,"Deemed ready for conditional release. Now, if it was up to me ..."
02BDBCA4,"Upon release you must seek immediate employment, and will be monitored through your gridLink."
02BDBCA5,"If you do not find employment within fourteen days you will be relocated to a Greyland facility."
02BDBCA6,"Do you understand these conditions?"
02BDBCA7,"Just get me out of here."
02BDBCA8,"Dressing rooms to the left, leech."
02BDBCA9,"Dogen sends his best. Enjoy your freedom. "
02BDBCAA,"So Noah, what’s the Beat?I heard they let a runner out of juve today.I heard she’s eager to run.She has been gone a long time ...I also heard she’s sorry.Maybe she learned something while she was away.Maybe.I’m so sorry ...You look older.Screw you.Nice place you got here. Mind if I stay a while?I was hoping you would.And about that run?Go talk to Birdman. He’ll put you through your paces.The new guy seems a bit uptight.Icarus? He’s a good kid. Runs better than anyone I’ve seen.Than anyone?Go see the Birdman and we’ll find out. I’ll be here.Dogen sent me a greeting.Yeah ... We’ll deal with him in time. Now go. Astound me.Thank you.Easy there. Leave my door alone.Patience never was your virtue, Faith.I thought you were taking a nap. Isn’t that what old people do?Careful with that mouth, girl.I guess two years of peace and quiet is all I get.Yeah. I missed you too.Noah wanted me to “test” you. I told him I would do no such thing. But I have a dash for you. Enough to test yourself.I fed you already, Calliope! Get off me! Damn rats with wings. Won’t leave me alone. But they have their uses.Patience never was your virtue.True. That’s why I can smell my own. Now off with you. Show them other runners that you too have your uses.It’s good to have you back, girl."
02C282F0,"Icarus: Faith? Can you home in on my signal? I’m in a bit of a bind here."
02D4BD67,"So you’re a runner, right? Can you lead off KrugerSec while we have a small meeting here? There’s some scrip in it for you."
02DDF515,"FACILITIES"
02E568FD,"Dogen: Faith, enjoy the view, but don’t stick around. I expect KrugerSec are sending people to investigate this little “accident” as we speak."
02E96B5F,"Hey, I’m over here."
02F2FA33,"Failed to connect to EA Online. Social features will be unavailable. Please try again."
02F375CA,"I just wanted you to know why I’ve stayed away lately. There’s someone looking for me, "
02F8F13F,"FOCUS SHIELD"
02FB48C3,"{0:input} to jump"
02FB5CF7,"Plastic: OK, you can’t finish it now. Maybe later?"
03000D1E,"SKIPPING"
03073A8F,"{0:s}"
031C5561,"Nomad: The guy works for Kruger, but hates his job. He has access to a lot of stuff. Said this sensor chip is a real game changer."
031E3510,"Automated Voice: Attention! This week’s winner of the Cascadia Employ Lottery will receive a latest Bryson Model Z. Register your gridPrint to sign up."
03408395,"\"
0340A35B,"Delivery confirmed and the eggs read as intact. Well done. Now we can hopefully get on with our lives ..."
03419E07,"START {0:d} {1:f} {2:s} END"
034739C9,"I love you."
03550B6D,"Plastic: We got a door unlocked for you, Faith. Building maintenance access on the back."
0361C313,"{0:input}"
036A50B6,"Thanks. And good that you stayed out of sight. The less KrugerSec knows about this the better. We’ll transfer payment to you."
037132AE,"Rebecca: Cut the chatter."
037AD49E,"SENIOR SOFTWARE ENGINEER"
03A71E4B,"CAN'T USE FAST TRAVEL WHILE PLAYING SOCIAL CONTENT"
03A9D1BC,"Faith: Another upgrade, huh."
03AA5264,"SELECT CHALLENGE"
03AB76B0,"VIVE LA RESISTANCE"
03B49A5B,"The girls shouldn’t have to grow up in the world we're heading toward now."
03C3150C,"INTERNATIONAL PUBLISHING ORGANIZATION DIGITAL SALES"
03CAF9CA,"Plastic: She does too. Faith, I’ll compare that location with the city plans. Should have something for you when you’ve talked to Isabel. I mean, Caitlyn."
03D5A5D0,"DIRECTOR GLOBAL CONTENT STRATEGY"
03D702B0,"STANDING DOWN"
03E47E6E,"Icarus: Damn it, that terminal can’t be reached. We’re gonna have to crash something into it. "
03E6885C,"EXTENDED SLIDE"
040C1A5E,"Runner. The package contains a delicate cake, baked with a few non-policy ingredients. Make sure it reaches Dogen intact."
041C3D10,"Faith: It’s chilly up here."
042FED4C,"Deal damage without losing momentum"
043677E3,"Plastic: Sort of a pity we won’t get to see it."
043C6FD2,"Faith: Cat! Talk to me!"
043DDA6B,"LSHIFT"
04454AFE,"LEAD ONLINE ENGINEER"
04466FF3,"TOGGLE"
046A5871,"Heyy!"
047408C4,"SENIOR IT SERVICE SPECIALIST"
0475CDAB,"Automated Voice: Alert! Intruder detected. KrugerSec reinforcements dispatched to gridNode control area."
0476B212,"Purchase failed"
049DF924,"Come on smile Sargeant"
04ACD26F,"Damn runt! I should’ve had you killed with your leech parents."
04ACD270,"You’ve lost, Kruger. Your control ends here."
04ACD271,"Reflection is not about control! It’s about survival."
04ACD272,"For you and the other families maybe. "
04ACD273,"It’s time you all withered and died."
04ACD274,"By destroying Reflection, you're dooming your dear sister as well!"
04ACD275,"I'm setting her free!"
04ACD276,"Hardly. Isabel has a chronic lung condition."
04ACD277,"With Reflection, we’ve managed to keep it at bay. Destroy it--"
04ACD28F,"You’re lying."
04ACD290,"Am I? Am I lying? You almost managed to kill her once. "
04ACD291,"Why not just go finish the job?"
04ACD292,"Stay back!"
04ACD293,"Everyone around you dies, Faith. "
04ACD294,"Did it ever occur to you, that maybe you're the one to blame?"
04ACD295,"Shut up!"
04ACD296,"You killed my family!"
04ACD297,"You killed my friends!"
04ACD298,"And you killed Noah ..."
04ACD2B0,"What the hell are you waiting for? Stop that thing! And kill her!"
04ACD2B1,"Cat!"
04B5BDBA,"Noah: Keep running, Faith - you’ll lose them soon enough!"
04BA2711,"Return to the Lair"
04BC80B7,"ANIMATION CINEMATICS"
04E7CA7A,"Plastic: There. Thank you, Faith. Soon I will have the entire city covered. Imagine that. Unlimited access. Unlimited power ..."
04ECAF70,"ONLINE SERVICE OPERATIONS"
04F267A4,"LIGHTING ARTIST"
050BF00E,"Yeah. By the way, did you hear? That girl, Faith, who took the vaccine?"
0524A3CD,"Or just a bullet in the head."
05297499,"INTERNATIONAL PUBLISHING ORGANIZATION MARKETING"
0540A319,"Noah: Just remember, Faith. Dogen looks to himself first."
05412CA9,"["
0544DA7F,"Plastic: Of course. I just had to calculate the frequency alternator. And then I (static)."
054A7365,"INTEL"
055622CE,"CHARACTER ARTISTS"
0559309F,"the first of which is you never pick a fight with KrugerSec."
055CC9A5,"Icarus: Woah, there’s a crapload of VTOLs coming in from KrugerSec HQ. Probably some crackdown on Black November."
056774B4,"Faith: Nice one. Thanks Nomad. I’m on my way."
056CCF75,"Still waiting for confirmation."
057C8CFE,"LOCALIZATION VOICE TALENT ITALIAN"
0583F7B9,"MASSIVE DAMAGE when in FLOW  Upgrade to FLOW ATTACK  When in FLOW, use the environment to increase the damage of your FLOW ATTACKS."
05894AC5,"That hurts!"
059DB6BB,"Hey, over here."
05B76373,"COLLECTIBLES"
05BAA284,"Faith: So when am I getting a real run, Noah?"
05BB5135,"Automated Voice: Attention! All verifiable reports of Runner activity in Centurian Yards will be rewarded."
05BEBC22,"Noah: Birdman will be glad to see you. He’s one of the few things that hasn’t changed at all."
05C6E07A,"Obtain SCRIPS by scavaging parts from different terminals in the city, stealing them from KrugerSec personnel, or taking on DELIVERY MISSIONS "
05CCFA1F,"Faith: Alright, it’s off."
05D218AE,"$XXX,XXX.XX"
05D610BB,"STEAL SECURITY CHIP"
05E657F3,"RPM SERVICE MANAGEMENT"
05F93C0D,"There is so much to do, you wouldn't believe."
060C0D23,"Rewarded for completing Into the light"
06117725,"STREAMS TEAL"
06162E02,"Dogen claims that Noah could still be alive. If that's true ISABEL KRUGER might know more, and you should talk to her to find out more."
0627FDBC,"Thank you Tristan. Be safe, my love."
06415E73,"I don't know what to do."
0665EBF9,"We just need to get enough people to hear the message. "
066E0CFE,"Icarus: I do. This."
0673BA4F,"STUN ADVANTAGE"
0674E47E,"Faith: Crap! The guy just showed up!"
067BD752,"UP"
0682F700,"Plastic: Can I keep the drive? I want to study the blueprint."
0683EB1A,"Icarus: Hey, let’s all just accept that I’m the better runner."
06AD29CA,"GLOBAL COMMUNICATION GROUP"
06BF5DDF,"Nomad: Yeah, look."
06C56E11,"MAGROPE"
06DD719B,"TIME TRIAL"
06DF4E88,"Excellent. Just lead them away from here."
06EE0611,"+ Main Mission: Encroachment + Dash + Fragile Delivery + Covert Delivery + Diversion"
06EF34D3,"I have the whole afternoon off, just for you."
06F3F2B3,"WAYPOINT TUTORIAL"
06F8602C,"CERTIFICATION PROJECT MANAGER"
06FBCE6C,"Hey... You’re not. "
06FC7E65,"FIBER WEAVE "
070AE65B,"Noah: Keep going, Faith. They should give up soon."
0715BB05,"The MAG Rope hooks onto special red attachment points, allowing Faith to swing across gaps. Faith raises her arm to indicate she's within range to use it.  {0:input}(HOLD) TO ACTIVATE"
0723792F,"KEY BINDINGS"
07344101,"DICE OPERATIONS QA"
07352B7B,"Move along."
073AB90C,"GLITCH KEY REQUIRED"
0741A71C,"This is where we used to talk. "
0744FBC4,"COMPOSITING"
074515DA,"COMPOSITORS"
075048D9,"HOLD {0:input} to swing."
07566863,"{0:s} BEAT YOU ON {1:s} WITH A TIME OF {2:time:mm:ss:ff}"
077373A6,"Nomad: Faith, please! Find a safe house. Now!"
0779846D,"You must place the first checkpoint closer to the marker."
077C597E,"+ Main Mission: Benefactor + Side Mission: The metaGrid + GridNode: Downtown + Intervention + Diversion"
0780FFFA,"UX LEAD"
07876799,"Plastic: Woah!"
07949BF4,"Kruger’s daughter been kidnapped."
079898C1,"Oh, man. Two weeks. And this happens."
07A0C245,"SECRET BAG +{0:d} XP"
07A3533F,"Dogen: It should be right in front of you."
07A4EA50,"GLOBAL ANALYTICS"
07A8B3C7,"Aline: Possibly. I just don’t see how you can profit here."
07AB8C7E,"Birdman: And you did good time too. One thing left and we’re done. "
07B29DC4,"Let’s get her too. Doubled bonus."
07CC8F7A,"DIALOGUE BOOST"
07D1409C,"We’re done. Let’s go."
07D19C41,"City Alert escape"
07D5E207,"Dogen: I’ve sent out feelers to a few select business associates and should hear back within a few days. I look forward to putting this unfortunate episode behind us."
07E197AF,"RESTART CHALLENGE"
07E1E2B8,"Rebecca: And it works! Well done, Faith! Watch out for KrugerSec’s response team, when you go back down. Seems they sent one based on the earlier sighting."
07EB2836,"Almost done here. Just a little longer."
07EC40F4,"Faith: I missed you."
07EE840C,"Icarus: Damn, that’s impressive ..."
07F19A8C,"That's a good girl."
07FBDE15,"TALK TO BIRDMAN"
0809AC8C,"I don’t know. I don’t feel very amazing. "
0813E4C3,"Noah: I’ve upgraded your Beat with a map mod of Glass. You’ll need it to get around, and to find the smaller runs spread out across the city."
08345BD1,"I met with Rebecca yesterday. She was acting cagey about something. Wouldn't tell me what."
083775D4,"THE STORAGE DEVICE WAS REMOVED DURING USE. DELETE FAILED."
08396233,"PRISONER X"
084C2536,"ADDITIONAL TECHNICAL DIRECTOR"
0859502D,"Noah: (static)--all runners--(static)--away. KrugerSec is raiding us. (sounds of gunfire, commotion)"
0867921F,"Nomad: Good. See if you can find a way inside."
087334AA,"Plastic: Seems you tripped the sensor after all. I’ve silenced the alarm but if you do it too many times I won’t be able to contain the signal."
087555FF,"Start Replay"
087F3B8E,"MUSIC LICENSING MANAGER"
088531E9,"RUNNER KIT AVAILABLE"
088AFE0B,"Go to Zephyr Station"
088AFE2C,"Upload the virus"
088AFE2D,"Follow Cat"
08914A19,"HEAD OF PRODUCT MARKETING GSA"
08916EA0,"HEAD OF PRODUCT MARKETING PEM"
089184A7,"HEAD OF PRODUCT MARKETING UKI"
08972B89,"ADDITIONAL SOUND DESIGNER"
089BDAD4,"{0:d} XP gained!"
089D96AF,"Plastic: Here we go ... Go to the next one - hurry!"
08A5FED7,"Is everything OK? You seem nervous."
08AEF971,"Icarus: Faith! Faith, if you hear this - Rebecca is moving Isabel to a safe house above ground. Your sister really can’t breathe down here. There’s something messed up with her lungs. I’m going with them, but I’m not sure what Rebecca--"
08B4A2F4,"SENIOR MANAGER BUSINESS ANALYTICS"
08C4EAA7,"Faith: The what?"
08CD9766,"MISSIONS"
08D17797,"How's the work coming along?"
08DAAF54,"BRAND QUALITY ASSURANCE TESTERS"
08F3707F,"RESTART MISSION"
08FCF05A,"Faith: That’s useful."
091550FC,"NEW UPGRADE POINT"
091AE88B,"Aline: Plastic, have you ever been wrong?"
09265A5D,"Plastic: I’d ask you to describe the room, but I guess you’re busy. Are you busy? No, sorry. Forget I asked. I’m sure you’re very busy since you’re not saying anything."
093BA0DC,"ASSC. ANIMATION DIRECTOR"
093EE532,"Icarus: It really sucks just being here watching ..."
093F915E,"AT A GLANCE:  Pirandello clothes the citizens of Cascadia. They set the trends, decide the latest fashion, and further cement the strata in society by offering different clothes ranges to the Corporate Houses and regular employs, making sure the House range is priced way above the pay-level of a regular employee. The clothing lines are complemented with beauty and hygiene-products in the same price-ranges. In Cascadia the way you dress and smell is an immediate class identifier.  CURRENT CHAIRMAN: Carla Pirandello TOTAL MARKET SHARE: 3% NUMBER OF EMPLOYS: 1 994 319 as of FY48 MAIN OWNERS: House Pirandello CORPORATE SLOGAN: “Dress for Success!” MAIN SUBSIDIARIES: Noztrum, Evade, Pirandello roughSpun, Cyclon FOUNDED: FY18"
094CE64F,"Plastic: Did you find those pipes yet? From what I can see the aperture should be large enough for you to squeeze through."
0955A7D3,"Skilled freeclimbing"
0956E60B,"Control! I've got Carpenter! Submit!"
09600EFC,"Noah: Judging from their comms they’re about to give up, Faith. You’re almost safe."
0966A079,"Faith: There. It worked! It’s shutting down."
096EB967,"DOCUMENTS"
09722034,"Henchwoman: Yes. Yes, he will. Now, run along."
0974D3BE,"INSTALLING MISSION... {0:d}%"
097A6093,"Development Zone secret bags {0:d} / {1:d}"
09814700,"I’m over here."
09841022,"Long stumbles cause KNOCKS to do high damage"
0985E07D,"THE PLAYER PROFILE DATA IS DAMAGED AND CANNOT BE LOADED. DO YOU WANT TO RETRY?"
098AF179,"I have a friend who has a friend who has a cousin who has a friend who knows somebody."
098C2A47,"Rewarded for completing Georges' Garrison"
09919449,"SCANLINE ORANGE"
0999B9EF,"Nomad: Alright, I’m in position. I’ll wait for you here."
09B71EB5,"Henchwoman: Let me repeat the main requirement: Don’t be seen."
09B7A9AF,"Advanced graphene based undershirt. Capable of dampening both projectile and blunt trama."
09B7AEBE,"Locate the computer that holds the blueprint data and hack it."
09BB62EF,"Jumping and Vaulting"
09C2C2D1,"RESEARCH MODERATOR"
09C8A525,"Automated Voice: Attention! Interaction with Runners is a breach of Conglomerate policy and will be punished with deportation to the Greylands."
09E94871,"Faith: Just what I thought. I’m getting them out, Dogen. The fire alarm should do it."
09EE6FA8,"Shimmering Heights"
09EE6FA9,"Crystal Valley"
09EE6FAA,"Eden Village"
0A05FAEE,"PLAY STORY"
0A08868B,"FRENCH"
0A17A45A,"Icarus: Keep it up until you get it right. I don’t want you covering my back if you can’t fight properly."
0A1D83AC,"Downtown"
0A2D584E,"ASSOCIATE PRODUCT MANAGER"
0A4AA0BC,"They're raiding the Lair, Rebecca. "
0A7AB786,"It’s been a long time. Let’s catch up later."
0A94A73D,"Faith: Yeah, we’ll leave, soon."
0A97705D,"Containment Cell Emergency Release procedure initiated. "
0AB3C9FB,"ARCHITECTURE"
0AB91E76,"Run a Dash"
0ABCF456,"Icarus: You don’t want to end up like those guys."
0AC011EA,"SENIOR PRODUCT MANAGER UKI"
0ACCA932,"Plastic: I never said you weren’t! I thought I could control the gridNode through AllCom but the firewall wouldn’t allow it!"
0AD87E46,"VP DIGITAL BUSINESS & FRANCHISE MANAGEMENT"
0AE9DFA9,"Meeting begun. Don’t come back here with KrugerSec on your tail now, you hear."
0B016D0E,"Citizen: Thank you. Thank you so much!"
0B08CF15,"RUNNER'S VISION"
0B157B26,"Receiver location uploaded. Payment upon delivery. Good luck."
0B198199,"CREATE BEAT L.E."
0B1D82A7,"Development Zone South"
0B1D82A8,"Development Zone North"
0B30A3BB,"Plastic: Get further down. See if you can find ventilation or maintenance access."
0B333A33,"Await your turn, employ."
0B3FBC9C,"Don’t loiter. Move."
0B514626,"But the auditive effects are strong enough to warrant further research, don’t you agree?"
0B6842EC,"+1 CRITICAL STAMINA REGENERATION  Regenerate an additional stamina over time after recovering from a CRITICAL STATE"
0B798D0F,"GERMAN"
0B7A3CD5,"Plastic: That’s due to the change in air density. I just looked it up. Oxygen content will go down as well, but that’s not a serious problem below 18000 feet. And you won’t go that high."
0B7D6500,"Damn it. I was hoping to cheer her up. Guess I’ll have to find another way."
0B8EE5FA,"Noah: Faith, are you there?"
0BA14AE4,"Plastic: Great! I’m ready!"
0BACA1B3,"Icarus: Just keep moving!"
0BC6A6B7,"Icarus: Damn it ... We need to disappear, Faith. I talked to Rebecca Thane and she’s offering us sanctuary."
0BC9876D,"ENGAGEMENT MANAGER"
0BD83D12,"Icarus: You’re already higher up than any runner in Glass has ever been. "
0C019C4A,"Help plastic expand her metaGrid access"
0C0C50E5,"POST PROCESS QUALITY"
0C111BF1,"who can help us if it comes to that. "
0C122093,"Icarus: Faith, I hear gunfire! We gotta move faster!"
0C127C7D,"Nomad: No worries. I’ve marked the nearest antenna on your beatLink."
0C1A6479,"SENIOR PROGRAM MANAGER"
0C25BF3E,"OFFICE MANAGER"
0C29501C,"ADDITIONAL SOUND EDITING"
0C445C4D,"PERSISTENCE DESIGNER"
0C4A14FE,"VISUAL ADJUSTMENTS"
0C5624A4,"Faith: I asked nicely but he wouldn’t step aside."
0C5CD61C,"Noah: The less we know about that the better. "
0C6DDAA7,"RED {0:d}"
0C6DDAA8,"BLACK {0:d}"
0C6DDAA9,"SILVER {0:d}"
0C6DDAAA,"GLASS {0:d}"
0C6DDAAB,"PLASTIC {0:d}"
0C78C9FD,"Icarus: Yeah, it can’t be easy being a regular employ these days. I almost pity them."
0C886981,"LOCALIZATION"
0C91B312,"AN IMPATIENT MAN"
0C9968E3,"No, Noah, listen to me! Listen, OK? You can't cut a gridlink like that without them noticing! "
0CAA26F6,"+ Billboard Hack"
0CAB4BC1,"Faith: What’s the Beat?"
0CC15529,"What happened?"
0CD41EB7,"Faith: OK. What to you need? You know what I won’t do."
0CD4B50F,"Henry is an idiot."
0CD59CE2,"{0:input} to purchase new upgrades"
0CF3DC0D,"Movement: SPRINGBOARD to WALLRUN to JUMP"
0CF6A303,"LOCALIZATION VOICE TALENT JAPANESE"
0CF7519F,"Opportunity Missions: {0:d} of {1:d}"
0D071915,"FIRST PARTY ACCOUNT MANAGER"
0D0C89E4,"Select Challenge"
0D15FA46,"ENFORCER"
0D1B1014,"REMOVE BOOKMARK"
0D36F6A4,"{0:input}, {1:input}"
0D3E039A,"SYSTEMS ENGINEERING"
0D472EC5,"SENIOR DEVELOPMENT DIRECTOR"
0D5D190A,"You failed. Scrap the mission."
0D60159F,"Plastic: There. Going up!"
0D6BAB2D,"Faith: I’m destroying the final sentry drone now."
0D6BB338,"COMMUNITY ENGAGEMENT"
0D7D515D,"Noah: Faith, I heard about the open window. Could just be a cleaner forgot, but I don’t think so. Be careful."
0D7EB0DF,"DICE OPERATIONS ANTI CHEAT"
0D81F2A7,"Icarus: Good idea. I have a feeling Rebecca won’t accept failure. Scary woman."
0D878EEE,"Unknown"
0D89C1FF,"Icarus: I didn’t even know about this place, what happened here?"
0D9B64AE,"CASTING DIRECTOR AND PRODUCTION MANAGER"
0D9C3397,"MAGROPE PULL-DOWN"
0DA2F818,"START {0:d} {1:f} {2:~} END"
0DC658C3,"Oooh, I have a bad feeling about this… "
0DCFA812,"BRIGHTNESS"
0DD475DE,"Faith: Or I just leave you for KrugerSec to find."
0DD79F92,"Automated Voice: Attention! Secure your own luxurious apartment in the soon to be completed Rezoning district by excelling at work. Today, tomorrow, every day."
0DD7DF75,"Nomad: I’d do it myself, but you were always the fighter, Faith. Would be nice to put one of those posts out of commission. At least for a while. Show KrugerSec who’s boss."
0E020285,"FRAGILE DELIVERY OPPORTUNITY"
0E084D54,"Should you be so inclined, there is a delivery pick-up available near your current position."
0E0AF060,"Rebecca: I said, subdue her!"
0E0D876A,"PROGRAM MANAGER"
0E1D264A,"INTERACTIVE EXECUTIVE PRODUCER"
0E2EF8B9,"AT A GLANCE:  The single remaining banking, investment and corporate law firm in Cascadia. WFYO is involved in all the other corporations to some extent, and some claim they are the ones wielding the real power in Cascadia. WFYO stands for Wanderborn, Fairchild, Yari and Olsen - the original founders. House Yari and Olsen have since fallen into disrepute and been removed from the Corporate Charter.  CURRENT CHAIRMAN: Salomon Wanderborn-Fairchild TOTAL (OFFICIAL) MARKET SHARE: 10% NUMBER OF EMPLOYS: 1 593 102 as of FY48 MAIN OWNERS: House Wanderborn-Fairchild CORPORATE SLOGAN: “We Make Money Grow” MAIN SUBSIDIARIES: WFYO Bank, WFYO Insurance, WFYO Legal, WFYO Capital FOUNDED: FY12 (the final merger)"
0E546509,"I’m over here."
0E568549,"Plastic: Thanks. Kuma will be happy."
0E58F0CC,"There we’ll get our vehicle and start the long drive to Aurora and what I hope will be a better life for us all. "
0E5E8B21,"Yes"
0E6D8FCC,"SAVING PLAYER PROFILE DATA. PLEASE DO NOT TURN OFF YOUR SYSTEM. "
0E824C3B,"Let’s be reasonable. Stop resisting and submit and we won’t beat the crap out of you, what do you say?"
0E831F58,"He was planning to escape."
0E850D52,"You have failed the tutoral. Restarting..."
0E9EACD0,"GAMEPLAY WEAPON ENGINEERS"
0EA5D557,"Nomad: Woah, that was fast. They've deployed a perimeter scanner. You need to leave. Now! Find a safe house!"
0EA8A908,"Rebecca: KrugerSec responding. Several VTOLs incoming. Everyone, get ready."
0EB8395B,"VEHICLE DESIGNERS"
0EBAF450,"Plastic: It’s not a question of if."
0EC387D8,"RUNNER TAG BACKGROUND"
0EC68E8E,"INTEL: GUARDIAN"
0ED91660,"Ah, you, runner. I’m over here."
0EDEC103,"OPERATIONS ANALYTICS"
0EF470CA,"Meeting is over. Give us a little more time to break it up."
0EF77F72,"UX & ONLINE SOFTWARE ENGINEERS"
0EFB5C38,"Nomad: Don’t take this wrong, but I prefer to paint without anyone looking over my shoulder, OK?"
0F0DF868,"{0:d} / {1:d}  ELECTRONIC PARTS"
0F213D42,"RUN + {0:input} RUN + JUMP + {0:input} WALLRUN / SPRINGBOARD + {0:input}  Shove enemies back with greater force, potentially increasing the damage they receive."
0F262BDF,"Faith: That’s too bad. The rest of the city could use a bit more of this ..."
0F26E32E,"FAMILY MATTERS"
0F305C2E,"What we do here. We’ll run. And you’ll run too. But it’s better there. "
0F72CCBD,"OPTIONS"
0F75C93C,"Delivery confirmed. And the oysters seem fresh according to scan. Well done. Maybe he’ll shut up about their damn “briny liquor” now ..."
0F7D9529,"SKY CITY, EXECS & FAMILIES. POP 4000"
0F8680B6,"HOLD {0:input} just before landing to perform a SKILLROLL"
0F868BD5,"Plastic: It’s concentrated to Anchor and the area around the Bauble mall. Now they’re disabling automatic emergency systems."
0F92E854,"Better understanding of KrugerSec tech allows Faith to scavenge better parts."
0F9EEE8A,"OMNISTAT GOLD"
0FAAA369,"Beatrix: It’s been a while, hasn’t it, Faith? Ours was one of the few honest conversations I’ve ever had. What happened to you?"
0FB3D29F,"GRIDNODE: DOWNTOWN"
0FC3BBD7,"EA CORE QA"
0FD2829B,"Icarus: That’s it. I give in. You are the better runner, Faith."
0FD6587E,"Automated Voice: Attention! All work in Residential Development Zone G has been postponed indefinitely. Evacuate the area immediately."
0FD8D45F,"LEAD MISSION DESIGNER"
0FDA3958,"Plastic: What do you mean kingdom? He’s not a king."
0FE97BDF,"Rebecca: Call me sir again and I’ll neuter you."
0FF549AD,"RESOLUTION"
0FFDFA88,"For that I am sorry. I never meant for any of this to happen. "
100670DC,"Faith: Any resistance work that needs doing? I’m in a revolutionary mood."
1024EF07,"OPEN SKILLTREE"
10291ED4,"Charter Hill gridLeaks {0:d} / {1:d}"
1037A7E0,"Oh, isn’t it? This conversation bores me, Kristian. "
1039373C,"Noah: It’s good to hear your voice, but keep moving. We need to get K-Sec off your tail."
103ECF4E,"Aline: Plastic, are you-- no, wait, sorry, that might actually work, Faith. It seems to be your only option."
104347DA,"DICE OPERATIONS CORE DEVELOPMENT"
104B97C6,"Make Public"
104C5294,"EVENT MANAGER"
105086B7,"Beatrix: Next place is his little hideaway apartment. I know he takes her there all the time."
107262FD,"Aline: No, it’s not, Plastic. Glass is just the testing bed. If Reflection is successful here, the Conglomerate will make it mandatory for all employs in Cascadia. It will eradicate what little personal freedom there is left."
107C2B6D,"QA COMPLIANCE TESTERS"
1084872D,"BACK IN THE GAME"
1088EF37,"Nomad: Getting those chips will mean the world to the outCaste."
10A0E5F5,"Thanks, whoever you are. Probably best if you cleared out. I’m gonna go as soon as I’ve caught my breath. Thanks again."
10A19F81,"I am happy to see that there are still people not driven by greed. If we succeed in delivering her these, she has promised she will build us next-level initiators for our remotely controlled ... items."
10A24B72,"LIGHTNING ARTIST"
10A487B9,"NOT HACKED"
10A94C18,"SUPPORT SERVICES"
10B063C1,"CHECKPOINT {0:d}"
10BB8198,"SENIOR PROJECT MANAGER"
10BCD097,"Faith: And he’ll get it."
10C0645D,"{0:time:mm:ss}"
10C4764F,"COMBAT"
10D22766,"Kruger: We’ll see. Amplify the signal. And is that recorder still running? Shut it off."
10D27EEA,"Icarus: Careful, Faith!"
10F2D177,"Rebecca: Remember people, we are the voice of the downtrodden. Let the Conglomerate hear them shout."
10F35695,"VOICE TALENT"
1107275E,"Noah: For some."
1108B22F,"Plastic: No! The train is just leaving! You’ll have to wait for the next one."
110A320B,"MANAGER UX RESEARCH"
112F2082,"Maybe you can help me out, Faith?"
114859DF,"Plastic: I’m thinking of hooking the whole metaGrid up to the Beat. As a sort of fail-safe if we can’t stop Reflection."
114F7752,"DEVELOPMENT ZONE"
1159C603,"What?"
116A6E4C,"Noah: Yeah ... She takes after her parents ..."
117DD13E,"Rebecca wants to LISTEN in on KrugerSec communications and she needs your help. Climb to the top of the tallest ANTENNA in Rezoning and place Rebecca’s tap there. And watch out for KrugerSec patrols."
1190ECCC,"Birdman: I thought you were gonna help me."
119798E7,"Nomad: OK, now we need that first handful of chips delivered."
1197D0A8,"Ah, of course. And the funding. Well, I guess someone screwed up then."
119F15F1,"Go to the KrugerArms building"
119F1602,"Enter the KrugerArms building"
119F1666,"Jump and grab onto the drone"
11C81E76,"Plastic: Are you out!? You need to get down from there. And fast."
11CC9137,"PRESS LEFT and ATTACK to move enemy"
11D63834,"Apparently a friend of his at KrugerSec told him they’re planning a massive presence."
11E03EDF,"Get up. I’m not done."
11FD0B0E,"{0:d} / {1:d} Collectibles found"
11FD318C,"Faith: You could be anyone."
120DB2F9,"Birdman: Maybe I should shoot some KrugerSec for sport ..."
1227A29F,"Noah: Do your part and let Faith do hers."
122F079E,"RSHIFT"
1236D949,","
125E9D9F,"Sometimes when I think of you, "
126381ED,"It’s like there’s something in the air. Something building up. "
127205B6,"Noah: Faith, Nomad, what’s happening?"
127408F7,"COMMUNICATIONS INTERCEPT #7492 LOCATION: N/A  TRANSCRIPT:  VOICEPRINT MATCH: REBECCA THANE OK, Tristan, the scrambler is active now. They might listen to what we say, but they'll have no way of locating us.  VOICEPRINT ASSIGNED TO DATABASE ENTRY: ""TRISTAN"" Wonderful. How long will it last?  REBECCA THANE We have a few minutes. The scrambler will alert us if we’re being geo-located. It's new tech. I had that wonderkid in Anchor build it, but I had to use a proxy. She won’t deal with us directly. The K-Sec is busy on the rooftops these days and I guess she doesn't want the extra attention.  TRISTAN She'll come around. Speaking of busy ... The information about the Elysium job checked out. Somebody broke in. They must've stolen something really important too, considering the buzz all over town.  REBECCA THANE Any idea what?  TRISTAN None yet. I'll look into it, and whoever pulled the job off. I miss you, Rebecca. See you soon.  REBECCA THANE I miss you too. Be safe, Tristan.  END OF TRANSCRIPT"
127408F8,"COMMUNICATIONS INTERCEPT #8499 LOCATION: N/A  TRANSCRIPT:  REBECCA THANE Ok, I'm here, Tristan.  TRISTAN Nice hearing your voice again. How are things below?  REBECCA THANE Some days I miss the sun so much.  TRISTAN Yeah, well, I don't see much of it to be honest. KrugerSec is scouring the rooftops looking for whoever pulled the Elysium job. Finding information is hard.  REBECCA THANE Anything?  TRISTAN I've had some luck. Seems like one of your old friends set it up.  REBECCA THANE Noah?  TRISTAN Yes. But he didn't send Icarus this time. That kid he raised, Faith, is out of juvie. She did the run.  REBECCA THANE I don't understand. It all smells of the kind of thing Noah would never touch.  TRISTAN Maybe Faith didn't know that?  REBECCA THANE Well, she always was headstrong.  TRISTAN I'll try to get in touch with them, see if they will tell us more.  REBECCA THANE Thank you Tristan. Be safe, my love.  END OF TRANSCRIPT"
127408F9,"COMMUNICATIONS INTERCEPT #8591 LOCATION: N/A  TRANSCRIPT:  TRISTAN It’s madness up here. I was on my way to see Noah when it happened.  REBECCA THANE What happened?  TRISTAN They're raiding the Lair, Rebecca. I've never seen so many KrugerSec in one spot, not since the November Riots.  REBECCA THANE Oh, no ... Noah?  TRISTAN I wouldn't get my hopes up.  REBECCA THANE Did you see Faith? Or Icarus?  TRISTAN I don't think they were there.  REBECCA THANE If they’re still alive they will be distraught. Noah was like a father to them both. I will contact Icarus and offer them sanctuary. And you, avoid K-Sec! I don't want to lose you to this.  END OF TRANSCRIPT"
127408FA,"RECORDING #68392 LOCATION: OMNISTAT TUNNELS, EXACT COORDINATES UNKNOWN  TRANSCRIPT:  REBECCA THANE I've missed you.  TRISTAN Then don't send me away on all these errands.  REBECCA THANE You know I wouldn't trust anybody else with this.  TRISTAN How is she holding up?  REBECCA THANE Faith? Better now, I think, after we got Kruger's daughter. She deserved at least some revenge.  TRISTAN Will she hold it together?  REBECCA THANE Honestly, I don't know. First her parents and her sister. Now, Noah. It would break anyone.  TRISTAN Yeah ... You know, there are times when I ... doubt what we’re doing. Is it worth it? Really?  REBECCA THANE Of course it is, my love. This nation breaks everybody in the end - everybody but us! We must not allow any doubt. The employs might not understand or accept it, but we are all they have. Things will change, Tristan, we will change them.  END OF TRANSCRIPT"
127408FB,"RECORDING #10932 LOCATION: OMNISTAT TUNNELS, EXACT COORDINATES UNKNOWN  TRANSCRIPT:  REBECCA This is where we used to talk, where we used to make love - the only place we could call our own. We had to snatch moments where we could. This world doesn't tolerate love. There is no room for it anymore. That's just one of the things you took away from us.  Sometimes when I think of you, it's as if my whole body fills up with nothing but the blackest of hate. I don't want to be like this, but it's what you've turned me into, Kruger.  I didn't have much, but at least I had Tristan. He was my light, something to cling to when the world became too suffocating. And now you've taken him too, leaving me with nothing but this damn hate.  I know you're listening, and I promise you this, Kruger: You will feel my loss. I will take everything away from you. I will leave nothing. Do you hear me, Kruger?! Nothing! When I am done, people in Cascadia won't even dare remember your name, except in secret moments of shame, when they think back on the wrath you brought down on them. I will make you pay for what you've done. To us. To me.  END OF TRANSCRIPT"
12764B80,"You know…"
12794934,"MERCHANDISING"
1279CDEA,"Beatrix: Not for much longer. I hope."
12845896,"Why? Should we cancel?"
1289AF3F,"Rewarded for completing With Bells On"
128F1941,"GHOST YELLOW"
12A492B8,"KrugerSec is scanning the apartment! Abort and extract!"
12A93BB2,"ABORT MISSION"
12AEA489,"PROJECT MANAGER"
12BC1343,"Icarus: Faith, if you can beat my time on this dash I’ll promise to shut up about you being fresh and all."
12C3B285,"Faith: No."
12D67CE9,"Any runner out there willing to do a delivery?"
12D750E0,"ASSET LOCALIZATION"
12EF5D49,"Faith: Got it."
12F1AA68,"Plastic: I don’t understand why people go to art museums. There’s no logic to them and--"
12FC4489,"Plastic: Now get out. I’ll start the decryption."
12FF01EB,"Good meeting. Our new associates extend their thanks. We’re transferring the payment to you."
1307AD0A,"Get out of my sight before I cut you up for stew."
1307AD0B,"Faith, I'm not in the mood. Do you have the blueprint?"
1307AD0C,"No ... And I need a favor."
1307AD0D,"And a new home, from what I hear. "
1307AD0E,"Do you also find it mystifying that I keep on giving and get nothing in return?"
1307AD0F,"Please. I need to find a facility called Kingdom. "
1307AD10,"Noah is being held there."
1307AD11,"Kingdom ... The Conglomerate's dirty little secret."
1307AD12,"Do you know where it is?"
1307AD2A,"I-- I’ll run for you. Five years. No questions asked."
1307AD2B,"Ten years! Twenty?!"
1307AD2C,"You won't live that long."
1307AD2D,"Go to Rezoning ... And dig your way down. "
1307AD2E,"That's where you'll find Kingdom."
1307AD2F,"Thank you."
13106DB8,"Leech down. Clear out."
131E8531,"DECLINE"
13274FF5,"RUNS"
132CF834,"Nomad: You’re almost there! Keep it up!"
13316DF8,"SHIFT"
1332E5C7,"Triumvirate Drive gridLeaks {0:d} / {1:d}"
1348A5C6,"Faith: It is. I have to talk to her."
13549872,"{0:time:mm:ss.ff}"
13661F66,"Icarus: Got it."
136B796C,"EXCERPT FROM “A VISITOR’S GUIDE TO GLASS”:  Sky City is a promise, a dream made manifest. It stands as a true paradise and represents the latest in architectural achievement. Built on a vast artificial island, Sky City forms the base from which The Shard tapers off into the clouds. Thirty thousand people call Sky City home, and living here is reserved for the few employees willing and capable to rise all the way to the top. It stands as a physical representation of the promise made to every single Cascadian employ: Work hard and you will be rewarded.  [Note: Sky City is closed to the general public and only residents, authorized service personnel and visitors possessing a valid Visitor’s Pass are allowed entry. To obtain a Visitor’s Pass you must provide a Corporate House sponsor. Unauthorized access is grounds for contract termination.]   AREAS OF NOTE:  Arrivals Atrium  The Shard"
138C228F,"Skill Move: CLIMB to QUICKTURN to JUMP"
13A2797E,"GM FRANCE & BENELUX"
13B5348A,"Beatrix: Peter ... likes to argue with his fists."
13B898CA,"Plastic: The bug might be, but Faith isn’t. Expect some company when you’re there, Faith."
13B946B8,"Noah: Faith, if KrugerSec is chasing you you can lose them by going to a safe house. Or back here at the Lair."
13BA9A22,"BENEFACTOR"
13CB1C03,"THE LIE"
13D49571,"Dogen: Excellent. Go to the top, release the tuned mass damper, and we’re good. For now."
13D72001,"Nomad: Great. Keep it up!"
13F02968,"PLACE TAG (TOO FAR AWAY)"
13F9DFB4,"{0:input} to jump to facade, bar, pipe or ladder  {1:input} HOLD to descend quickly {1:input} HOLD to slide into a ladder or pipe from above  CLIMB on facades, bars, pipes and ladders"
13FC1F75,"CAUGHT IN THE WEB"
13FC4EDB,"It might."
140AE633,"Plastic: I’m subverting the controls now. Try not to miss the train this time. It’s a real hassle accessing these things."
140B2C70,"MISSION FAILED!"
140EB144,"Nomad: The less you know the better, Noah. It’s for a good cause though."
141A94D6,"Combat Basics"
141D81AF,"THREAT BONUS"
1422B744,"FREE RUNNING 2"
14240052,"HUMAN RESOURCES"
14240075,"IT"
1424016A,"QA"
1424021E,"VP"
142D275A,"You've found THALIA. She's also dead and her message capsule is missing. Hopefully it can be found somewhere nearby."
1435126D,"EA RELEASE AND PRESERVATION MANAGEMENT"
14467824,"SENIOR VIDEO & MEDIA DIRECTORS/EDITORS"
14510821,"SENIOR DIRECTOR COMMUNITY ENGAGEMENT"
14524C20,"Plastic: I’m making progress Faith, keep going!"
14535237,"Reach and subvert the CCU at the top"
146E18C8,"Icarus: Almost there! Make the jump!"
146E397C,"I have a ... friend in one of the other cells. This package actually contains a flower. I know it’s a bit over the top, but she said she’d never seen one and I thought ... well, please deliver it for me. But be careful. It’s quite delicate."
1472E30D,"MOTION BLUR ENABLED"
14906F24,"CONTROLLER SENSITIVITY"
14A00D4D,"AWESOME!"
14A61301,"SPECIAL THANKS"
14A6E882,"Impact Attack upgrade"
14AE5C0E,"-"
14B9E959,"Dogen was contacted by his long lost sister, but the message is cryptic and vague. Dogen needs you to find clues to figure out what happened to her."
14BDB1E7,"No, I know that I would want to spend my retirement in a luxurious regatta bay apartment, you know, with the big wide screen TV and all that kind of stuff, not in some grey land hovel."
14CCB107,"ONLINE TEST GROUP - QA ANALYSTS"
14DC2429,"Locate the first Sentry Drone crate"
14DC242A,"Push the crate off the ledge"
14DC242B,"Move on to the next crate location"
14DC242C,"Open doors to leave area"
14DD9488,"Faith climbs pipes, ladders & pipes faster."
14E34741,"PRODUCT MANAGER FRANCE"
14E3887E,"Noah: We’ve got it covered. Faith, you should be coming up on an old warehouse soon. Get inside and we’ll take it from there."
14EF4645,"SOCIAL AND COMMUNITY MANAGER ITALY"
14F1E153,"Yes! Yes, yes, Haggard is totally right. We should absolutely liberate it."
15030E0E,"MESH QUALITY"
15084BB9,"Rebecca: Are you still here?"
150E33DD,"VOICE TALENT"
1518D006,"Nomad: Slight change of plans. K-Sec just sent another bunch of patrols to the area, and the contact couldn’t get to where you are. She’s waiting nearby, but you’ll have to run through those patrols to get to her."
153163B0,"SILVINE SYSTEMS"
15511926,"but until that time comes you should wait."
15679F1A,"SENIOR REGISTRAR"
156D4BEC,"SERVICE DELIVERY"
157A5030,"DICE OPERATIONS"
1586DCAD,"You failed, huh? Damn. I spent a lot of time making that."
15927D8E,"Dogen: And let me throw in another bone for you. Destroy Reflection and I will give you the drawing. I considered cancelling your debt, but then you’d have no reason to come visit ..."
159DF530,"STUDIO LEADERSHIP"
15A54A20,"Perform an ENVIRONMENT COMBO"
15AF85A6,"EA DIGITAL PLATFORM STRATEGIC PLANNING AND ENGAGEMENT"
15BCC78B,"LEVEL DESIGNERS"
15BD4A99,"Faith: Seems I lost contact with Beat."
15BDEA40,"Plastic: And the alert has been triggered. You should get away from there."
15BE87B8,"TELEPORT"
15CAD060,"So what have you got to say for yourself, leech? Quiet one, are you? We’ll see about that!"
15CCDE46,"Plastic: See!"
15CEE5A8,"Delivery failed. Payment not authorized."
15D0F79D,"That was close. Thank you so much."
15DC151D,"Hey runner! I'm over here. Quick, before anyone sees you!"
15E14109,"FRIENDS"
15E7DA19,"So a gun-toting, daper gent, culinary wiz is gonna help us sell the gold?"
15FDE3E0,"{0:input} HOLD while falling  Readying her body before hitting the ground lets Faith soften the impact and avoid losing FOCUS SHIELD or all her momentum"
161B1DE2,"Development Zone electronic parts {0:d} / {1:d}"
16224881,"You saved a fellow runner from being beaten up by oppressive people."
16335E58,"GLOBAL PLM PROJECT MANAGEMENT LEAD"
163E2D4D,"STEAL CONTROL CHIP"
1640569F,"{0:input} HOLD close to the POINT OF IMPACT {1:input} during slide to quickly roll out of it  Roll out of a LANDING or SLIDE to retain high momentum and gain FOCUS SHIELD"
164DED86,"Package pick-up confirmed. Deliver it unseen and make yourself some scrip."
165A81A2,"Faith: Plastic decrypted the drive. It contains the complete blueprint for Reflection."
165C8C11,"THE WALT DISNEY COMPANY"
165CD6DA,"Rebecca: Then don’t make light of our struggle."
166D459A,"Faith: Noah, has Icarus connected to a gridNode?"
169C6687,"DOWN ACTIONS"
169CD96C,"Dogen: Silver Pond is one of the up-and-coming neighborhoods. Very current. I wonder why she is hiding there. I wonder why she is hiding at all."
16A03501,"MONITOR"
16ACF16A,"GRIDLEAK"
16B05550,"Plastic: Of course it hurts. The nanites were connected to your nervous and limbic systems."
16B6E1DC,"Plastic: Faith. Can you expand my metaGrid access where you are? Seems the Conglmerate is using oldTown as a storage area for a whole group of metaGrid servers. It’ll be just like what you did before."
16BB4391,"RPM SRVICE MANAGER"
16C550B5,"Dummy"
16D664A0,"Icarus: So it seems this is your lucky night."
16E242EC,"EA INTEGRATED COMMUNICATIONS"
16FFCA57,"Talk to Nomad"
1702F6E0,"Plastic: You won’t find any of those points in here, Faith."
17043D2D,"Meet Icarus near Elysium"
17043D4E,"Evade the VTOLs and return to the Lair"
17043D4F,"Return to Noah"
170564E8,"Hey ... It’s me."
17087925,"I have?"
17089BB5,"GRIDNODE: THE VIEW"
1709930C,"Didn’t we tell you to keep KrugerSec away from here? Well it’s a fine mess now."
171C56F8,"Noah: Faith. Don’t get involved. I told you this is happening all the time. It’s not your fight!"
171DCD6B,"INCREASED DAMAGE for DIRECT Heavy Traversal Attacks   Affects following attacks: • Wallruns • Vaults • 90 degree swings • Springboards"
1722BC2E,"Plastic: There! They’re open!"
17386F60,"Faith: I’m ready, Noah."
17413084,"Nomad: And I’m done. Getting out of here now."
174EE42B,"I have a right to be here!"
174FB705,"DIVISION PROMOTION"
1750502A,"Faith: There’s something wrong with this!"
175CBE94,"A Halftone Echo effect with normal colors"
175D5680,"{0:input} UP or DOWN to move on pipes"
17622896,"Halftone Echo"
176B6A53,"ORIGINAL MUSIC SESSION COORDINATOR"
176D9FF4,"Rewarded for collecting 30 recordings"
176F0588,"And I’m in the clear. Thanks, Faith! You should’ve seen some of the clothes in there. Saw a pair of pants I think you’d like. Anyway, I’ve sent some scrip to you."
177309F6,"GHOST GREEN"
1773158C,"TECHNICAL GAMEPLAY ANIMATOR"
1779BA07,"They locked her up in juvie. One year sentence."
1780E5DD,"SECURITY DRONES"
1787F367,"Faith: Alright. I got the first chip."
17935CA5,"PRODUCT RELEASE DIRECTOR DIGITAL PUBLISHING"
179498CE,"Triumvirate Drive North"
179498CF,"Triumvirate Drive South"
179498D0,"Concord Plaza"
179498D1,"Charter Hill"
1794E9E6,"GROUP ART DIRECTOR"
1794F735,"Press {0:input} to stand up"
179A6B5A,"Faith: Already did."
179E8463,"Regatta Bay"
179E8464,"Ocean Pier East"
179E8465,"Ocean Pier West"
17A13AFB,"What are you going to do with your retirement? "
17B871F5,"MANAGING DIRECTOR"
17BEFB03,"+ Dashes + Billboard Hacks"
17C347D3,"Rebecca: You can say that again when you’ve been doing this all your life, Icarus."
17C3DAA8,"COMBAT RUNNER KIT"
17C5EC1C,"GLOBAL INTERNATIONAL PUBLISHING ORGANIZATION COMMUNICATIONS"
17CB7E5F,"Drone: Employ 0451, you are in breach! Stop and submit!"
17CFE6CC,"That's a lot of gold. Must be worth a ton of scrip."
17D4E1F0,"Plastic: No. It will fall."
17DC3527,"Alert. All units, code black. Escape attempt in progress."
17DCC14C,"Faith: Never mind, I’ll do it."
17E0594D,"THE SHARD"
17E3C457,"SOCIAL AND COMMUNITY MANAGER APAC"
17F5191C,"LOAD CONTENT"
17FECFBC,"Dogen: I admit that Reflection intrigues me. The Families certainly spare no expense in promoting it. And yet no-one will say what it actually is."
18079B19,"Faith: She did."
182130AA,"Yes."
1823E190,"Reach the Anansi Emporium"
1823E191,"Find a way into the Anansi Emporium"
1823E192,"Find a way to evacuate the employs"
1823E193,"Locate and activate the fire alarm"
1823E194,"Make your way to the top of the building"
1823E195,"Disable the first support clamp"
1823E196,"Disable the second support clamp"
1823E197,"Disable the third support clamp"
1823E198,"Escape the building"
1823E1B0,"Make your way down"
1823E1B1,"Find a way to safe ground"
183DA27F,"{0:input} HOLD while falling to do a SOFT LANDING."
18407514,"Plastic: And then there’s something about the limbic system that I don’t get. Yet."
18411B92,"+1 STAMINA  Light anti-trauma undershirt. Fairly common Runner gear that allows Faith to take an extra hit."
18454555,"I wonder if it’s really that terrible out there."
18510413,"LINE PRODUCER/MOCAP SUPERVISOR"
18608ACA,"DICE OPERATIONS PRODUCT LAUNCH"
1860EA3E,"I've had some luck. Seems like one of your old friends set it up."
1862A042,"Dogen: That blueprint is worth exactly nothing until, one: I get it. And two: I sell it."
1883E62B,"SIDE MISSION"
188D0B4D,"Rewarded for collecting 30 documents"
18904EC3,"Rebecca: Black November intends to create a society where everyone contributes equally, which is matched by everyone being equally valued. The Families claim we’re trying to rebuild OmniStat, but that’s just not true."
18910A14,"Automated Voice: Attention! Report your overtime to your manager and you will be entered into the lottery for Anansi and Pirandello merchandise."
1892754F,"TRIANGLES TEAL"
1899888D,"Hello, Isabel. I'm sorry I haven't been around lately. "
189DF5A6,"AMERICAS PUBLISHING ORGANIZATION MARKETING"
18B569E6,"You should really see this."
18B80DE6,"Alright, so, since you have a plan for everything, how do we convert this goal into actual scrip? I don't know one single realtor who'd trade an apartment in Regetta Bay for pure gold? They'll want scrip."
18C1B7D6,"It seems you have completed the assignment as requested, and this successful delivery has now been registered with the system. Please accept this humble remuneration for your efforts and watch your feet. The rooftops are not to be trifled with."
18CFB7C2,"Nomad: Don’t lose focus, Faith!"
18F0139F,"LIGHT TRAVERSAL DMG ++"
1916F577,"MY COMPUTER"
1920A00C,"ASSOCIATE QUALITY DESIGNER"
19248A99,"Ok, I'm here, Tristan."
1932C73C,"{0:input}, {0:input}, {0:input}   Get 3 free Light Attacks on STUMBLING or STUNNED opponents"
1937696F,"Plastic: I think one of your runner friends is lost. "
19446BA8,"Rebecca: Music to my ears, Faith. Only one more and it’s done. Keep going."
19466F7F,"QUALITY ASSURANCE MANAGER"
194775E4,"No, don’t hit me!"
1947F1C5,"Tristan, we will change them."
1954B758,"HEAD OF COMMUNICATIONS FRANCE & BENELUX"
19699865,"I just am. The work you’re doing will change Cascadia forever. "
196C4F42,"ATTACK from WALLRUN to deal HIGH DAMAGE"
198BD6AD,"CORE ENGINEER"
199A3806,"She’s doing much better already."
19B42B63,"Noah: Good. Get back here. Icarus, what’s your status?"
19C0AF67,"{0:input} WALLRUN + {1:input} LOOK + {0:input}   {0:input} WALLRUN + {2:input} QUICKTURN + {0:input}  Jump from one horizontal or vertical WALLRUN to another WALLRUN."
19CD24B9,"Plastic: Good. The data sluice is pretty high up."
19CD3279,"Nomad: Faith! They're still on to you. Get out of the area or find the nearest safe house!"
19DC8301,"TRIM FORWARD"
19F5B487,"You. I require your assistance."
19F7DEBB,"Icarus: Heads up. I got plenty of commotion below. An eXec motorcade arriving. Enforcers everywhere."
1A0265ED,"I don’t get why we couldn’t have waited another few weeks with the general rollout."
1A11647B,"FOLEY MIXER"
1A22B84B,"SENIOR DIRECTOR IPO MARKETING"
1A3EFC2D,"Periodically awarded for participation in events"
1A44662F,"CHAOSLINES TEAL"
1A4D1796,"Faith: Noah didn’t trust Rebecca."
1A4FB0EA,"FLOW ATTACK"
1A59DFE1,"Icarus: Already doing it. I prepped a line to the window for you, Faith. Just slide across."
1A6A9A18,"TUTORIAL LABEL"
1A6DB6CA,"Faith: Oh."
1A7041EA,"Combat advantage"
1A818F87,"Triumvirate drive gridLeaks {0:d} / {1:d}"
1A86A6F3,"Faith: Found the doors. I’m out of here."
1A8FE203,"Rewarded for collecting 15 recordings"
1A92CB09,"Skill Springboard (double tap)"
1A954C05,"RAIN RED"
1AA03408,"you'd have us thrown out on our butts."
1AA19D40,"Expand Plastic's metaGrid access"
1AB32992,"Faith: Thanks, Plastic. See you later."
1AB73673,"HEAD OF PRODUCT MARKETING APAC"
1AB84539,"Not to eager to go to the Greylands, huh. I wouldn’t be either."
1ABFECED,"Igor: My last paycheck came and went like an express train."
1ACB6D1E,"DIGITAL COMMUNICATIONS"
1AD217C8,"Plastic: I’m Plastic! Faith’s friend!"
1B059740,"THE BJORN GHOST"
1B088A47,"CORE QA LEAD"
1B226A17,"Noah's been on my back for days. He wants to call it off. I'm not sure. "
1B285E8C,"INCREASED DAMAGE for DIRECT Light Traversal Attacks  Affects following attacks: • Wallruns • Vaults • 90 degree swings • Springboards"
1B2EEBFA,"LEAD ENGINEER"
1B3386C7,"CREDITS"
1B381FC2,"We'll get to that tomorrow when I introduce you to the team."
1B3D95E1,"Plastic: It’s messing up the Grid."
1B3F5B76,"Plastic: One more metaGrid run and I’ll have complete access. Can you do it Faith?"
1B6B24E0,"There you are."
1B6BCEDF,"DISABLE"
1B9D3FE3,"+ Main Mission: Old Friends"
1BAD5C56,"LOOK"
1BBE8F95,"The save file appears to be damaged and will be overwritten."
1BC265BE,"Shimmering Heights gridLeaks {0:d} / {1:d}"
1BD81AB2,"Plastic: What? But they said-- OK, just get to the hub. Connect me."
1BE08A0B,"HEAD OF TECHNICAL OPERATIONS"
1BE48C40,"HEAD OF COMMUNICATIONS GSA"
1BE4B0C7,"HEAD OF COMMUNICATIONS PEM"
1BE4C6CE,"HEAD OF COMMUNICATIONS UKI"
1BED9521,"The firewall shut down the system"
1BF6B2BA,"Dogen: As intended. It’ll be some time before Anansi recovers from that. If ever. "
1C016CB3,"SENIOR QA MANAGER"
1C04B183,"TALENT COORDINATOR"
1C0C6C37,"Faith: That’s quite a jump ..."
1C0EFA31,"Automated Voice: Reflection. Coming soon."
1C0F75B6,"NETWORK ENGAGEMENT MANAGER"
1C2BC1CB,"One year? That’s not so bad. Someone must have pulled strings."
1C2D2EB2,"It will be seen to. Anything else?"
1C2FD3CC,"COMMUNICATIONS MANAGER NORDICS"
1C36CE92,"It's on. Once you've started subverting the CONTROL HUBS you need to move fast between them before the security system shuts Plastic out.  Once you subverted all three hubs you're done. Don't let KrugerSec stop you. "
1C37106B,"UNFAVORITE"
1C37C1E4,"Come on! We need to get moving."
1C485B09,"Faith: I’m at the terminal."
1C4BACB3,"+1 STAMINA  Advanced graphene-based undershirt, capable of dampening both penetrating and blunt trauma."
1C4BF87D,"Plastic: Me too. I’ve designed an interference scrambler. The Reflection signal won’t work at my place."
1C6FC2B4,"Noah: Faith. Faith? "
1C73ED73,"Or we could just put a bullet in his head and be done with it."
1C74E40F,"SYSTEMS ENGINEERS"
1C7FF844,"Plastic: That’s the alarm. I couldn’t stop it. Expect a KrugerSec response team."
1C860757,"COVERT DELIVERY"
1C8FA2B6,"Enough about that. I'll sort things out between Noah and Rebecca later. "
1C97A2A7,"CERTIFICATION PROJECT LEAD"
1CA013F3,"Climb the tower"
1CA34CF7,"NEW GAME"
1CA36EC8,"Faith: (sigh of relief)"
1CA491C8,"+ Main Mission: The Shard"
1CA4E8A2,"Pain receptors. Limbic System Attachment rate? Kingdom?"
1CAA6973,"MAP UPDATED"
1CABF218,"Nomad: I got my hands on a glitch mod which should work with your beatLink. I’ve sent you a copy. You can use it to get through the fans at Zephyr. Try it out and come meet me. We have a situation."
1CBB1B79,"Faith: I wonder what this does."
1CBCCF79,"VTOL: Halt! Submit!"
1CC838BD,"BILLBOARD HACK"
1CD913AA,"Aline: They were already at high alert following the bombing. They’d shoot at anything."
1CDBEBFD,"ASSOCIATE STRATEGIC DECISION SUPPORT ANALYST"
1CE6018C,"MONTREAL STUDIO DIRECTOR"
1CE87BBF,"Plastic: It’s there! You need to catch it before they leave. Follow it and then use your Cyclone glove to attach to it when they stop hover!"
1CFD1051,"Icarus: Close one ..."
1D0FB864,"{0:s} #0{1:d}"
1D12D715,"Edna: Yeah, my rent was raised another five percent yesterday. Ate up the last of my raise."
1D1666B6,"PICK UP PHONE"
1D1B9A53,"Icarus: She’s out, Noah. If I hadn’t been there--"
1D2F1BBA,"Well, she always was headstrong."
1D4549EE,"Got it. I will."
1D4DB98F,"Faith: Cat, wait!"
1D64E5CA,"Aline: Then Mr. Kruger is definitely in for a surprise."
1D69E0AC,"The save file appears to be damaged and will be overwritten."
1D7928D5,"Travel to the Shard and upload the Reflection virus"
1D7E774F,"{0:input} along wall {1:input} to pipe or ladder"
1D8FE76B,"You did it. I was kidding about the lives-part, but you will be paid. Thank you."
1DA4AE78,"This is happening because of you! You started this! "
1DA4AE79,"Get your ego out of this, Noah!"
1DA4AE7A,"What the hell are you even talking about?! Nice job on the Bauble, by the way. Winning the employs, huh?!"
1DA4AE7B,"You're a damn psychopath, Rebecca! You always were!"
1DA4AE7C,"You always were!"
1DA4AE7D,"Let me tell you something. "
1DA4AE7E,"If you ever took a stance on anything, Noah, I might care about your opinion! "
1DA4AE7F,"Contact me when you come to your senses. "
1DA4AE80,"That is, if it happens before Kruger catches up to you."
1DA4AE98,"Faith. You’ve grown. Barely out of prison and already stirring things up. "
1DA4AE99,"Your parents would be proud!"
1DA4AE9A,"They were talking about Elysium. Whatever it was you stole from there."
1DA4AE9B,"Who was that?"
1DA4AE9C,"Rebecca Thane."
1DA4AE9D,"The leader of Black November? She knew my parents."
1DA4AE9E,"Yeah, we were all part of the same group before ... "
1DA4AE9F,"Anyway. Rebecca was always a breed apart."
1DA4AEA0,"She thinks she can change the world by blowing it up."
1DA4AEA1,"Faith, she wanted the OmniStat drive. The blueprint on it."
1DA4AEB9,"And why not give it to her?"
1DA4AEBA,"Because in her own way, she's as dangerous as Gabriel Kruger. "
1DA4AEBB,"Reflection is obviously more than the Conglomerate will admit"
1DA4AEBC,"and I have a feeling Rebecca should be kept away from it."
1DA4AEBD,"Good, because I was gonna offer it to Dogen."
1DA4AEBE,"I taught you well, didn't I? Not to take sides?"
1DA4AEBF,"I do take sides. Our side. See ya!"
1DA4AEC0,"Faith."
1DA4AEC1,"What?"
1DA4AEC2,"Never mind. I'll see you soon."
1DC022BF,"FIRST PARTY RELATIONS"
1DC7CB64,"ONLINE TEST GROUP – QA PROJECT LEAD"
1DCB1F11,"But that’s also why I can’t tell you where I am right now."
1DD09AD3,"Do you really want to abort the mission?"
1DD460D7,"SENIOR QA ANALYST"
1DD46F09,"GPU MEMORY RESTRICTION"
1DD6A2E3,"Rebecca: Then what are you waiting for? I thought you runners were supposed to be fast. Get a move on."
1DE21C13,"I doubt it."
1DEF32C3,"AURORE LUPAIN-TANNER"
1DF583D3,"Exit the gridNode."
1E0DD661,"THE BEAT  |  INITIALIZING"
1E196D43,"{0:date:yyyy-MM-dd}"
1E225474,"{0:time:mm:ss.ff}"
1E33130F,"Perform a LIGHT ENVIRONMENT COMBO"
1E3B7790,"Dogen says Kingdom can be found beneath the OMNISTAT tunnels and getting Noah out of there won’t be easy. And as if that wasn’t enough you’ve just learned that Isabel Kruger is actually your sister CAITLYN, whom you thought died long ago in the November Riots.  You need to talk to her right away. Is she aware of her true identity, or has Kruger brainwashed her to forget?"
1E3E1C41,"Faith: I lost the drone."
1E46D0F1,"PLAY"
1E6F95C5,"DESTROY mechanical enemies"
1E71938D,"A SAVE ALREADY EXISTS ON THE SELECTED STORAGE DEVICE, IF YOU WANT TO CHANGE STORAGE DEVICE PLEASE ACCESS THE OPTIONS MENU AND SELECT CHANGE STORAGE DEVICE. DO YOU WANT TO OVERWRITE THIS SAVE? "
1E767A8A,"The Shard secret bags {0:d} / {1:d}"
1E77E132,"Automated Voice: Attention! All employs are expected to report any suspicious workplace activity to their closest KrugerSec office. Deviance from Conglomerate policy is not accepted."
1E7B1F75,"Icarus: Don’t ask. And stay away from the fence. It packs quite a punch."
1E8D93C6,"The View gridLeaks {0:d} / {1:d}"
1E8F871B,"Yes?"
1E9B6577,"JUMP ATTACK"
1E9EBD6D,"Automated Voice: Attention! You too can become hiCaste. All it takes is dedication and hard work. Don't be satisfied with less. Always strive to excel."
1EB2AA7C,"Birdman: Remember, in this community you’re only as good as people think you are. No matter how good you actually are. It’s a bit silly - all this peacocking and posturing."
1EB4B0E8,"EDIT"
1EC4EB55,"Noah: Are you exploring the city, Faith? "
1ECC36DA,"OPERATIONS CHANGE MANAGER"
1EE4C5A6,"Oh man, two weeks and this happens"
1EE8A0AE,"A PARTICULAR TASTE"
1EF1B89B,"{0:input} + {1:input}"
1EFC9A2D,"CORE QA DIRECTOR"
1F055159,"Allows Faith to maintain her Flow more easily. Increases the time it lasts after completing a flow move. This is specifically useful in combat as she is impossible to shoot while in her Flow."
1F11F81A,"VTOL: Halt, or we will use lethal force!"
1F146F89,"NOTIFICATION"
1F1FBB27,"And I did not let anyone in!"
1F294A12,"COMBAT"
1F3827B9,"Faith: So what’s happening?"
1F453042,"Aline: Art doesn’t have to be logical, Plastic."
1F5BD30C,"ASSOCIATE PRODUCT MANAGER NORDIC"
1F5BF96D,"PLM PROJECT COORDINATORS"
1F621098,"QA COMPLIANCE DATA ANALYST"
1F654E57,"Plastic: We’ve run out of time, Faith, You’re gonna have to start over."
1F6A3E2F,"Igor: CCCorp owns your building right?"
1F6ACCD2,"Icarus: Run, Faith! You can do it!"
1F7F29C8,"God knows what happened to the kids. I gotta go."
1F862E3B,"Faith: Alright. I got them. Time to--"
1F8E59D4,"SAVANT EXTRAORDINAIRE"
1FBEB26E,"Whatever it is."
1FC92A54,"INTEL - CITY ALERT"
1FD04BB2,"Icarus: Damn it! I knew this would happen sooner or later! But Noah refused to listen!"
1FFBCB4C,"ATTACK from SPRINGBOARD to deal HIGH DAMAGE"
1FFBD9B1,"LEAD QUALITY ANALYST"
201766E2,"LEAD SOUND ENGINEER"
201F5EF7,"Current Mission: {0:s}"
2020A315,"DOWNLOAD CHALLENGES"
20223F71,"LEAD SCRIPTER"
202D785B,"Plastic: Also, you should know that when you connect me, we will be noticed. I can delay the security routine a little, but it’s impossible to avoid detection completely."
202F6A26,"An EA Account is required in order to access social features. "
204728C0,"Aline: Ride it the same way you did the first one."
2054044D,"Plastic: They are using a lot of energy down there. Not to mention the data streams. The frequency patterns are similar to the new Security Hubs. They must be connected somehow ..."
20563DD4,"+1 STAMINA  Experimental KrugerDef technology. Obtained by Black November, the inclusion of smart carbon nano-fibres in the weave significantly improves force dispersion. "
206A9EDB,"GADGETS"
206E0526,"TRIUMVIRATE DRIVE & CENTURIAN YARDS"
2084BD63,"Nomad: I know you're fast Faith, but you should probably find that safe house now."
20883B6E,"{0:input}, {1:input}  Raise your legs while in the air  Fastest way to clear small obstacles and build Focus"
2088F79F,"COMPOSITOR"
2089848B,"Erika: Faith! Cat! Where are you!"
20920F77,"Well, we can't just sell it. They'd notice that right away. "
2093AA9F,"RELEASE"
209ADFBB,"Yeah, but now we have to drag him."
209B74A5,"AUDIO DIRECTOR"
209C3B9F,"INTERACT"
20A9E27E,"Two more weeks and I’m retiring. "
20AC5BB5,"DIRECTOR RETAIL MARKETING"
20B43000,"GRIDLEAKS"
20C2F43E,"You there. Runner. Over here."
20CBB343,"Complete mission BACK IN THE GAME"
20DDE8C9,"GRIDNODES"
20E5F1D2,"Plastic: I know I can. He’ll never know we took it. But Faith needs to connect me."
20E82FD0,"Nomad: Hacking a billboard sends a clear message to the employs. It’s enough if only one of them opens their eyes because of what we show them."
20EDC4E3,"So, on today’s menu we have snails from Aurora. Rare snails. Contraband snails. Get it? Dogen wants them fresh, whole and soon. Anything else is a failure."
20F1E288,"Dogen: As expected. Only thing left is to destroy Reflection."
20FD8AB1,"Faith: Hey."
2109FD7C,"You’ll be sent to the Greylands when we’re done with you."
2115B1A2,"SOFT LANDING"
2115B504,"QA MANAGER"
211A13F6,"Noah: Come on home."
2120C1E2,"Aline: What?"
213F31E3,"Package destination has been uploaded to your Beat. Payment upon delivery."
2151BEBA,"It’s madness up here. I was on my way to see Noah when it happened."
21550936,"Hey, you. Over here."
2188A5BE,"SENIOR ARCHITECT"
21A63E62,"I didn't say. It was hidden. I only found it because I pulled it out and tripped on it."
21AAD689,"Icarus: Just don’t stop while they’re targeting you and you should be OK. And there should be a few places where they can’t see you. Good for a breather."
21AC37AF,"LOAD LEVEL"
21AE3D47,"Faith: Don’t gush."
21BD2857,"Edna: Right."
21BECF6A,"Not much yet. I can confirm that they’re working on a special project. "
21C5DD79,"PRINCIPAL ENGINEERS"
21D3C730,"Plastic: Alright, the room is open and I’m done. You should get going to the gridNode."
21D417E2,"{1:input} and {2:input} to BALANCE {3:input} to FREE HANG  FREE HANG {0:input} to CLIMB into a BALANCE {3:input} to DROP  Hang and climb on pipes and wires. Zipline on declining wires."
21D6822C,"UX RESEARCH ANALYST"
21DDF36E,"Noah: Faith, if you’re done with whatever you’ve been doing you should get on to Birdman. He’s waiting."
21E054C1,"+{0:d} EXP"
21E251BD,"PERMISSION & CONDITIONS Permission is hereby granted, free of charge, to any person obtaining a copy of the Font Software, to use, study, copy, merge, embed, modify, redistribute, and sell modified and unmodified copies of the Font Software, subject to the following conditions:   1) Neither the Font Software nor any of its individual components, in Original or Modified Versions, may be sold by itself.   2) Original or Modified Versions of the Font Software may be bundled, redistributed and/or sold with any software, provided that each copy contains the above copyright notice and this license. These can be included either as stand-alone text files, human-readable headers or in the appropriate machine-readable metadata fields within text or binary files as long as those fields can be easily viewed by the user.   3) No Modified Version of the Font Software may use the Reserved Font Name(s) unless explicit written permission is granted by the corresponding Copyright Holder. This restriction only applies to the primary font name as presented to the users.   4) The name(s) of the Copyright Holder(s) or the Author(s) of the Font Software shall not be used to promote, endorse or advertise any Modified Version, except to acknowledge the contribution(s) of the Copyright Holder(s) and the Author(s) or with their explicit written permission.   5) The Font Software, modified or unmodified, in part or in whole, must be distributed entirely under this license, and must not be distributed under any other license. The requirement for fonts to remain under this license does not apply to any document created using the Font Software.   TERMINATION This license becomes null and void if any of the above conditions are not met.   DISCLAIMER THE FONT SOFTWARE IS PROVIDED """"AS IS"""", WITHOUT WARRANTY OF ANY KIND, EXPRESS OR IMPLIED, INCLUDING BUT NOT LIMITED TO ANY WARRANTIES OF MERCHANTABILITY, FITNESS FOR A PARTICULAR PURPOSE AND NONINFRINGEMENT OF COPYRIGHT, PATENT, TRADEMARK, OR OTHER RIGHT. IN NO EVENT SHALL THE COPYRIGHT HOLDER BE LIABLE FOR ANY CLAIM, DAMAGES OR OTHER LIABILITY, INCLUDING ANY GENERAL, SPECIAL, INDIRECT, INCIDENTAL, OR CONSEQUENTIAL DAMAGES, WHETHER IN AN ACTION OF CONTRACT, TORT OR OTHERWISE, ARISING FROM, OUT OF THE USE OR INABILITY TO USE THE FONT SOFTWARE OR FROM OTHER DEALINGS IN THE FONT SOFTWARE."
21E251BE,"Copyright (c) 2011, Niall Douglas All rights reserved.     Redistribution and use in source and binary forms, with or without modification, are permitted provided that the following conditions are met:: •              Redistributions of source code must retain the above copyright notice, this list of conditions and the following disclaimer. •              Redistributions in binary form must reproduce the above copyright notice, this list of conditions and the following disclaimer in the documentation and/or other materials provided with the distribution. •              Neither the name of the <ORGANIZATION> nor the names of its contributors may be used to endorse or promote products derived from this software without specific prior written permission.   THIS SOFTWARE IS PROVIDED BY THE COPYRIGHT HOLDERS AND CONTRIBUTORS """"AS IS"""" AND ANY EXPRESS OR IMPLIED WARRANTIES, INCLUDING, BUT NOT LIMITED TO, THE IMPLIED WARRANTIES OF MERCHANTABILITY AND FITNESS FOR A PARTICULAR PURPOSE ARE DISCLAIMED. IN NO EVENT SHALL THE COPYRIGHT HOLDER OR CONTRIBUTORS BE LIABLE FOR ANY DIRECT, INDIRECT, INCIDENTAL, SPECIAL, EXEMPLARY, OR CONSEQUENTIAL DAMAGES (INCLUDING, BUT NOT LIMITED TO, PROCUREMENT OF SUBSTITUTE GOODS OR SERVICES; LOSS OF USE, DATA, OR PROFITS; OR BUSINESS INTERRUPTION) HOWEVER CAUSED AND ON ANY THEORY OF LIABILITY, WHETHER IN CONTRACT, STRICT LIABILITY, OR TORT (INCLUDING NEGLIGENCE OR OTHERWISE) ARISING IN ANY WAY OUT OF THE USE OF THIS SOFTWARE, EVEN IF ADVISED OF THE POSSIBILITY OF SUCH DAMAGE.  (C)2011-2014 IETF Trust   Redistribution and use in source and binary forms, with or without modification, are permitted provided that the following conditions are met:   - Redistributions of source code must retain the above copyright notice, this list of conditions and the following disclaimer.   - Redistributions in binary form must reproduce the above copyright notice, this list of conditions and the following disclaimer in the documentation and/or other materials provided with the distribution.   - Neither the name of Internet Society, IETF or IETF Trust, nor the names of specific contributors, may be used to endorse or promote products derived from this software without specific prior written permission.   THIS SOFTWARE IS PROVIDED BY THE COPYRIGHT HOLDERS AND CONTRIBUTORS ``AS IS'' AND ANY EXPRESS OR IMPLIED WARRANTIES, INCLUDING, BUT NOT LIMITED TO, THE IMPLIED WARRANTIES OF MERCHANTABILITY AND FITNESS FOR A PARTICULAR PURPOSE ARE DISCLAIMED. IN NO EVENT SHALL THE COPYRIGHT OWNER OR CONTRIBUTORS BE LIABLE FOR ANY DIRECT, INDIRECT, INCIDENTAL, SPECIAL, EXEMPLARY, OR CONSEQUENTIAL DAMAGES (INCLUDING, BUT NOT LIMITED TO, PROCUREMENT OF SUBSTITUTE GOODS OR SERVICES; LOSS OF USE, DATA, OR PROFITS; OR BUSINESS INTERRUPTION) HOWEVER CAUSED AND ON ANY THEORY OF LIABILITY, WHETHER IN CONTRACT, STRICT LIABILITY, OR TORT (INCLUDING NEGLIGENCE OR OTHERWISE) ARISING IN ANY WAY OUT OF THE USE OF THIS SOFTWARE, EVEN IF ADVISED OF THE POSSIBILITY OF SUCH DAMAGE"
21E251BF,"© 2002-2003, Jean-Marc Valin/Xiph.Org Foundation  Redistribution and use in source and binary forms, with or without modification, are permitted provided that the following conditions are met:  • Redistributions of source code must retain the above copyright notice, this list of conditions and the following disclaimer.  • Redistributions in binary form must reproduce the above copyright notice, this list of conditions and the following disclaimer in the documentation and/or other materials provided with the distribution.  • Neither the name of the Xiph.org Foundation nor the names of its contributors may be used to endorse or promote products derived from this software without specific prior written permission.   This software is provided by the copyright holders and contributors “as is” and any express or implied warranties, including, but not limited to, the implied warranties of merchantability and fitness for a particular purpose are disclaimed. In no event shall the foundation or contributors be liable for any direct, indirect, incidental, special, exemplary, or consequential damages (including, but not limited to, procurement of substitute goods or services; loss of use, data, or profits; or business interruption) however caused and on any theory of liability, whether in contract, strict liability, or tort (including negligence or otherwise) arising in any way out of the use of this software, even if advised of the possibility of such damage.  Copyright (c) 2002-2011, Industrial Light & Magic, a division of Lucasfilm Entertainment Company Ltd. All rights reserved.    Redistribution and use in source and binary forms, with or without modification, are permitted provided that the following conditions are met:    •Redistributions of source code must retain the above copyright notice, this list of conditions and the following disclaimer.  •Redistributions in binary form must reproduce the above copyright notice, this list of conditions and the following disclaimer in the documentation and/or other materials provided with the distribution.  •Neither the name of Industrial Light & Magic nor the names of its contributors may be used to endorse or promote products derived from this software without specific prior written permission.    THIS SOFTWARE IS PROVIDED BY THE COPYRIGHT HOLDERS AND CONTRIBUTORS """"AS IS"""" AND ANY EXPRESS OR IMPLIED WARRANTIES, INCLUDING, BUT NOT LIMITED TO, THE IMPLIED WARRANTIES OF MERCHANTABILITY AND FITNESS FOR A PARTICULAR PURPOSE ARE DISCLAIMED. IN NO EVENT SHALL THE COPYRIGHT OWNER OR CONTRIBUTORS BE LIABLE FOR ANY DIRECT, INDIRECT, INCIDENTAL, SPECIAL, EXEMPLARY, OR CONSEQUENTIAL DAMAGES (INCLUDING, BUT NOT LIMITED TO, PROCUREMENT OF SUBSTITUTE GOODS OR SERVICES; LOSS OF USE, DATA, OR PROFITS; OR BUSINESS INTERRUPTION) HOWEVER CAUSED AND ON ANY THEORY OF LIABILITY, WHETHER IN CONTRACT, STRICT LIABILITY, OR TORT (INCLUDING NEGLIGENCE OR OTHERWISE) ARISING IN ANY WAY OUT OF THE USE OF THIS SOFTWARE, EVEN IF ADVISED OF THE POSSIBILITY OF SUCH DAMAGE."
21E251C0,"Copyright 2004-2015 Apache Software Foundation     Licensed under the Apache License, Version 2.0 (the """"License"""");    you may not use this file except in compliance with the License.    You may obtain a copy of the License at         http://www.apache.org/licenses/LICENSE-2.0     Unless required by applicable law or agreed to in writing, software    distributed under the License is distributed on an """"AS IS"""" BASIS,    WITHOUT WARRANTIES OR CONDITIONS OF ANY KIND, either express or implied.    See the License for the specific language governing permissions and    limitations under the License.  The software included in this product contains copyrighted software that is licensed under versions 2.0 and 2.1 of the LGPL. Copies of these licenses are included with this software. You may obtain the complete Corresponding Source code from us for a period of three years after our last shipment of this product, which will be no earlier than 2015-9-15, by sending one blank CD-R in a self addressed stamped padded CD shipping envelope to:  Electronic Arts Customer Warranty 9001 North IH-35 Suite 110 Austin, TX 78753  Please write EAWebKit and the product title clearly on the CD-R. You may also find a copy of the source at http://gpl.ea.com/ This offer is valid to anyone in receipt of this information."
21E251C1,"LGPL portions of WebKit are Copyright (C) 1995-2013 by &yet, LLC, Acision BV, Adam Barth, Adam Dingle, Adobe Systems Incorporated, Afonso Rabelo Costa Jr, Alex Christensen, Alex Mathews, Alex Milowski, Alexander Chemeris, Alexander Kellett, Alexey Proskuryakov, Allan Sandfeld Jensen, Alp Toker, Anders Carlsson, Andras Becsi, Andreas Kling, Andrew Bortz, Andrew Wellington, Antonio Gomes, Antti Koivisto, Appcelerator Inc, Apple Computer, Inc, Apple Ltd, Apple, Inc, Baidu Inc, basysKom GmbH, Benjamin Poulain, Bjoern Graf, Brent Fulgham, Cable Television Laboratories, Inc, Cameron McCormack, Cameron Zwarich, Casson Leighton, ChangSeok Oh, Charles Samuels, Charlie Bozeman, Christian Dywan, Cisco Systems, Inc, Code Aurora Forum, Collabora Ltd, Collabora, Ltd, Collin Jackson, Company 100 Inc, Company 100, Inc, Cosmin Truta, Cyrus Patel, Damien Miller, Daniel Bates, Daniel Molkentin, Daniel Stenberg, Daniel Veillard, David Barton, David Levin, David Mazieres, David Smith, Dawit Alemayehu, Diego Gonzalez, Diego Hidalgo C Gonzalez, Digia Corporation and/or its subsidiary(-ies), Digia Plc and/or its subsidiary(-ies), Dirk Mueller, Dirk Schulze, Dominik Röttsches, Don Gibson, Douglas Crockford, Eric Seidel, Ericsson AB, Felician Marton, Feng Yuan , François Sausset, Frederik Holljen, Frerich Raabe, Gabor Loki, Gabor Rapcsanyi, George Staikos, Germain Garand, Girish Ramakrishnan, Google AB, Google, Inc, Graham Dennis, Gunnstein Lye, Gustavo Noronha Silva, Harri Porten, Henry Mason, Holger Hans Peter Freyther, INdT, Instituto Nokia de Technologia, Ian C Bullard, Id Software, Inc, Igalia, SL, Intel Corporation, Intel Inc, International Business Machines Corporation, Jakub Wieczorek, James G Speth, Jan Alonzo, Jeff Schiller, Jian Li, John E Bossom, John Kjellberg, Jon Shier, Joseph Pecoraro, Julien Chaffraix, Justin Haygood, Kakai, Inc, Kelvin W Sherlock, Kenneth Rohde Christiansen, Kevin Ollivier, Kimmo Kinnunen, Koji Ishii, Kris Jordan, Krzysztof Kowalczyk, Lars Knoll, Leo Yang, Luca Bruno, Lucent Technologies, Luke Kenneth , MIPS Technologies, Inc, Maks Orlovich, Maksim Orlovich, Martin Jones, Martin Robinson, Martin Soto, Mathias Bynens, Matt Lilek, Michael Emmel, Michael Pruett, Michelangelo De Simone, Motorola Mobility Inc, Motorola Mobility LLC, Mozilla Corporation, Netscape Communications Corporation, Nicholas Shanks, Nikolas Zimmermann, Nokia Corporation and/or its subsidiary(-ies), Nokia Inc, Novell Inc, Nuanti Ltd, Oliver Hunt, OpenedHand, Patrick Gansterer, Peter Gal, Peter Kelly, Peter Varga, Pioneer Research Center USA, Inc, ProFUSION embedded systems, Pthreads-win32 contributors, Red Hat, Inc, Renata Hodovan, Research In Motion Inc, Research In Motion Limited, Rik Cabanier, Rob Buis, Robert Hogan, Ronald Tschalär, STMicroelectronics, Samsung Electronics, Samsung Electronics Ltd, Samuel Weinig, Sebastian Dröge, Sencha, Inc, Seokju Kwon, Serotek Corporation, Simon Hausmann, SoftAtHome, Sony Network Entertainment,  Staikos Computing Services Inc, Stefan Schimanski, Sun Microsystems, Inc, Tamas Czene, The Android Open Source Project, The Chromium Authors, The Karbon Developers, The Khronos Group Inc, The MathJax Consortium, The Mozilla Foundation, Thomas Broyer, Tieto Corporation, Tobias Anton, Tony Chang, Torben Weis, Torch Mobile (Beijing) Co Ltd, Torch Mobile, Inc, University of Szeged, Victor Carbune, Vivek Thampi, Waldo Bastian, Xan Lopez, Xidorn Quan, Xueqing Huang, Yahoo! Inc, Zack Rusin, Zan Dobersek, Zoltan Herczeg, and the V8 project §authors."
21E251C2,"LGPL portions of Cairo are Copyright (C) 1999, 2002-2013 by Adrian Johnson, Andrea Canciani, Carl Worth, Chris Wilson, David Reveman, David Turner, Intel Corporation, Joonas Pihlaja, Keith Packard, M Joonas Pihlaja, Mathias Hasselmann, Mozilla Corporation, Red Hat, Inc, Tom Tromey, and University of Southern California.  For the Open Source Webkit Source code and related 3rd party licenses and credits used in this product please visit http//gpl.ea.com/eawebkit.html   Images provided by Getty Images. All Royalty Free images are being used for illustrative purposes only. Any person depicted in the images, if any, is a model.  Copyright in Enlighten is owned by or licensed to Geomerics Limited.  All rights reserved.  Enlighten is a trademark or registered trademark of Geomerics Limited or its affiliates.   Mirror’s Edge Catalyst uses Havok®. ©Copyright 1999-2016 Havok.com Inc. (and its Licensors). All Rights Reserved. See www.havok.com for details.  Music by Magnus Birgersson a/k/a Solar Fields   Substance Designer copyright 2016 by Allegorithmic SAS  This product may include in-game sponsorships or product placements."
21E953C2,"COMBAT SHIFT"
21F037DE,"BENEFACTOR"
21F5F98F,"+ Main Mission: GridNode Run + Fragile Deliveries + Interventions"
221ED31D,"QA COMPLIANCE PLATFORM LEAD"
223097C2,"ALERTED"
22324E42,"Origin Access"
22335415,"LEAD MULTIPLAYER DESIGNER"
2235A1A7,"ENGINEERING PROGRAM MANAGERS"
22416AE4,"You must be signed in to Xbox Live to use social features."
22533287,"Choose one of the three challenges."
22586424,"Done."
226AE031,"Did you know Faith was working for him when she was captured? "
226E3BBD,"Noah: So, Plastic. What’s the Beat?"
2278BAE8,"FIDO & BLÄCK"
22923951,"LUCASFILM ART & ASSET MANAGEMENT TEAM"
2296C696,"EA UX RESEARCH"
22A74908,"Thanks. I thought I was done for."
22A80EB6,"You're welcome inside."
22B70C81,""
22D39D5C,"Nomad: And KrugerSec is sending reinforcements. You should clear out. Fast."
22D3AF83,"Subdue him."
22D565A5,"I can’t be seen talking to you. Thank you for delivering the package. These schematics could help turn my career around. Oh, and your payment has been authorized. Now get out of here before they see us together."
22DE040F,"Dogen: You’re guessing right."
22E61C12,"Plastic: Faith! What if your sister is up there with Kruger?"
22F11D89,"ORIGIN IN GAME NOT AVAILABLE"
22F25606,"Plastic: You’re stupid Icarus. Faith, the console you want should be in the command center just below you. "
22FE0ECB,"SENIOR MANAGER TEST ENGINEERING"
2308ED7B,"BILLBOARD HACKED!"
23191624,"RESUME GAME"
232A5EC9,"Stay alive until Plastic manages to open the doors."
232E0E57,"GridLeaks: {0:d} of {1:d}"
233E0D94,"Nomad: Damn, you make it look easy!"
234303B4,"Noah: Just to reiterate, Faith: You need to make your way to the agricultural division at Elysium. Use the shotgun on a terminal there. And then get out."
2343B1A2,"LEAD GAME ANALYST"
2344E447,"MOVE LEFT"
23546239,"INSTALLING MAP ... {0:d}%"
23571A1B,"You are offline. Go online to see online leaderboards and compete with your friends."
2363EB41,"Steal Blueprints from Kingdom High Security Facility"
23813C55,"SENIOR EMPLOYEE COMMS SPECIALIST"
2387B69E,"SENIOR MANAGER GLOBAL CONTENT STRATEGY"
2389B784,"YES "
238B605E,"TALK TO NOAH"
238CDB3A,"Neutralize the Security Hub in Northern Downtown"
23976932,"Cat: Faith! Look! I did a picture!"
239B8695,"Mirror's Edge™ Catalyst"
23A3A8FE,"GLOBAL CONTENT TEAM LEAD"
23A6C1B7,"City Alert disruption"
23A8D4F0,"READINESS MANAGER"
23CF5987,"New game"
23CFDE1A,"SOFTWARE ENGINEERING MANAGERS"
23D135BA,"Front Runner Kit"
23D1966D,"Aline: Plastic is trying to open the elevator for you."
23D441D3,"THERE IS NOT ENOUGH FREE SPACE ON STORAGE DEVICE. "
23D73BCE,"PRODUCT MARKETING MANAGER SPAIN"
23DBD30D,"You went to see Dogen? After I explicitly told you not to?"
23DC5E22,"+ Main Mission: Fly Trap + Side Mission: Caught in the Web"
23E530B4,"ASSOCIATE BRAND MANAGER"
23F5EDC2,"Faith: I cleared the shaft."
23FDE8F5,"And we’re safe. You possibly saved a life today. Thank you. And yes, there’s some scrip coming your way."
241155ED,"ADDITIONAL QA PROJECT LEAD"
24148F71,"Igor: It’s a god damn scam, all of it. This whole “upward mobility” thing. If you start out loCaste you stay loCaste. There’s no chance in hell we’ll ever live in the View."
24331C0F,"Noah: Alright, Faith. Seems to me you’re more than ready to take on a real assignment. I got the perfect run for you. Come back to the Lair and we’ll look at the details. It should get you at least part of the way to paying off Dogen."
244A16FE,"DIRECTOR ENGINEERING"
244BDC75,"IT SERVICE SPECIALIST"
245AAB84,"{0:input} to kick the echo into the railing"
246428FB,"You need to restart the game for the changes to take effect"
2472F42D,"Please, can you just tell me where I am?"
24831B43,"Plant a bug at the bar"
24831B44,"Plant a bug on the balcony"
24831B45,"Plant a bug by the office"
24831B46,"Leave the area"
248BC2B2,"Noah: OK, good. He’s alive. That’s a relief. Thanks for the update."
249019FE,"ADDITIONAL SOUND RECORDINGS PROVIDED BY"
24905285,"Kruger: We’ll see. Amplify the signal. And engage the safety protocol. Shut us in."
249854F9,"Faith: I’m inside."
249A140C,"SENIOR SOCIAL CONTENT SPECIALIST"
24AAA09E,"Licensed under the Apache License, Version 2.0 (the “License”); you may not use this file except in compliance with the License.  You may obtain a copy of the License at http://www.apache.org/licenses/LICENSE-2.0"
24AAA09F,"Unless required by applicable law or agreed to in writing, software distributed under the License is distributed on an “AS IS” BASIS, WITHOUT WARRANTIES OR CONDITIONS OF ANY KIND, either express or implied.  See the License for the specific language governing permissions and limitations under the License."
24EA7758,"{0:d} RUNNER BAGS LEFT"
24EF4328,"Dogen: Of course."
2516A4E3,"Billboard Hack"
252265AE,"I’ll tell you more when we meet, but suffice to say that it’s bad. Really bad. "
252367FA,"Alright! So, since you have a plan for everything, how do we convert this gold into actual scrip? "
2534F720,"QUALITY ENGINEERS"
2539BE83,"SENIOR PRODUCT MARKETING MANAGER"
254F191B,"NEW MISSION"
254FE36D,"CONVERSATION MANAGER"
2559719C,"This is not what I signed up for. I'm not meant to be underground. "
2566103F,"Icarus: Let’s split up! I’ll lead as many off as I can!"
25698E13,"So are we going to celebrate or what? The girls are waiting. Faith is climbing the walls. "
25729265,"REPLAY MARKER"
258A6CDC,"{0:input} or {1:input} + {2:input} COMBAT SHIFT to avoid the charge attack"
25A98C5B,"Noah: Faith, KrugerSec is responding to some sort of activity near the Bauble mall. A general call. I don’t think it’s you, but be prepared for anything."
25AFC706,"Rebecca: That should get their attention. Get ready everyone."
25B285CC,"VICE PRESIDENT"
25B2D01B,"Upgrade points are obtained by gathering Experience Points (XP) from all different activities around the city. Each upgrade requires one upgrade point. Purchase “BEAT MAP” now."
25C93EC3,"HACKED BY {0:truncate:16} {1:date:yyyy-MM-dd}"
25E48E7F,"DRONE"
25F6E9A7,"I was too late. The rioters ... They were relentless."
26029466,"SHIFT LEFT or RIGHT, KNOCK enemies into eachother."
26183D04,"SAVANT EXTRAORDINAIRE"
2628719E,"Plastic and Dr Maera have finalized the REFLECTION VIRUS. With it you will be able to destroy Kruger's Reflection project and save Icarus, Dr Maera and millions of other citizens in Glass from emotional enslavement.  Go to Plastic's HIDEOUT and pick up the virus. Dr Maera and Plastic will know what the next steps are."
2630FA73,"GROUP FINANCE DIRECTOR"
26346525,"Icarus: Alive and kicking."
26377A2C,"To be honest, Avani, it’s probably worse. But we’re gonna be fine."
26388E2C,"Faith: Yeah?"
264C5F10,"ADDITIONAL QA ANALYSTS"
2652ADAC,"Actually, yes. Yesterday I happened on a project sub-hash referring to something called ""Kingdom"" and some of the ethical implications of what I found were troubling."
2662F545,"Well ... sure! That would be nice. Let’s clean up and get out of here. And tell KrugerSec to take the subject back to her cell."
26677999,"Edna: Lower your voice, damn it. Mr Michaels is looking our way."
266E14E7,"Maybe. If I ever manage to complete this damn algorithm."
26716208,"TALENT ACQUISITION"
26776026,"CREATE TIME TRIAL"
267A3E62,"Icarus: I got a dash that should challenge you, Faith. It’s one of my favorites. Think you can beat my time?"
2680A826,"Hack 3 billboards"
2680A827,"Hack 12 billboards"
2682D26B,"I’ll come check on you again soon."
268AB230,"Maybe we can get you access some other way. I’ll talk to some people. "
268BEBF4,"Plastic: There’s a utilities access nearby - you should continue through there."
268F5627,"ART LEADS"
2697DAA7,"You completed all the objectives. Now see if you can find the secret packages hidden in Downtown Glass."
26BF07A5,"Go to the apartment building"
26BF07A6,"Find a way into the building"
26BF07A7,"Break into the apartment"
26BF07A8,"Escape"
26BF07A9,"Avoid KrugerSec until your safe"
26C79706,"Automated Voice: Success comes only to those who claim it."
26C864B3,"Automated Voice: Reflection. Tomorrow’s technology today."
26CF1075,"AURORE LUPAIN-TANNER"
26CF7C61,"PLAY RACE"
26DD6136,"SPEAKER TYPE"
26DD76A9,"Good, and the vial is intact. Well done. This will be a tremendous help to my research."
26DEC395," GPR SUBMISSIONS COORDINATORS"
26E15756,"Plastic: Could explain why KrugerSec has been increasing security lately. Their grid traffic has increased tenfold."
26ED6B1B,"What did I just tell you!"
26F099DD,"Rebecca: Snatch team in place. Icarus and Faith, talk to me."
270BC04F,"Birdman: What are you smiling at?"
27117202,"SOFTWARE ENGINEERS"
27188CFF,"Noah: And rerouting the gateway would be enough?"
2733F62C,"THE HENCHMEN MEETUP"
27345FD7,"ENGINE SOFTWARE ENGINEERS"
273BFDD6,"Faith: I hope this holds."
27462715,"Runner: I got a challenge for you.Reach that. Took me all day, but I left my mark there. I’m sure you can’t do it."
275BB7C4,"PRODUCT LIFECYCLE MANAGEMENT"
2762347F,"TALK TO ICARUS"
2773D42E,"EA DIGITAL PLATFORM PLAYER RELIABILITY ENGINEERING"
277AD682,"GO TO STORE"
2795BF8F,"Noah: Elysium Labs is one of the taller buildings. You should see their logo on the side."
27A40B36,"{0:d}"
27A8BD7F,"I need your help to deliver this for me. Be very careful. The contents break easily, and if they do, we'll both have to answer for it."
27B71F14,"Nomad: Damn! K-Sec just deployed a perimeter scanner, you need to get out of range or get to a Safe house to shake them off!"
27BFC386,"LOCALIZATION TESTING LEADS"
27C1CFDA,"{0:input} (HOLD) + {1:input}"
27C4F7C5,"Icarus: Good. Your beatLink should be calibrated by now and your runner’s vision working. Just follow the red, and I’ll meet you at the Tower. Let’s go."
27E363E0,"Oh, so that’s how you wanna play it?! Huh!? Damn leech!"
27F52E60,"ASSOCIATE LIVE SERVICES MANAGER"
28030D62,"Noah: You did, for now. Seems two years in prison only made you better at this. Get to Orion."
280D2AE6,"Icarus: Wall-running can be a bit tricky if you haven’t done it in a while. It should come back to you."
28114EE3,"The map helps you keep track of available objectives and setting RUNNER VISION to navigate to them. Use {0:input} and {1:input} to zoom in and out until you see the MISSION OBJECTIVE.  {0:input} ZOOM OUT "
281243B0,"You got out of Elysium in the nick of time. Now you need to return to the Lair while avoiding KrugerSec search parties. Then you can show Noah the strange DRIVE you stole. It looks foreign, like the ASSASSIN you saw inside the building.   The big question is of course what's on the drive, and what it could be worth. Hopefully a lot."
28179669,"Meet with Icarus near Elysium"
2822287C,"Noah: You got them all riled up. They think you’re Black November. But don’t worry. You’ll lose them in the Tower."
2829CEF6,"Aline: Faith, it’s ready. Come by Plastic as soon as you can. We might not have much time."
284665BB,"Your account has been banned. If you believe it was banned in error, please contact Customer Services. You will be unable to connect to the EA Servers or access social features."
284A8B73,"You heard them! Submit damn it!"
285FA7CF,"Rebecca: Team Anders, stay back. We shoot and scoot until we reach Phase Line Four. Someone take down that Hunter Drone!"
286D244C,"Tensile property testing ... Initiated!"
286D244D,"Don’t encourage him."
286D244E,"I was sleeping!"
286D244F,"Whatever keeps him busy ..."
286D2450,"Is it ready?"
286D2451,"Of course it is! Didn’t we say so?"
286D2452,"There is a console in the main control chamber in the Shard. "
286D2453,"Upload the virus there. It willl permanently corrupt the carrier signal "
286D2454,"and cause the Reflection nanites to go inert."
286D2455,"You just need to get to the top. The rest will take care of itself. "
286D246D,"More or less."
286D246E,"Simple, right?"
286D246F,"Right."
286D2470,"It’ll be the greatest run ever."
286D2471,"If I live."
286D2472,"Well there’s no time like the present. Any last advice?"
286D2473,"Don’t die."
286D2474,"What she said."
286D2475,"This is our one chance to nip Reflection in the bud."
286D2476,"Go on, girl. Save us all."
2879B2E3,"THE OMNISTAT YEARS"
2879B2E4,"THE KRUGER UPRISING"
2879B2E5,"THE CIVIL WAR"
2879B2E6,"CASCADIA FOUNDED"
2879B2E7,"THE TRIUMVIRATE WAR"
2879B2E8,"RISE OF THE CORPORATE HOUSES"
2879B2E9,"THE NOVEMBER RIOTS"
2879B2EA,"THE CONGLOMERATE SEIZES POWER"
28837668,"TALK TO ISABEL KRUGER"
28858930,"GENERAL MANAGER"
28933355,"NETWORK ENGINEERING SENIOR MANAGER"
28955078,"INTERNATIONAL PUBLISHING ORGANIZATION"
28980ACA,"Birdman: Thank you. The first beacon is not too far from here."
28A329D0,"SRM TEAM"
28B14A6D,"Delivery missions are the most common runs available. Take on these to hone and IMPROVE your SKILLS as a runner.  A FRAGILE DELIVERY requires you to deliver the package INTACT. The contents are FRAGILE and will be damaged by HEAVY LANDINGS and COMBAT. AVOID enemy contact, run SOFTLY and make sure you reach your destination within the allotted TIME."
28BEE0B3,"Igor: Some days I wonder if OmniStat can be much worse than this ..."
28CCBA89,"GAMEPLAY"
28CF3C74,"Plastic: There are several drones around. Maybe you can ride one of those down."
28DE7C96,"Nomad: Take it down!"
28E90F77,"This account does not meet minimum requirements. Please visit help.ea.com for more information."
28EEC139,"CREDITS"
28FA8F7E,"ANIMATION TEAM"
290033A6,"Delivery opportunity assignment nearby."
2904C9E2,"Could not save your UGC. Please check your internet connection and try again."
290F4445,"They will say things about me, cousin. Things that aren't true. "
2914D0F7,"Birdman: I wonder if this means that KrugerSec have caught on to my little postal service, or if they were just shooting them for sport."
29314BB4,"Automated Voice: Attention! OmniStat propaganda is omni-present. Report all suspicious activity to your closest KrugerSec office. The Conglomerate is freedom. Omnistat is slavery."
2936B4D9,"Development Zone G"
2942314E,"... and that's about it."
2946DF51,"Your presence is requested in the head office. They expected you half an hour ago, "
29485B8E,"Faith: Noah said something about a delivery."
295827EF,"Automated Voice: Attention! The Reflection launch is soon upon us. VIP positions in the queue will be given to a random selection of midCaste employs in the Anchor area. Adopt Reflection. Become the grid."
29598337,"Rebecca: Faith, I just learned that the sentry drones are still packaged. And guarded. You’ll have to find a way to destroy them."
29600279,"Dogen: Well ... she’s alive. That’s all that matters. Thank you for doing this, Faith. You of all people should understand the importance of family. I trust you to keep this to yourself. Sufficient scrip has been transferred to you."
2965BB9D,"We had to snatch moments where we could. This world doesn't tolerate love. "
296A9FEB,"Glass is rotten. A vile city breeding vile people. "
2980EBE8,"Beatrix: Wait, who’s this?"
2983E60A,"KEYBOARD"
2987CF09,"Faith: Ok, I’m at the top of the Pup. Nothing broken. I think."
2988718A,"We told you to stay out of sight. All is lost if they see you."
298E3F48,"Icarus: The pain’s fading now. I guess that’s it! Faith, get back here so we can celebrate!"
298F22BC,"Thanks for helping me out."
299270A5,"EA WORLD WIDE CUSTOMER EXPERIENCE"
29C8858E,"COVERT DELIVERY"
29C9A643,"THE VIEW"
29D01261,"{0:time:mm:ss.ff}"
29D434E6,"Nanda: Dogen. The name is strange to me, but I understand that this is what you call yourself these days. There is so much to say, but now is not the time. Though I would have wished for us to reunite under different circumstances, the fact is that I am in deep trouble and it seems I have exhausted all my options but one: you. The Conglomerate sees all, so I must be vague. Come seek me in Silver Pond in Anchor. I dwell where all streams end and begin anew. The whispering water will guide you."
29DB5C51,"Evasion Score {0:d}"
29E4F31F,"Springboard, Wallclimb, Turn, Jump, Coil, Skill Roll"
29EA5D21,"Easy Runner"
29EE0A9E,"CONTRABAND TUNES"
29F8C866,"Plastic: There’ll be guards there too, but you should be able to avoid them."
2A104118,"DIVISION DEMOTED: {0:s}"
2A247663,"VFX SUPERVISOR/LOOK DEVELOPMENT"
2A3B2559,"CONNECTED TO EA ONLINE. SOCIAL FEATURES ENABLED."
2A3DCBE2,"Noah says Icarus has something for you. Find and talk to him."
2A3ED92E,"Icarus: ... anyone? What the hell is wrong with this thing!?"
2A59394C,"DOCUMENTS"
2A69507E,"Do you want us to do that? Submit and we’ll let you live."
2A752375,"And that makes two of you. Go on in, Rebecca’s waiting."
2A75844C,"And whatever happens she must not get her hands on that thing which she’s been obsessing over the last few weeks. "
2A79FF8C,"DICE OPERATIONS MANAGEMENT"
2A83717B,"LUCASFILM LTD"
2A854D65,"MAGROPE"
2A8677D6,"Yeah, yeah. I’m staying put."
2A8FD5C5,"DELIVERY RISK - HIGH"
2A948FBF,"Icarus: Hey, I’m over here."
2ABC5288,"Beatrix: It’s my reality. And I would be OK with it, duty and all, but ..."
2ABFB6C8,"Plastic: Faith, the Bryson office has some advanced security systems in place."
2AC085CF,"LOADING..."
2AC28A05,"Faith Connors."
2AC28A06,"I should have recognized you from the first time we met. "
2AC28A07,"You and your sister are quite alike."
2AC28A08,"She doesn’t know who I am anymore. You brainwashed her."
2AC28A09,"I raised her to the best of my ability"
2AC28A0A,"provided her with an excellent education and taught her how to lead. "
2AC28A0B,"It’s what any father would do for his daughter."
2AC28A0C,"Except she's not your daughter, Kruger! "
2AC28A0D,"Wasn't it enough to have our parents killed? "
2AC28A25,"You had to take Cat too, like some damn trophy!"
2AC28A26,"I saved her life. You left her to die, remember that? "
2AC28A27,"As for your parents, they were unfortunate casualties. Those were chaotic days."
2AC28A28,"I was there. My mom defied you, and you killed her!"
2AC28A29,"Your mother was a brilliant scientist who refused to change with the times. "
2AC28A2A,"It is fortunate that she's survived by some of her research, yes."
2AC28A2B,"ID_SCENE_1_SHARD_KRUGER_1_L16VVVVV"
2AC28A2C,"Research you’re using to enslave everyone."
2AC28A2D,"You understand little and know nothing, Faith!"
2AC28A2E,"There are things here at stake, far greater than your self-centered "
2AC28A46,"myopic view of the world."
2AC28A47,"This is your doing. "
2AC28A48,"The only language you and your kind speaks is destruction. "
2AC28A49,"Stay where you are--"
2AC28A4A,"Wherever I turn, there you are."
2AFC6464,"Icarus: There’s a lot of damage up there, I’m surprised the building is still standing."
2B0A63B9,"Talk to Noah at the Lair"
2B0C5FD2,"DREAMS"
2B0D0F4A,"What policy was I breaking?!"
2B0D8F04,"Plastic: You’re getting closer to the damaged area so watch out for falling debris, Faith."
2B11190F,"QUALITY ANALYSTS"
2B3F8859,"ASSOCIATE TECHNICAL DIRECTOR"
2B495F7C,"BRAND MARKETING MANAGER DEVELOPING MARKETS"
2B5BB4AD,"OK. Avani? Wake up. It’s time to go."
2B782416,"Plastic: The doors are open!"
2B833B6F,"VFX COORDINATOR"
2B9776D8,"ENGINEERS"
2BA75367,"Faith: Well, I grew up with them, so how about you cut me some damn slack?"
2BB52E8F,"View agreement"
2BBBEAF3,"Nomad: I just wish people would get wise to what’s going on! All the disappearances. And deaths. I think most employs know, deep down. But they refuse to see."
2BBCFADB,"Dogen: I know."
2BD8F4C5,"Nomad: They’re back! I didn’t get everything I need. Maybe I can get that painting done with just orange and teal ..."
2BD9DDC9,"SENIOR TALENT MANAGER"
2BEFEDE9,"I got no bars, not a bar here I can't download nothing."
2BF4B301,"Ocean Pier"
2BF89C65,"Package delivery not completed. Payment withheld. Have a nice day."
2BFB9C28,"Missions available"
2BFF292D,"DREAMS"
2C00A706,"Faith: And I don’t intend to. But I am getting that data."
2C1D16DE,"Faith: There’s a whole different set of labs. Maybe I can find something of real value in here."
2C1FA0FE,"Faith: I’m at the office area."
2C317BF8,"Faith: OK, I got the last one."
2C38DE39,"Faith: Sure. Don’t go anywhere."
2C3A1BC0,"Shift, Wallrun, Jump, Coil, Skill Roll, Shift"
2C3F85C2,"Veteran Runner"
2C4FE9DB,"Faith: That’s another chip in the bag."
2C88464C,"We do. But I’m not comfortable with us having no margins whatsoever."
2CAB77B2,"{0:d} / {1:d}  DOCUMENTS"
2CCF5691,"SENIOR EMPLOYEE REGIONAL CONTENT"
2CDF2DE0,"Find Icarus"
2CDF2DE1,"Shut the power down"
2CDF2DE2,"Go back to the Lair"
2CDF2DE3,"Find Noah"
2CDF2DE4,"Defeat KrugerSec"
2CDF2DE5,"Escape"
2CDF2DE6,"Go to Icarus in Downtown South"
2CDF2DE7,"Find the entrance to OmniStat tunnels"
2CDF2DE8,"Reach Black November"
2CEABE37,"Plastic: I’m bringing down an elevator."
2CFE43AF,"CORPORATE COMMUNICATIONS"
2D0176F4,"Wow. That explains his mood. Anyway, we need that batch and soon. I need to verify the patch before it goes live."
2D019CB5,"BIRDMAN"
2D05A103,"Please don’t hit me!"
2D0B1D12,"Plastic: Several KrugerSec teams are moving toward the tunnels above Kingdom, Faith. Just so you know."
2D0BD969,"GRIDLEAK MAPPING"
2D0D9898,"Representatives from both Silvine and Everdyne are already asking troubling questions. "
2D0F26D1,"Aline: And until we do our hands are tied. We’ll update you if there are any changes."
2D1C5158,"Aline: The explosion tore off one of the rotor blades. You’ll might need the MAG to keep going."
2D2DD2C4,"Cancel Preview"
2D38FEC2,"Deliver the package."
2D48C2A7,"LOCALIZATION RECORDING STUDIOS"
2D4FD227,"Well, the loyal thing would be to call up Mr Kruger on your gridlink and report this immediately ."
2D506819,"I thought that was you. Thanks to the vials you brought me I have prepared the ... items ... that our mutual friend asked for. Please bring them to him. "
2D51776B,"Dirty leech!"
2D550B84,"You. Over here."
2D63F4D8,"Rebecca: Our fight concerns all of Cascadia, Faith. We’re trying to build a better world. One where Noah would still be with us."
2D6EE7B0,"Faith: No, it’s not your fault."
2D76A4B5,"Faith: Control chips. Relay boxes. OK."
2D82A25E,"LUCASFILM STORY TEAM"
2D9199E0,"Faith: Not a problem. I can run through them."
2D990972,"SENIOR DIRECTOR GLOBAL MEDIA"
2D994F97,"ASSOCIATE PRODUCER"
2D9D9037,"{0:input} (along wall) onto certain vertical objects"
2D9E0F77,"CREATE REPLAY"
2D9F9F8E,"Faith: Well, somebody should wake them up ..."
2DAECDAE,"SIDE MISSION"
2DB7F0BE,"Skill Move: ROLL"
2DBC0F8E,"COMBAT SHIFT"
2DE95D3A,"v.{0:d}"
2DEA633C,"Icarus: Finally."
2DFF2260,"GAMEPLAY DESIGNERS"
2E00BBFA,"Nomad: Yeah, I heard. I say that geezer can wait, but it’s your choice. Check your map for where to find me."
2E0525C9,"Martin was born in the same year OmniStat was dissolved, the son of two renowned musicians who had miraculously survived both the purges and the civil war. Growing up in a musical home it was no surprise that he showed an early aptitude for the piano and composing, and though the fledgling nation of Cascadia had little to offer in terms of musical education his parents made sure to nurture his talent, while also instilling him with a deep sense of social responsibility. They had both been active in the Kruger Uprising, though they had tried to advocate a more peaceful approach, and those same ideals were transformed unto Martin who took an early stance against the growing corporatism in Cascadia.  He met Erika while attending the first Cascadian University in Liberta, and their love was both certain and instant. And then Faith and Caitlyn were born and his life changed profoundly. He wanted his beloved daughters to grow up in a truly democratic society where people were the masters of their own destinies. His daughters inspired him start performing his music in public, and Martin fast became the figurehead of a growing anti-corporate movement – a position he would keep until his tragic, premature death in the November Riots."
2E1C8021,"THE STORAGE DEVICE WAS REMOVED DURING USE. LOAD FAILED."
2E1CB666,"Talk to Cat"
2E59AF4A,"Icarus: Alright."
2E5F9512,"Henchman: I guess we're adding another couple of family members to Dogen's ever-growing list of helpful friends."
2E6262E3,"It has a hidden purpose. Be careful, cousin, "
2E62BC0B,"THE BEAT INTEL /"
2E7498DA,"CREATIVE PRODUCER STORY GROUP"
2E7511EB,"RIGHT"
2E7824AA,"I took them over to Noah. "
2E8C0631,"Aline: We got a train prepped and ready for you, Faith. Head to the Zephyr Transit Hub and get onboard somehow."
2E8DF69D,"INCREASE ALERT LEVEL"
2E8E6E0B,"Collect 5 secret bags"
2E8E6E0C,"Collect 15 secret bags"
2E8E6E0D,"Collect 30 secret bags"
2E8F4461,"Wallrun, Turn, Jump, Wallclimb, Turn, Jump, Wallclimb, Turn, Jump"
2E8F49A3,"+{0:d} REPUTATION!"
2E94AE63,"Tenacious Traceur"
2EABD8D1,"EA GLOBAL OPERATIONS, STRATEGY & BUSINESS OPS"
2EAE0389,"Henchwoman: So. Where’s. The. Scrip?"
2EC0556A,"Faith: I’ve reached some sort of atrium."
2EDBD5AB,"SPANISH"
2EDBFFEE,"Plastic: It won’t be for much longer."
2EE0BB92,"Faith: I found the capsule. That other runner hid it. Left a cabal mark I haven’t seen before."
2F02EFB2,"CONTINUE WITHOUT SAVING"
2F10F232,"When did you last access the Grid?"
2F113939,"LIVE QA"
2F1C6A1C,"Meet with Dogen at gastroFusion"
2F21A25F,"Noah: Damn it ... OK, we can handle this. Faith, get to the Orion Building nearby. Icarus, meet her there."
2F3063CC,"Faith: No problem. I’ll set you up."
2F479312,"Plastic: Did you know that Reflection is a fluid that you inject? It’s full of nanites that merge with your body."
2F4BD844,"Rewarded for being a DICE employee... and awesome!"
2F4C5931,"Noah: Avoid the VTOLs and don’t get into any scraps."
2F507F35,"Plastic: Don’t get killed. Kuma will miss you."
2F514246,"TRIANGLES BLACK"
2F58E6CD,"RACE AGAINST"
2F68083C,"Yeah, well, I don't see much of it to be honest. "
2F6BBCE3,"BENEFACTOR"
2F6BCB5F,"Faith: OK ... Can you call Noah?"
2F6DF0CA,"What did you say? Speak up."
2F7A4D6A,"SENIOR LEAD GAMES USER RESEARCHER"
2F7FE89B,"I promised my brother I’d keep in touch, and I will, but only to warn him when it's time to leave the city. In the meantime, I thank him for this flower and the happiness it will bring to her."
2F7FFA5F,"Nomad: Just one thing: Be careful around Black November and Rebecca Thane. From what I hear she’s as crazy as they come. Plenty of blood on her hands ... Anyway - talk later!"
2F976CC1,"Rebecca: Isabel really believes in the upward mobility of the employs. I tried to make her understand that it is all a mirage, meticulously designed to keep the loCaste in place and the midCaste complacent, but she refused to accept even the notion that the Conglomerate might be tricking the employs."
2F9F5F34,"Dogen wants you to climb to the top of the ANANSI EMPORIUM and release the MASS TUNED DAMPER there. It's somewhat unclear what effect this will have, but it's certain to spell trouble for Anansi and its owners.  "
2FAD9797,"Hey, over here."
2FBC87E4,"Hey guys! Sweetwater! Come take a look at this."
2FC658C6,"Unlock all Mirror's Edge Catalyst Trophies"
2FCA6FEB,"CG ARTISTS"
2FCBC2C8,"The Few. The Elite."
2FD4375A,"Faith: What do you need?"
2FEC4012,"LIGHT TRAVERSAL DMG +"
2FEEDF12,"NOMAD'S RUN"
2FFD5E0F,"FOLEYWORKS AB"
30082567,"Rebecca: Very good. There’s a set of doors operated by a console. Best way out of there."
302DC8A2,"Reformed employ 0451 scanned. Scanning indicates gridLink User Agreement acceptance. Proceed to the departure area."
302ED58C,"DIRECTOR BUSINESS INTELLIGENCE TECHNOLOGY"
30384A20,"HEAVY ATTACK"
3040667E,"Icarus: Well, she’s given the employs something to talk about, that’s for sure. Most of them will see this."
304F0FC3,"We must not allow any doubt. The employs might not understand or accept it, "
30527A41,"Nomad: So I’m planning a prank on KrugerSec. Gonna do some replumbing in one of their security posts. But I need them gone while I do it. Can you keep them busy?"
3074916D,"Excellent. Lead them off."
308028C5,"Icarus: Why, what difference would that make?"
30804F45,"Here we go! I’m going in."
30860B6D,"Faith: But that’s crazy."
30897BF4,"DIVERSION"
3092133F,"EA GLOBAL OPERATIONS STRATEGY BUSINESS OPS"
309ADFE3,"SOFTWARE & LICENSES"
30ABB517,"Faith: Done."
30BB3B70,"Icarus: Hold on!"
30C3E0E5,"Birdman has a DELIVERY RUN for you. These form the backbone of the runner trade and it's a simple, but effective way to deliver information while avoiding Conglomerate scrutiny."
30D1213F,"RUNNER'S VISION"
30E46D02,"Shift, Springboard, Wallrun, Swing Pipe, Skill Roll"
30E9D704,"Seb's Salute"
31079A5A,"DOUBLE WALLRUN"
31101979,"Dogen: We should have veal, Faith. Have you ever had veal? Most midCaste go through their entire lives without ever tasting real meat. Or perhaps you’re a vegetarian? I make an exquisite risotto."
31143860,"Plastic: You’re clear, Faith. They’re calling off the pursuit."
31216D29,"PRODUCT MANAGER RUSSIA"
3128FE90,"Options"
312E310D,"CONCEPT ARTISTS"
312F3145,"FOLEY RECORDIST"
312FA8DA,"I don’t care. It’s not safe. Tell me where you are!"
3130972A,"It’s just you and me and that amazing brain of yours here."
31363740,"SOFTWARE ENGINEER II"
3138E235,"DIRECTOR MARKETING"
31464E29,"Here, take this. I want to get off the streets."
31572F8F,"Plastic: That’s it. Same procedure. Keep going."
31575390,"I haven't been able to get hold of him for two days."
31810188,"Automated Voice: Don’t let yourself be beguiled by those calling themselves runners. They are outCaste and leeches, and want nothing but the destruction of our city."
3181CF35,"Automated Voice: Realize your full potential. Become the Grid. Sign up for Reflection today."
31868AEC,"Nomad: Seems they’re working on a new drone in the labs department of KrugerArms. Maybe we could snatch the chip from there ..."
318E977D,"This box isn't from here. That ain't no corporate logo. This is Omnistat stuff."
3195837B,"The new sensor chip being developed by KRUGERARMS definitely spells trouble. Nomad thinks you should try to steal the chip or sabotage the project somehow and you agree.  You’re going to find a way into KrugerArms, locate the lab where they are working on the chip and STEAL or DESTROY whatever you can find. It won’t stop the chip from being deployed eventually, but it will significantly delay the development process."
319B0C1D,"DEAD DROP DELIVERY"
31A181D2,"Noah: Faith, you are heading back here, right?"
31A360B9,"PRODUCTION MANAGER"
31A3B09D,"I miss you, Rebecca. See you soon."
31AF8C25,"Dogen: She was always the dreamer. The one with hope. Maybe I eroded that in her. Maybe that’s why she left."
31D53B8D,"LINE MANAGERS"
31D935C6,"Plastic: Who are you?"
3203B244,"CORE MOVE"
3215AD5D,"GLOBAL CONTENT MANAGER"
321BBC3A,"Icarus: Noah? She’s out. I gave her the beatLink and she’s off the Grid."
322EF3A4,"BUSINESS INTELLIGENCE ANALYSTS"
32456A82,"BACK"
324A23ED,"JUMP / PULL UP"
324B2366,"LOOK AROUND"
324BB0A8,"MOVE"
324EBF60,"SAVE"
32618C08,"Icarus: Let’s not worry about that now, OK? Just keep going, Faith."
3287B935,"SENIOR DIRECTOR OF PROGRAM MANAGEMENT OFFICE"
328B35FA,"CONTROLLER LAYOUT"
329B7963,"DASH"
32ACD21C,"There you are."
32B76E2A,"Faith: I’ll do it."
32B7F10B,"PAUSE MENU"
32B9B928,"The View"
32B9BC4A,"Faith: Icarus, I know you care for Noah, but I run better alone. You know that. And I need someone to stay here and look out for my sister. Please. Can you do that?"
32D7A2C4,"I got another foodstuff delivery for Dogen. Rare herbs from Cascadia Prime. They must not be crushed before use or all their potency will be lost. Understood? Off you go."
32D7C2DA,"Delivery"
32E31515,"BECOMING SOMEONE"
32E56B7A,"ORIGINAL STAR WARS SOUND DESIGNER "
32FE2E44,"Nomad: Oh, hey, Noah. Faith is helping me out with ... uh, a thing."
330D0133,"Rewarded for completing Story Teller"
33126B35,"SCANLINE BLUE"
332290FB,"That’s what they all say."
332857E0,"Rebecca: I don’t need your best. I just need it done."
33299780,"Noah: Good. There might be a few employs around, burning the midnight oil, and keep an eye out for KrugerSec."
3332DFC9,"What about her?"
3335ECD0,"PLASTIC"
3339012A,"It’s like the answer is there, if I could just ... How are the girls?"
333995A3,"Springboard, Swingbar, Jump, Wallclimb, Turn, Jump, Coil"
333EFFA5,"Georges' Garrison"
33400C56,"SENIOR EVENTS MANAGER"
3342FCF5,"Icarus: They killed him. The bastards killed him."
3344EC65,"When Icarus was seventeen he spotted a runner from his bedroom window. Two days later he snuck out of the apartment, a small rucksack strapped to his back and dead set on becoming a runner himself. Life on the rooftops has never been easy, but Icarus is a fast learner and he soon made a name for himself as a fast, safe and dependable player.  He is counted among the very best, second only to Faith Connors. Noah took him into the cabal while Faith was in prison, and the two have developed a close bond. Like Faith, Icarus runs mainly for the thrill of it, and every day he revels in this life which is very different than the one originally staked out for him. But unlike Faith, he is not very impulsive, and his skill comes from careful calculation rather than brash risk-taking. He detests being compared to her, and he decided long ago to not let her tarnish his reputation once she was let out of juvie."
3352A072,"Faith: Alright. Placing the first bug."
3353167B,"Plastic: Good. Faith, I’ve figured out what those new security hubs are for. They’re mirrors for Reflection. It’s a whole new Grid, connecting everybody who’s injected."
335C2AE3,"PRESS A TO ACTIVATE RV"
3362BC94,"Plastic: You should probably go there as soon as you can."
3365D0C5,"ADDITIONAL VO DESIGNER"
337C8234,"Plastic: And that’s it! I have complete access! Now let’s see ... Oh, and thanks, Faith!"
338AD845,"DISRUPTOR"
338E76D1,"Icarus: I can’t contact Noah or the others! K-Sec is jamming their comms somehow!"
33910A1F,"You just increased Faiths reputation. The runners community, security forces or civilians in the city will notice when Faith does something noteworthy. This is represented as reputation and is saved to the player profile. Faiths reputation can be viewed in the map screen."
3391FA30,"You need to prove yourself to Noah and the rest of your runner cabal.  Gain REPUTATION by completing SIDE MISSIONS, DASHES, collecting GRIDLEAKS and making the right choices during OPPORTUNITY EVENTS."
3396095D,"INTERVENTION"
33A8E013,"You have everything you could possibly want, right at your fingertips. "
33AD7F32,"Icarus: Phew. Was getting a bit hairy there. Meet me downstairs."
33B63D35,"SENIOR DIRECTOR, STRATEGY"
33B828B8,"So a cake today, huh? Guess he wasn’t lying. There are days when I just don’t know. Thanks. I’m sure he’ll be happy."
33B99E28,"Reception of package confirmed. Sender conveys humble appreciation. Payment in full authorized."
33C10CDF,"{0:time:mm:ss}"
33CBF3A1,"Noah: Look for a zipline leading to Orion."
33E0DD4B,"You promised to deliver the package for an injured runner you came across on a roof-top. Deliver the package to the marked destination."
33EAB636,"Automated Voice: Attention! KrugerSec is there to protect you. Always be ready to display your gridLink to KrugerSec officers. Protect yourself. Protect your neighbor."
33EF594A,"TREE OF LIFE"
33EF99BD,"Plastic: Stay on the VTOL. They should be stopping somewhere ahead to check on a building."
33F11C37,"INTEL: ENFORCER"
33F2B4CB,"And we’re out. Thank you. You will be paid."
33F4CDAE,"RECORDING SERVICES PROVIDED BY"
340055BC,"You are not the owner of this UGC."
34119271,"Automated Voice: Attention! As Reflection is introduced, your gridLink will become obsolete. Remember to apply for Reflection today. A select number of early adopters will receive family discounts."
34184D1A,"THE VIEW, HICASTE. POP 8000"
34325BE2,"AI controlled all-weather aerial support drone. It can assist in tracking and monitoring as well as coordinating ground support insertions against fast moving targets. If need be it can also assist in pacifying suspects to facilitate arrest. "
343400BC,"Those eggs are useless now. Dogen will have a fit."
343DAB67,"She looks like a sweet kid."
344595EC,"Plastic: Faith, you are doing something about those KrugerSec, right? I don’t think your friend will come out of hiding until you do."
344DC3AE,"I’d rather have as little to do with them as possible. We got the guns. "
3461956F,"Thanks for playing! To continue your story progress you need to own the game, please purchase the game now with your member discount. Otherwise, you can continue exploring the open world until your Play First Trial ends."
3462B254,"LEAD TEAM"
3463F281,"SELECT ECHO"
347A761D,"MARKETING COORDINATOR"
347B1EF9,"Icarus: There’s lots of K-Sec outside. Faith ... I see body bags ..."
347F13D3,"Nomad: Ah, I wanted to do a sort of memento of you, and, eh ..."
34863615,"QUIT GAME"
348BD40A,"NUM MINUS"
348DE110,"ENGINEERING WORKFLOWS"
34911FA2,"INTERACT/ USE MAG ROPE"
34911FB9,"MOVE ENEMY ATTACK"
349CF50A,"Flow"
349DDD69,"HACK"
34A1F424,"OPEN DOOR"
34A29792,"PUSH"
34A4A8DE,"Faith: Could’ve done with better weather."
34C5A937,"MENU"
34CB9CAE,"Faith: Good, the Beat is working."
34E0C265,"We have to get someone to do it for us… A proxy."
34EB7B19,"Faith: At the terminal. Firing the shotgun."
34EE80D6,"Icarus: Sure. Sorry."
34F930A6,"At the Lair you ran into REBECCA THANE, leader of the resistance movement BLACK NOVEMBER. Seems she wants the Reflection blueprint, but Noah feels it would be a very bad idea to give it to her, considering her willingness to kill innocent people in order to further her goals.  It doesn't matter much since you've planned to sell it to DOGEN and square your debt. You'll find him in his new restaurant GASTROFUSION in the Anchor district."
34FC04E8,"Faith: That doesn’t sound right. Is their security really that lax?"
34FE48E5,"Icarus: We’ll need to move fast if we’re gonna do this."
3502688B,"DIRECTOR OF OPERATIONS"
3506183D,"Icarus: I’m at Orion."
350C9517,"@"
350C951B,"Unknown"
350C9579,"F1"
350C957A,"F2"
350C957B,"F3"
350C957C,"F4"
350C957D,"F5"
350C957E,"F6"
350C957F,"F7"
350C9580,"F8"
350C9581,"F9"
350DC840,"Where am I?"
3515F10D,"The LINE CONNECTOR is an upgrade for your MAG ROPE that attaches to special red attachment points, allowing Faith to set up her own balance walks and swings. LOOK at an attachment point and press A to activate it."
3518847B,"Intruder alert."
3518E0FA,"ADDITIONAL SOFTWARE ENGINEERS"
352A2A56,"Break into the Forum building and plant a bug that will reveal the true nature of that corporation."
353D295A,"Complete mission VIVE LA RESISTANCE"
353EAB67,"Noah: There’s a tall WFYO office nearby, maybe you can use that to go higher and then go back into AllCom."
3540E416,"NETWORK ISSUES"
356901A8,"Icarus: There isn’t much cover in there so the trick will be to stay on the move - their tracking algorithm isn’t all that good."
356F2C3E,"Loading existing save data is currently unavailable while the game is installing.  Do you want to overwrite the existing save file or continue without saving?   Installing... {0:d}%"
3573B77F,"LOAD SAVE FILE"
3577FD12,"TIME TRIALS and BEAT L.E.s are user generated content (UGC) that now show in your map and in the world. Try your friends' challenges or press {0:input} to create your own where you stand."
358EBE44,"Vault, Slide, Jump, Wallclimb, Turn, Jump, Wallrun, Turn, Jump, Skill Roll"
35942846,"Belle of the Ball"
35A87D98,"You there. What are you doing in this area?"
35BC07AC,"MOUSE SENSITIVITY"
35E5B0C9,"It seems PLASTIC needs your help with something other than that metaGrid of hers. Might be a good opportunity to do her a return favor for her work on the OMNISTAT Drive."
35E5F48D,"Faith: I thought you liked her."
35F9486B,"SEMICOLON"
35FF4D6F,"Yeah? That would explain a few things."
3612188E,"LALT"
361275BB,"LEFT WIN"
36211C42,"Noah: It’s near the Everdyne building."
362AD4DC,"ADDITIONAL 2D ARTIST "
3630B09A,"Delivery missions are the most common runs available. Take on these to hone and IMPROVE your SKILLS as a runner. A COVERT DELIVERY requires you to deliver the package without ALERTING KrugerSec. AVOID all sensor and cameras, and reach your destination within the allotted TIME. "
3632BDF4,""
364B6CD5,"VIDEO & MEDIA DIRECTORS/EDITORS"
364F0CD5,"I’m sure she is. I’ll be along in a minute, "
365EDB95,"SR DIGITAL ANALYST"
3663E1BC,"Faith: Plastic?"
3668A149,"Better training and understanding of KrugerSec gear allows Faith to deal small amounts of melee damage. Not terribly strong but useful in a pinch."
3668FD97,"ITALIAN"
366EC6BE,"STOCKHOLM STUDIO DIRECTOR"
3689988C,"BRAND CREATIVE DIRECTOR"
36C31E03,"Faith: Found his office."
36DC68CE,"I just need to get him off my trail first, "
36E7192D,"{0:input} to breach and maintain momentum"
36FFFEA6,"Rebecca: I had Tristan get you an upgrade for your Cyclone glove. It’s on the table. You’ll need to get around."
37108986,"Plastic: There."
3720E516,"OPERATIONS PRODUCT LAUNCH"
373571BA,"CLIENT SERVICES"
3736660A,"DIALOGUE GLOBAL TALENT AND LABOR RELATIONS"
373B11E5,"Quick positional change"
373ED496,"{0:d}"
374185B3,"RELEASE"
375E49E6,"Rewarded in the Combat Runner kit"
375E83D0,"SENIOR NETWORK ENGINEERS"
3763B3E8,"SCANLINE RED"
376B5BE3,"TOGGLE"
3775E353,"LEAD DEVELOPER"
377EBFF2,"Hey, I’m over here."
378D2BC7,"SAVE UNLISTED"
378FF7DB,"He sounds exactly like that"
3792C4C0,"Faith: Nice!"
379BCBB9,"You've finally faced Dogen, the crime czar of Glass, and the meeting went well, all things considering. He still has the pattern DRAWING made by your mother, and you still owe him big for past mistakes. But Dogen definitely seemed intrigued by the Reflection BLUEPRINT, and he might be willing to exchange it for both your debt and the drawing.   While he investigates further he wants you to do a job for him though. The ANANSI CORPORATION has drawn his ire and you are to teach them a lesson."
379D41B7,"RELOAD CHECKPOINT"
379EBB0C,"Package delivery confirmed. No detection registered. Well done. Rebecca will be pleased."
37A0D0D8,"Yes? It better be important. This is my private connection."
37A3C339,"v.{0:d}"
37B35844,"Aline: Best to avoid them."
37BA3FF6,"You got the gridPrint, and Kruger is none the wiser. On top of that the SHARD just got bombed, probably by Rebecca.  Make your way back to Plastic with the gridPrint so that they can complete the virus."
37C2B9D9,"Delivery confirmed. The cake was not a lie. Dogen will be happy."
37C85DCB,"Return to the Black November base"
37D51408,"INTERNATIONAL COMMUNICATIONS SPECIALIST"
37DB1C45,"GUARD / ARMORED / RANGED WEAPON"
37DF719E,"Noah: The whole city is on alert. The Grid is on fire. Whatever you did really stirred the nest, Faith."
37E17A96,"PRODUCTION SYSTEMS"
37E2ED32,"Dogen: I have something extra in mind for Anansi. I’ll tell you more when you reach the tower."
37E3E6E5,"Reach full focus and take out 10 enemies before it runs out"
37E950E7,"Danger Zone"
37F9EA6B,"TREE OF LIFE"
380375BB,"{0:input} Kick their BACK for a LONG STUMBLE."
3808789E,"Skill-rolls help you keep momentum and minimize damage taken when jumping from high grounds. Then later you press the button, the more momentum you will gain."
3812BD5D,"MESSENGER GIRL"
381DBE1A,"http://terms.ea.com/en"
382CD20C,"VOICE OVER PRODUCER"
38495B9B,"Break into the Forum building and plant a bug that will reveal the true nature of that corporation."
38586929,"REZONING, OUTCASTE. POP 300"
386D1489,"TIME DELIVERY"
38722D4D,"{0:input} or {1:input} + {2:input} again"
387644E3,"Noah: Better move fast, Faith."
38878242,"ORIGINAL STAR WARS MUSIC"
389C0BC5,"Faith: They did."
38A1EB22,"Tap all the dataPoints before the time is up"
38A1EB23,"Capture all the encrypted leaks. Be warned that once you collect the first leak, you only have a short time to collect them all before Kruger Sec locks you out and you have to start over again."
38A1EB24,"Find the encrypted leaks in the surrounding areas before time runs out."
38A1EB25,"Time is up. The firewall has shut down the system. You will have to get back to the first access point and start over"
38A3F760,"COMBAT TUTORIAL MOD COMPLETE"
38AF0AA3,"THE CONGLOMERATE"
38BE1B76,"then wouldn't it be a very loyal thing to liberate said gold from Omnistat, "
38D528F5,"Your Profile does not have the correct permissions to access Online functionality."
38F4BE46,"Plastic: Remember, once you activate the first point the firewalls will try to shut you out. And that’s bad. You’ll just have to be faster than they are."
390440F3,"GLITCH KEYS"
39071241,"EA CERTIFICATION"
39234D6C,"VOICE PRODUCTION AND RECORDING STUDIOS"
39295AAB,"{0:input} {1:input}"
3944ADBF,"So I need this delivered pronto. And you can’t be seen. Careers depend on it, understand? Don’t. Be. Seen."
395F8222,"Neurovascular function normal. "
396C75D2,"What am I supposed to do? I'm scared."
396FAB53,"EAJ LOCALIZATION TESTING TEAM"
3971FE2F,"Alright. Let’s work it out then. Does Trine and Firebird know?"
39839E03,"Plastic: Make up your mind."
398BA0FC,"The package contains a small musical instrument for a friend. Make sure she gets it intact. "
39ABDC50,"FOLLOW THE RED"
39BB2C3B,"Well ... The loyal thing would be to call up Mr. Kruger on your gridLink  "
39BC6EED,"Bam!"
39DA8B98,"Noah sent you to talk to BIRDMAN, one of the first runners in the city and an old friend. Supposedly he has a few hoops for you to jump through in order to prove your skill."
39E16E3B,"So you like blowing things up, huh?"
39E8FCA9,"Noah: The best route is not always the most direct one, Plastic."
39ED30A4,"Henchwoman: There you are. Dogen will expect payment soon. Just so you know."
39ED3A10,"Plastic: I just figured it would be weird. Especially since her sister has Reflection too. Like you do, Icarus."
3A08B440,"Cat!"
3A08B441,"Stop it!"
3A08B442,"I hate you!"
3A08B443,"Stop it, Cat!"
3A08B444,"My name is Isabel!"
3A08B445,"Your name is Caitlyn Connors!"
3A08B446,"You’re the daughter of Erika and Martin--"
3A08B447,"And my sister."
3A08B448,"I have no sister! You left me!"
3A08B460,"Cat! I--"
3A08B461,"He said you died in the riots, with mom and dad. "
3A08B462,"I cried for months! And then I convinced myself that you never existed!"
3A08B463,"It was the only way!"
3A08B464,"Cat!"
3A08B465,"And that's how it all went down."
3A08B466,"I wish I could say everything changed."
3A08B467,"That the employs rose up in disgust"
3A08B468,"over Reflection and overthrew the Conglomerate."
3A08B469,"But there was no mass uprising."
3A08B481,"No riots on the streets."
3A08B482,"KrugerSec remained in control."
3A08B483,"Life went on as before."
3A08B484,"Or almost."
3A08B485,"Because something HAD changed."
3A08B486,"We'd started something."
3A08B487,"Something we intend to finish."
3A08B488,"Isabel! Help me!"
3A08B489,"Isabel!"
3A0A65E7,"Scratch Dogen’s back and he’ll scratch yours."
3A0FD100,"Faith: And by “someone” you mean me."
3A12310E,"Plastic: Sorry about that. My override didn’t work. You have to make your way over to the Big Dog."
3A196F1A,"This is a great disappointment to me. I expect people to deliver on their commitments."
3A2B5DC9,"RUNNER KIT"
3A2C4006,"... and so I’m forced rule out that option. Maybe if--"
3A349A3F,"Noah: I’ve been telling you for years - we don’t do runs against KrugerSec! And then what’s the first thing you do when you get out? I don’t know why I bother ..."
3A386981,"Icarus: Faith, I got a dash for you. One of my favorites. Up for a challenge?"
3A390F86,"Perform a highground attack as a finishing move"
3A3B4BA1,"SKILL-ROLL"
3A3E7988,"Hey, it's-a-me again!"
3A47A3AF,"{0:s} {1:s} by {2:s}"
3A7AB826,"USER INTERFACE ENGINEERS"
3A856FD5,"Plastic: You’re out, Faith. The drones shouldn’t bother you there."
3A867EC2,"Faith: I’ve reached the top."
3A945F23,"HEAVY ATTACK - FROM BEHIND"
3A9AD60E,"SAVING WILL OVERWRITE THE PREVIOUSLY SAVED PLAYER PROFILE DATA. ARE YOU SURE YOU WISH TO PROCEED?"
3A9D530F,"PRODUCERS"
3AA4D478,"SENIOR MANAGER CORPORATE COMMUNICATIONS"
3AA61199,"I know I would want to spend my retirement in a luxurious Regatta Bay apartment. "
3AAEE445,"PURCHASE"
3AC0C5EA,"ORIGINAL MUSIC PERFORMED BY"
3AC681C7,"ANALYSTS"
3ACB92B4,"SANCTUARY"
3AE275A4,"Icarus: We’ll do our part, Rebecca. Don’t worry."
3AE2F10B,"Who did?"
3AE90C51,"TAKE MISSION"
3B0506F3,"We’re moving as fast as we can here. Keep them busy."
3B119900,"SEND FLOW REQUEST"
3B326DD1,"{0:d}"
3B447678,"OTHER PLAYER"
3B4C6736,"Faith: Alright, I’m there, Nomad. Now if I just rip this out ..."
3B4E236C,"What if I’m chasing a pipe dream?"
3B5B6E6E,"VP & GROUP GM FROSTBITE"
3B6B5506,"Stay out of sight, damn it. If you’re spotted we’re all in trouble."
3B6FE7CF,"Plastic: To override their current directive the alarm must go through a verified alert terminal. There’s one near you. Or you could just attack them of course. But my way is more fun."
3B720288,"PULLUP "
3B7A9FEB,"Is this even working? Testing. Testing. Yes. Please deliver this package to the intended coordinates. You’ll be well paid."
3B8B64AD,"DIVISION>"
3B8FD608,"ADVERTISING LIFECYCLE MARKETING"
3B933ADF,"ELECTRONIC PARTS"
3B94BA44,"BEAT LINK"
3B94DC9E,"Noah: You’ll need some gear to get into Anchor district. Icarus will set you up."
3B9A5EC6,"EDEN VILLAGE"
3BC24F7C,"The PULLUP is an upgrade for your MAG ROPE that attaches to special red attachment points, allowing faith to pull herself up great distances. Faith raises her arm to indicate she's within range to use it.  {0:input}(HOLD) TO ACTIVATE"
3BCD4AFA,"So that’s it. The cake was a lie. I’ll tell Dogen ..."
3BD533F8,"Faith: Someone should clamp down on them."
3BD5839E,"http://tos.ea.com/legalapp/WEBTERMS/US/en/PS4/"
3BDC41DB,"HACKABLE SCREEN"
3BE7D59D,"LOW SPEED + {0:input}{1:input}{2:input} + {3:input} = LOW DAMAGE and force an enemy off-balance.  Can cause RETALIATION attacks.  TRAVERSAL + {3:input} = HIGH DAMAGE and a long STUMBLE Causes KNOCKS to deliver extra damage but also removes FOCUS SHIELD  STUMBLING opponents receive EXTRA DAMAGE from environment or enemy KNOCKS "
3BE8938C,"RECORDING #1943 LOCATION: UNKNOWN  TRANSCRIPT:  VOICEPRINT MATCH: NOAH KEKAI Are you awake? (beat) Hey kid, can you hear me?  VOICEPRINT ASSIGNED TO DATABASE ENTRY: ""ICARUS"" Where am I?  NOAH KEKAI You're safe. KrugerSec won't find you here.  Take it easy. They gave you quite a beating. If Aisha and Caleb hadn't shown up ...  (COMMOTION)  I said calm down.  ICARUS Let me go. I need to be somewhere.  NOAH KEKAI The only thing you need is rest. Is there anyone I should contact? To let them know you're alive.  ICARUS No.  NOAH KEKAI Are you sure?  I don't understand you. We find you half-beaten to death on the rooftops. Nobody knows who you are. Nobody has even seen you before. You're not a member of any cabal I know of. What's your name?  ICARUS Icarus.  NOAH KEKAI And your last name?  ICARUS I don't want to talk about it.  END OF TRANSCRIPT"
3BE8938D,"RECORDING #2742 LOCATION: UNKNOWN  TRANSCRIPT:  NOAH KEKAI If you want to run for me, there are a few rules you have to follow, the first of which is you never pick a fight with KrugerSec.  ICARUS I know.  NOAH KEKAI I'm still not sure what you planned the day we found you.  ICARUS I ...   NOAH KEKAI If you want to stay with us, you're going to have to tell me eventually. But I’m going to take a chance on you, you’ve proven yourself enough already.  ICARUS I have?  NOAH KEKAI Yeah. You're good. Really good. Just don't let it get to your head. I've seen that happen, and it's not pretty.  ICARUS Are there any more rules?  NOAH KEKAI Don't do anything that risks what we have here. Your friends rely on you to stay out of trouble, and our customers rely on us to stay neutral. If a job smells bad, it's probably because it is. Now, are you ready for your first job, or should I ask someone else?  ICARUS I'm ready.  END OF TRANSCRIPT"
3BE8938E,"RECORDING #3632 LOCATION: UNKNOWN  TRANSCRIPT:  ICARUS Who are they?  NOAH KEKAI What?  ICARUS The picture you're looking at. Is that your family?  NOAH KEKAI Not my family.  ICARUS Are they alive?  NOAH KEKAI One of them is. Faith.  ICARUS She looks like a sweet kid.  NOAH KEKAI She was. She is. We ... We parted on not so pleasant terms.  ICARUS What happened?  NOAH KEKAI I don't want to talk about it.  END OF TRANSCRIPT"
3BE8938F,"RECORDING #4759 LOCATION: UNKNOWN  TRANSCRIPT:  ICARUS You're looking at that picture again.  NOAH KEKAI Yeah?  ICARUS I just don't get it. She messed everything up.  NOAH KEKAI You weren't here.  ICARUS I know you get all sad when you look at that picture and I don’t understand why.  NOAH KEKAI Maybe it's not for you to understand, but just to accept?  ICARUS Why? If any of us here had done what she did, you'd have us thrown out on our butts.  NOAH KEKAI I did throw her out. And I was wrong.  ICARUS I know. Because she's Faith, right?  END OF TRANSCRIPT"
3BE89390,"RECORDING #5891 LOCATION: UNKNOWN  TRANSCRIPT:  ICARUS No, Noah, listen to me! Listen, OK? You can't cut a gridlink like that without them noticing! This will bring them down on us. I thought you said we shouldn't mess with KrugerSec.  NOAH KEKAI This is different. It's Faith.  ICARUS The fabled Faith. Best runner in Glass. Who messed up everything for everyone around her.  NOAH KEKAI Yeah. Her. Icarus, look, all you need to do is break her out of the holding area. She is fast. She'll outrun any KrugerSec that tries to follow her.  ICARUS If she's so fast, how come she got caught in the first place?  NOAH KEKAI She's better than I ever was.  ICARUS Oh, really?  NOAH KEKAI Come on, don't start.  ICARUS OK, OK, I guess we're getting her out. So what do I need to do?  END OF TRANSCRIPT"
3BE9E558,"Icarus: A VTOL just flew in. I think K-Sec means business."
3BEA6F06,"Icarus: Ignore her, Faith. Just get it done."
3BF78E06,"DATA SCIENCE DIRECTOR"
3C010E51,"Plastic: Make your way to the View while I look for a way inside KrugerSec HQ."
3C1EC6DB,"BRAND MANAGEMENT"
3C29578A,"Only visible to the people you choose to share the challenge with."
3C3A6C0A,"Automated Voice: Attention. This is a KrugerSec announcement. Travel between the city districts has been restricted. Special authorization is required. Travel without authorization is considered a breach of policy."
3C3AAEC8,"A SMALL JOB FOR DOGEN"
3C3B39B7,"Automated Voice: Never fear for your kids again. Sign up for Reflection today."
3C4F5751,"Nomad: Stay focused all the way to the drop. If you stop, or make too many mistakes you won’t make it."
3C695B53,"Alright, control, I’m in position. Where’s my backup?"
3C69AB4F,"Plastic: Good. The gridNode is not too far from where you are."
3C6ACDCF,"Faith: There. I hope it’s worth all the trouble."
3C89C2E0,"Noah: Icarus? What’s your status?"
3C8E3827,"Take down 5 enemies in a row with the last hit being a Close Quarters attack"
3C8EF1DB,"I hope so. "
3C93A229,"Up Close and Personal"
3C97ABAE,"This location has been reported - thank you!"
3CADB090,"SHOW SURFACE"
3CADDDAB,"Faith: I have no idea what you’re talking about."
3CB2C45C,"Aline: There should be a maintenance shaft leading up from the generator room."
3CB56AC7,"Attention. All Tier Four residents must evacuate the island immediately. Please proceed to your assigned evacuation point."
3CB7ED81,"Do you think there's gold in them there other ones too?"
3CC3F0B2,"VICE PRESIDENT BUSINESS AFFAIRS"
3CD43EEF,"Icarus: Hey, Faith! I’m over here!"
3CE2E02A,"Aline: You’re getting close, Faith. Just continue upward."
3CEF43D0,"ASSISTANT PAYROLL SPECIALIST"
3CF5E5AE,"DOWNTOWN SECURITY"
3D0736E3,"Warning. Tuned mass damper support deactivated."
3D27384E,"SENIOR ENGINEERING DEVELOPMENT MANAGER"
3D37EA8B,"{0:s} INVITES YOU TO PLAY {1:s}"
3D3DE211,"GAMEPLAY SOFTWARE ENGINEERS"
3D3E982A,"We are. "
3D41EEE6,"Hand to hand combat"
3D475218,"USER GENERATED CONTENT"
3D4D4DDB,"I’m lucky you came by. Thanks."
3D6A1343,"Are you asking me out?"
3D6A4CE4,"DISPATCH & KRUGERSEC GUARD"
3D82ACF3,"Nomad: Sorry, but the less you know the better. It’s for a good cause though. I promise!"
3D83A80C,"PLAYER ANALYTICS"
3D91D02E,"Like we thought. That means that three of the big corporations are in on this. "
3D93125C,"Damn it! You’ve ruined everything! "
3DA26039,"UP ACTIONS"
3DA439C7,"DIRECTOR CONSUMER INSIGHTS"
3DA9989D,"Aline: No. Reflection induces artificial emotions. Art is real."
3DB4B28A,"I know. Because she's Faith, right?"
3DC007D3,"I know it in my heart. Even with OmniStat just across the river it will be better. "
3DC3A431,"Runner network"
3DC97044,"Runner. I’m waiting here."
3DD2D166,"What kind of voice? he doesn't speak like that at all."
3DE81360,"Nomad: Get away from their scanners and they’ll lose you eventually, Faith!"
3DE87554,"Plastic: Of course."
3DECD437,"Rebecca: I wonder about your ideals, Faith. Something tells me you care about all of this more than you let on, but where do you really stand?"
3E02A40B,"NEW PERSONAL BEST!"
3E0342E5,"FROSTBITE COMMONS"
3E0B7697,"SLIDE ATTACK"
3E119B66,"CREATE CHALLENGE"
3E14F708,"Dogen plans to show a hiCaste exec with Everdyne the error of his corrupt ways. We’ll need a diversion while this lecture is being held. Can you assist?"
3E220B57,"Plastic: I’ll have the elevator doors open soon."
3E29A500,"It’s from her, isn’t it? She told me she’d send a runner. I don’t get why she couldn’t use Cascadia Logistics like normal people. But she likes to put a flair on things. Thank you."
3E2D6FC9,"Nanda: I’m not safe anywhere. On the one hand there’s KrugerSec, and on the other there’s her and her people. Those who should know what she really is, but who I fear would reject that fact as preposterous. I left you because I wanted to change the Conglomerate and the City. Even as a child I held on the hope of a different world, the one Martin Connors used to speak of before they killed him. It tore me apart witnessing you succumb to the reality we lived in. To see how it corrupted you.KrugerSec are here and I must go. One last attempt at finding refuge and the hope that you’ll find me there before it’s too late. No need to go far. Seek the dragon. I dwell in its fiery belly, beneath the burning path."
3E33AF6B,"This is not the right way to fight the corporations. "
3E379981,"Icarus: Yeah, we’re doing our best here."
3E3F1D87,"HOLD DOWN TO PLAY"
3E494010," DIGITAL PRODUCT RELEASE MANAGER"
3E4ACEE6,"DIRECTOR OF PROGRAM MANAGEMENT OFFICE"
3E518FE5,"Rewarded for collecting 251 electronic parts"
3E52BADE,"Icarus: Faith! Over here."
3E56F9E7,"STREAMS BLUE"
3E688B22,"Smile and swear they're both good."
3E6E947C,"SAVANT EXTRAORDINAIRE"
3E72F8FA,"Dispatch: Adam 8-1, respond. Have you got Carpenter subdued?"
3E84CF63,"I... "
3E86A944,"Periodically awarded for participation in events"
3E89FFB8,"TOO CLOSE TO THE SUN"
3E89FFB9,"CALEB'S RUN"
3E89FFBA,"NOAH'S RUN"
3E89FFBB,"DON'T FALL DOWN"
3E89FFBC,"THE SCENIC ROUTE"
3E8C1346,"RAIN ORANGE"
3E945A86,"COOLDOWN"
3E953F7A,"hh:mm:ss.ff"
3E96DCD4,"Noah: Must’ve been that “special” unit. But he’s gone now. You’re clear, Faith. "
3E9EE2E6,"The basic Runner's Vision echo"
3EA38A7B,"and report this immediately."
3EA420B8,"Automated Voice: Attention! All loCaste employs assigned to foodDome Gamma must report to the Zephyr Transit Hub within the hour. Failure to comply is a breach of Conglomerate policy."
3EA44CE8,"RUNNER'S VISION RED"
3EAFDB7D,"Hey Faith! Over here. I need your help."
3EC2115D,"Find the open window"
3EC2115E,"Find the Agricultural Dept."
3EC2115F,"?????????????"
3EC21160,"Find an elevator"
3EC21161,"Climb the elevator shaft"
3EC21162,"Find a way into the office area"
3EC21163,"Find Workroom 4H"
3EC21164,"Activate shotgun"
3EC21165,"Follow the Intruder"
3EC21166,"Find a way out"
3ECAFCF3,"Automated Voice: Attention! The Anansi Emporium is opening soon. Apply for a place in the VIP line and receive a 5% discount on your first purchase."
3ECB3A69,"I didn’t do anything!"
3ED04414,"Noah: Faith, the city has changed while you were away. You should take the time to explore a bit."
3ED746E5,"ORIGINAL MUSIC ASSISTANTS TO MR.HAAB"
3EE1E169,"Hey, that’s for me right?"
3EE360C8,"Hit critical health and take out 20 KrugerSec"
3EE8CACA,"You're Unsafe"
3F02D401,"There's a restricted sub-hash here. "
3F06CFD7,"DETAILS"
3F0B17CD,"I18N ENGINEERING PROJECT LEAD"
3F0D1C93,"RESEARCH DATA SCIENTIST"
3F29EA63,"There is a delivery pick-up nearby."
3F340D1A,"STUDIO DIRECTOR OF TECHNOLOGY"
3F455D52,"Ask Dogen about Kingdom"
3F455D53,"Go to Black November"
3F455D54,"Talk to Black November"
3F455D55,"Talk to Icarus"
3F455D56,"Use the MAG to force open the door"
3F455D57,"?????????????"
3F455D58,"Find Kingdom"
3F455D59,"Gain access to the Kingdom facility"
3F455D5A,"Look for Noah"
3F455D5B,"Investigate the interior of Kingdom"
3F455D73,"Use the terminal to free Aline"
3F455D74,"Find the interrogation room"
3F455D75,"Interrupt the interrogation"
3F455D76,"Escape"
3F455D77,"Escape using the cargo elevator"
3F455D78,"Escape to the OmniStat tunnels"
3F455D79,"Head back to Black November"
3F47C26A,"Wow, that’s it, isn’t it? I never thought he’d have the balls to send it. And you got it here undamaged too. Thank you. "
3F516B2E,"REZONING, OUTCASTE. POP 250"
3F630938,"HIGH DAMAGE from ENVIRONMENT attacks while in FLOW  Placeholder description. Quickturn button: {1:input}  & Flow button: {0:input}"
3F75A99B,"Look, just come with us quietly. I don’t like this any more than you do. But if you keep on resisting I’m gonna have to use force."
3F767CBA,"Well, then you drag him. You always do this! I’m gonna ask for a transfer when we get back. This posting sucks."
3F95E30E,"Faith"
3FA7A673,"CHAPTER COMPLETED!"
3FAB0C32,"Num 0"
3FAB0C33,"Num 1"
3FAB0C34,"Num 2"
3FAB0C35,"Num 3"
3FAB0C36,"Num 4"
3FAB0C37,"Num 5"
3FAB0C38,"Num 6"
3FAB0C39,"Num 7"
3FAB0C3A,"Num 8"
3FAB0C3B,"Num 9"
3FAB0C43,"A"
3FAB0C44,"B"
3FAB0C45,"C"
3FAB0C46,"D"
3FAB0C47,"E"
3FAB0C48,"F"
3FAB0C49,"G"
3FAB0C4A,"H"
3FAB0C4B,"I"
3FAB0C4C,"J"
3FAB0C4D,"K"
3FAB0C4E,"L"
3FAB0C4F,"M"
3FAB0C50,"N"
3FAB0C51,"O"
3FAB0C52,"P"
3FAB0C53,"Q"
3FAB0C54,"R"
3FAB0C55,"S"
3FAB0C56,"T"
3FAB0C57,"U"
3FAB0C58,"V"
3FAB0C59,"W"
3FAB0C5A,"X"
3FAB0C5B,"Y"
3FAB0C5C,"Z"
3FFFE95F,"+ Side Mission: Drone Works"
40006A07,"ADDITIONAL QUALITY ANALYSTS"
40159702,""
4020B376,"So are you going or what?"
40267237,"MAP"
402694F8,"USER GENERATED CONTENT"
4026A5CA,"YES"
4029618C,"Noah: Is it OmniStat?"
40445E48,"BACK"
40486CA3,"INFO"
404D4793,"Faith: Woah!"
405C9427,"DEAD DROP"
405FFBCC,"Noah: Faith, if you and Nomad are done conniving I need you back here. We have to talk next steps."
4060A135,"Rebecca: These tunnels have been ours for more than a decade. KrugerSec have wisely decided to stay topside. Until now."
4069269D,"Do you have any idea how important those oysters were? I bet you don’t. Now we’ll never hear the end of it."
4079D381,"Faith: Alright, I’m inside."
408809E6,"Beatrix: You need to watch out for KrugerSec patrols. Most places around here are pretty heavily guarded due to the bombings lately."
408F8F88,"I have a delivery that needs doing. And it needs to stay covert. Avoid all cameras and drones and earn yourself some scrip."
40943EC5,"Faith: Plastic?"
409628D1,"Elysiumannouncer: This facility has been placed in lockdown mode. Please remain at your work stations until contacted by Elysium Security or a KrugerSec representative."
409628D2,"Building lockdown. Code Alpha. Don’t be alarmed. Remain at your work stations until further notice."
40B1824B,"LIVE PRODUCER"
40BA4E02,"showmap_last{0:s}"
40BB4A50,"RUNNER OBJECTIVES"
40BD11BB,"Faith: I can check on her for you."
40C43F91,"SMALL TUTORIAL"
40D2A562,"SENIOR PRODUCT MANAGER"
40DC7342,"{0:input} to jump onto ziplines"
40E0C8CD,"FOLEY ARTIST"
40E8768C,"Noah: Faith, you’ll need to go across Turing Avenue to get to AllCom. Use the Cyclone Glove Icarus gave you."
40FFE664,"Plastic: Faith, we found a way in past the outer security screen."
41020128,"Nomad: I know you like me, but shouldn’t you get going?"
410A9D60,"We've done our part for this proud nation. This is our reward, dagnabbit!"
410EDE2E,"+ Main Mission: Savant Extraordinaire + Side Mission: Break & Entry + Security Hubs + UGC: Time Trials & Beat L.E.s + Fragile Deliveries + Intervention"
4111C804,"Warning. Tuned mass damper support deactivated. Imbalance detected."
4114BDC6,"Icarus: All the better for us. If you can get it done, Faith."
41168E44,"... are you doing with that thing?"
41198ED1,"MUSIC VOLUME"
4124220F,"MARKETING INFRASTRUCTURE & OPERATIONS"
41256CB5,"Noah: Check out the map on your beatLink. It’ll give you a hint of things to do."
4130250E,"+1 max DISRUPTOR CHARGE DESTROY currently Disrupted AI systems  {0:input} HOLD to Disrupt AI, {0:input} HOLD to DESTROY Disrupted AI    "
41341422,"Noah: Remember the Orion Safe House? That cabal was wiped out because they overstepped their bounds. "
414335D9,"Nanda: Dogen, I have found a way. Or rather - a way has found me. I will be safe, and I apologize for leading you on this fool’s errand. Something tells me we will meet again, but not yet. In the meantime, be safe, my brother. You are always in my thoughts.Nanda."
4149294B,"Well ... It’s time for you to get some more rest, young lady. "
414DAA5C,"Asset protection protocol initiated. Autonomous control. Evasion routine started."
414E8517,"PLACE MARKER"
4199B5CC,"SENIOR MARKETING DIRECTOR UKI"
4199E2C7,"Noah: So I was right."
41C0D279,"Nomad: These fans are easy to shut down. Like this."
41C2176B,"+ Main Mission: Tickets, please + Side Mission: Exit Strategy + Side Mission: Complete Coverage"
41C290D2,"Defensive increase 1"
41D6361F,"Icarus: Not her specialty, is it? Being careful."
41D91F0C,"AT A GLANCE:  AllCom owns the communications networks and operates the Grid – the network accessed by all employs. They work closely with both Silvine and Everdyne in a complex relationship of interdependency and part-time rivalry. AllCom also handles the ubiquitous communication surveillance systems and associated databases which are accessed and managed with Silvine-developed software.  CURRENT CHAIRMAN: Irina Pope TOTAL MARKET SHARE: 8% NUMBER OF EMPLOYS: 612 703 as of FY48 MAIN OWNERS: House Pope CORPORATE SLOGAN: “Connecting Cascadia” MAIN SUBSIDIARIES: N/A FOUNDED: FY01"
41DDA379,"I’m sick and tired of you damn leeches, you know that? Why can’t you just stick to policy?"
41EFC653,"Nomad: Don’t let it get away!"
41F385FC,"Hey, runner. Come here."
41F7B505,"Will change the world forever."
4204CD5C,"A celebrity visit."
4204CD5D,"You gonna break my legs now? Might as well get it over with!"
4204CD5E,"You should finish what you started. Then I can have your legs broken. "
4204CD5F,"If you want."
4204CD60,"There’s nothing to finish! Noah is dead!"
4204CD61,"My mom worked on Reflection and now my sister works for Kruger!"
4204CD62,"I'm the odd one out."
4204CD63,"And the employs are embracing Reflection as if it were a long lost friend. "
4204CD64,"A new world is coming, Faith. There will be no room in it for me. Or you. "
4204CD7C,"Unless, of course, we stop it."
4204CD7D,"We can't stop Reflection!"
4204CD7E,"On the contrary, I heard we can."
4204CD7F,"I had a little chat with your friend Plastic. Fascinating girl. "
4204CD80,"She told me we need Kruger’s own gridPrint to proceed."
4204CD81,"Yeah, there’s no way to get it."
4204CD82,"Not even for a top runner? "
4204CD83,"I happen to know that Kruger maintains a private apartment in the View. "
4204CD84,"Where you can access the entire Kruger family network."
4204CD85,"Break into Kruger’s private apartment? There’s no way I’d get past security!"
4204CD9D,"ID_SCENE_0_FAMILY_BRIEF_L20VVVVV"
4204CD9E,"I’m sad to see I was wrong about you. You can see yourself out."
4204CD9F,"Wait, what?! That’s it?!"
4204CDA0,"What else is there?!"
4204CDA1,"I once knew a young woman who would defy anyone and anything, even me"
4204CDA2,"in order to do what she felt was right. But you’re clearly not her. "
4204CDA3,"You’re broken. Take the drawing and go. "
4204CDA4,"And don't show your sulking face here again."
4204CDA5,"Since when do you care for what’s right?!"
4204CDA6,"When it coincides with my interests. Why are you still here?"
4204CDBE,"Because you’re wrong. I’m not broken."
4204CDBF,"Prove it."
4204CDC0,"I will."
420508EE,"NETWORK ENGINEER"
4215294C,"SHIFT"
42157740,"PIRANDELLO GROUP"
42173EF4,"Follow your mission progressions."
4218CFD6,"STORY>"
4219CA0E,"BEATRIX BLOCH"
421CB9CE,"BUSINESS SOLUTIONS ANALYST"
421F8829,"Good, we’re talking to the individual in question now."
42208E02,"KrugerSec Enforcers will be here to take me away. Maybe I’ll be sent to the Greylands, "
422E915C,"Why do you think that would bother me?"
423B461A,"Aline: Faith! The building is on full alert! Don’t let anything interrupt that virus upload!"
42462ACF,"LOADING PLAYER PROFILE DATA. PLEASE DO NOT TURN OFF YOUR XBOX 360 CONSOLE. "
42565039,"{0:d} / {1:d}  SECRET BAGS"
425A3B5A,"My associates tell me you never showed up at Sloth, Kristian. "
4262D2AB,"OK, Avani. This is the last recording I’m making here in Glass. "
426953D4,"Beatrix: Faith is helping me by planting these bugs."
427D8A1B,"Dispatch: Adam 8-1, what is your status?"
428B2E0A,"Or it could be some sort of surprise inspection."
428CC1F1,"Zephyr Transit Hub documents {0:d} / {1:d}"
42927BD1,"Faith: Damn it! Go faster!"
42B9F8C3,"FOCUS SHIELD +"
42C5C853,"PRODUCT MANAGER"
42C7BA21,"Faith: I’m out. Got the goods."
42D39C3F,"That’s enough. Let’s call it in."
42D6E63F,"VOLUME UP"
42DB7E51,"TECHNICAL DIRECTORS"
42E1796A,"Erika was born and raised in the city of Glass, her parents old already when she was young. They grew up under OmniStat rule and though they had misgivings about the direction new fledgling nation of Cascadia was headed in they claimed anything was better than the Party and its dogmas. Erika's father was a physicist and her mother a mathematician and they managed to instill in their daughter a deep love of the natural sciences and informed discussion. Being old, they both passed away when Erika was in her late teens, but their legacy was a young woman with a sharply honed mind and an informed, altruistic stance on the political shifts sweeping the country.  She met Martin Connors while at the university, and only two years later Faith was born – not planned but deeply loved all the same. In Martin Erika had found a kindred spirit. He might have been the more socially adept and overtly passionate of the two, but deep down they were the same.  As a mother Erika was quite stern, though she loved Caitlyn and Faith to death. She believed the sternness was needed because of the tough times she was certain would come. She also saw Faith turn into quite the little rebel, and though Erika endorsed free thinking and a healthy distrust of authority she didn't want her daughter to become completely wayward.  She never wanted to bring the kids along to the protest rally on that fateful day in November, but they couldn’t find a babysitter and Martin wanted his daughters to be part of what would surely be a historical event."
42F26491,"TECH AND STANDARDS"
42F70BE7,"Sargent, no, don't be silly, no, I mean what use is this gold to him? I mean he's got more scrip than he can spend in a life time."
43058D3D,"Subvert the gridNode CCU and connect it to your BEATLINK in order to expand your coverage in the city.  Hacking a gridNode opens up FAST TRAVEL options in the affected area."
431098FD,"MONITORING ENGINEERS"
43412E16,"Noah: I killed off Phoenix Carpenter’s biometrics. Told you that gridPrint would come in handy. Get on out of there."
4345A118,"Exit the gridNode"
4351FB00,"when they think back on the wrath you brought down on them. "
43554DB0,"FULLSCREEN MODE"
4356C203,"DELIVER THE CONTROL CHIPS"
435CE0F8,"DIVERSION"
4369316C,"PLM ASSOCIATE PROJECT MANAGER"
43728C74,"QA COMPLIANCE PROJECT MANAGER"
43742A68,"RUNNER BEATDOWNS"
4376AB94,"BACK IN THE GAME"
437F6268,"TALK TO PLASTIC"
4383EBD4,"Faith: I might have a way."
43893CC3,"Noah: I’ve been working hard to ensure that won’t happen to us. I really hope you didn’t just undo all that ..."
43905E65,"AUDIO ANALYST"
43933E28,"{0:truncate:16}"
43B41822,"Put it on. We need to get you connected and calibrated. I know Noah is eager to talk to you."
43BCDBA1,"SENIOR BUSINESS ANALYSTS"
43C2F8D1,"Icarus: I’m half-way there already. Let’s see if you can catch up."
43CC55D7,"QA MANAGERS"
43D55083,"The flower is an orchid, and my brother gave it to me. He misses me just like I miss him, but there's no way back for me now. I'm committed to Rebecca and Black November."
43D86697,"THE BEAT COMPANION APP"
43E46ABD,"RE-RECORDING MIXER"
43E76D6F,"GO!"
43EF63E0,"Faith: Don’t bring him into this."
43F5A6D7,"SENIOR DIRECTOR DIGITAL SALES"
43FEBD1C,"OLD FRIENDS"
4403CB18,"One less leech. Let’s call it a day."
44080463,"READ DOCUMENT"
440894F2,"It’s been a week since I went topside. You know what it’s like."
4419F6AC,"Rename your challenges"
441D4321,"Movement: RELEASE"
442A7127,"DATA SCIENTIST"
442C1A2E,"Rewarded for completing 40 opportunity missions"
44318430,"RAIN TEAL"
443966DC,"They must've stolen something really important too, considering the buzz all over town."
443BEC14,"Noah: I’d rather have dinner with Gabriel Kruger."
445B5601,"Aline: I’m not sure they’ll handle well in the thinner air up there, Plastic."
446B12D6,"Rebecca: Well, there’s a foodDome near Hale City which needs someone to incite a loCaste rebellion."
44757A78,"REPLAY IS NOT AVAILABLE WHEN ALREADY ON A MISSION"
4479668F,"Icarus: Great landing!"
44833821,"Noah: When you get closer you’ll know the marks, Faith. Just follow them home. And then we should see about getting you reintroduced to the world. I've got a run for you that should do the trick."
4498C8F1,"VISCERAL"
44C180A1,"I have a new food delivery for you. Oysters, just in from a Greyland enclave down the coast. Needless to say Dogen expects these to be delivered fresh so be careful. It’s kind of absurd that they are considered contraband, but you know how it is."
44CED02A,"Plastic: Faith did it!"
44CEE401," GPR SUBMISSIONS PLANNERS"
44D3B2CE,"Noah: I guess we’ll find out in time."
44DE65A9,"Icarus: That’s some diversion ... Route B is clear. Working on Route A."
44DE9FF2,"{0:input}(HOLD) TO SWING"
44E1C86A,"Plastic: Well ... she might also have to hack a gridNode for me ..."
44EA3E82,"Nomad: I got almost everything I need. Just a few more cans."
44EEAF8A,"BACK"
44EED2F6,"KEY BINDINGS"
44F4CA2E,"MENU"
44F80468,"SAVE"
450249DA,"Crystal Valley"
45047948,"Well, you’ll just have to trust me."
450A7785,"Plastic: Well, I think it’s stupid and pointless."
4515F268,"DISABLE GPU MEMORY RESTRICTION"
45181386,"Bug planted, and I’m out of here. Just a little while longer"
451C5925,"Warning. Tuned mass damper no longer supported. Building integrity at risk."
4542B907,"I was there, Doctor Malus. I know what happened. "
454C9C68,"Plastic: The next part is quite damaged as well from what I can see. You’ll need the MAG there too."
4556A2DD,"Rebecca has asked you to help out with DEFENDING the Black November hideout. KrugerSec are creeping into the tunnels where they intend to set up automated turrets called SENTRY DRONES.   You intend to stop them. "
45621181,"Faith: Always am."
457ABAE8,"ORIGINAL MUSIC RECORDED AT"
4588473E,"Nobody knows who you are. Nobody has even seen you before. "
458DAD0F,"Rebecca has another MISSION for you. It's obvious she wants you to become more involved in Black November's struggle against the CONGLOMERATE and though her methods are questionable, it might be prudent to stay on her good side by helping out."
45A01A16,"DASH"
45A06631,"Faith: Did they stop all maintenance while I was away?"
45A4AAB0,"Henchwoman: There you are."
45A6DFB3,"QA TESTERS"
45B66418,"DEMO CHALLENGES"
45C26DB9,"PROGRESSION"
45D9E759,"Icarus: I’ll go the other way. Meet you up ahead."
45DA5B13,"CUBIC MOTION"
45DE6564,"Noah: The authorities tolerate us because they need us, Faith. I know KrugerSec subdues up runners all the time, but its mostly pretense. They still allow us to exist. As long as we stay in line."
45E026F7,"DIRECTOR OPERATIONS"
45E1FC98,"ALTERNATIVE"
45E22B8F,"FRENCH"
45F775B3,"Icarus: Never thought I’d say this, but you sure are a sight for sore eyes, Faith."
45FC8FE7,"GHOST GAMES SUPPORT POD"
45FE171D,"This package contains a sapling and it’s quite delicate. Not that I expect you to understand advanced biochemistry, but this little fellow might just solve some of the nutritional problems they’re having up north. Get it to my associate and don’t damage it. Also, it’s in Kruger’s interest that this research is stopped, which is why I’m using your services."
46096039,"VOICE OVER DESIGNER"
46166681,"{0:input} SHIFT"
461EE255,"Any corporation that gets its corrupt hands on it will only bury it deep down where it cannot disrupt the power structure they’re so carefully erecting. "
4624D4AA,"NEW SAFE HOUSE UNLOCKED"
462A194A,"I can report that our hiCaste friend is very attentive. We’re not yet done though."
46340A6D,"So I have to record a “fail” message too? This delivery can’t fail! My career depends on it!"
463562DE,"DEAD DROP DELIVERY"
46443409,"Noah: KrugerSec reinforcements are converging on the building, Faith. Get out fast."
4644DA27,"CONTROLLER VIBRATION"
464D4FE2,"MIGRATION"
464FCDD6,"Reveal gridLeak locations"
46587C80,"SOCIAL CONTENT DISABLED WHILE ON MISSIONS"
46679F69,"UGC contains profanity."
4668332C,"Automated Voice: Override requested ... Override approved. "
4669CAF8,"TECHNICAL DIRECTOR"
466F263A,"Nice hearing your voice again. How are things below?"
467985D4,"Faith: Hey, Nomad! How’s it going?"
4687BCCB,"FREE CAM"
46881B3C,"Dispatch: Adam 8-1, respond."
468B5A08,"Nomad: Funny. Did you just come here to crush my self-esteem or are you up for some actual work?"
468F28B6,"LOCALIZATION VOICE TALENT MEXICAN SPANISH"
469E8ABF,"Rebecca: I had several talks with Isabel Kruger. An interesting and confused young woman. She really believes in the Conglomerate. Her father taught her well."
46ADBF11,"Allows Faith to see, and communicate on the Beat.   Can wirelessly auto-hack mid/low level Grid connected systems."
46BE2DC2,"Look, I don’t really want to do this. Why won’t you talk to us? Now we’ll have to beat it out of you."
46CDEC6B,"RUNNER TAG EMBLEM"
46CF727E,"Ah wonderful, the vials are intact. If you see our mutual friend, tell him the experiment is proceeding as planned, and I will soon be in contact again."
46D8500C,"©2014 Łukasz Dziedzic & Adam Twar­doch   Lato Font is licensed under the SIL Open Font License, Version 1.1 available with a FAQ at: http://scripts.sil.org/OFL     ----------------------------------------------------------- SIL OPEN FONT LICENSE Version 1.1 - 26 February 2007 -----------------------------------------------------------   PREAMBLE The goals of the Open Font License (OFL) are to stimulate worldwide development of collaborative font projects, to support the font creation efforts of academic and linguistic communities, and to provide a free and open framework in which fonts may be shared and improved in partnership with others.   The OFL allows the licensed fonts to be used, studied, modified and redistributed freely as long as they are not sold by themselves. The fonts, including any derivative works, can be bundled, embedded, redistributed and/or sold with any software provided that any reserved names are not used by derivative works. The fonts and derivatives, however, cannot be released under any other type of license. The requirement for fonts to remain under this license does not apply to any document created using the fonts or their derivatives.   DEFINITIONS """"Font Software"""" refers to the set of files released by the Copyright Holder(s) under this license and clearly marked as such. This may include source files, build scripts and documentation.   """"Reserved Font Name"""" refers to any names specified as such after the copyright statement(s).   """"Original Version"""" refers to the collection of Font Software components as distributed by the Copyright Holder(s).   """"Modified Version"""" refers to any derivative made by adding to, deleting, or substituting -- in part or in whole -- any of the components of the Original Version, by changing formats or by porting the Font Software to a new environment.   """"Author"""" refers to any designer, engineer, programmer, technical writer or other person who contributed to the Font Software."
46D860C2,"Noah: Sounds good, Icarus. We still have a game to finish."
46D8E7F7,"Centurian Yards"
46E0CD33,"How's he gonna do that?"
46F3D68C,"Automated Voice: Attention. This is a KrugerSec announcement. All train service too and from Sky City has been temporarily suspended. Those wishing to leave the island must report to the local security office for processing."
46F4A439,"Automated Voice: Look in the mirror to see your better self. Sign up for Reflection today."
46F7BCCD,"SOCIAL CONTENT SELECT"
46FC3D2C,"{0:input} next to a surface"
47019D08,"Get a nice place out in the grey lands. Where you sit on the porch with your husband, nod to your neighbours and flip 'em the finger every morning. "
4709253F,"Faith: Yes it is."
4717D69E,"Rebecca: Faith. KrugerSec are getting wise to your presence. Expect more of them at the second sentry drone."
47194AE6,"STRAFE RIGHT"
47194AE7,"WALK FORWARD"
47194E15,"EA ROMANIA QA"
47206E55,"Nomad: Well you know, living. Surviving. I missed you."
472427DD,"Most objectives and Challenges are disabled during a K-Sec alert state. Escape the threats by outrunning KrugerSec. Getting to a SAFE HOUSE or SAFE AREA triggers an immediate escape."
4739C59D,"Plastic: You can reach the lobby through the ventilation ducts."
473AB506,"I don't know. They must have been placed here in preparation for something."
474CA1F0,"Icarus: Faith, we gotta hurry!"
474E4C99,"Faith: Got another one."
47533213,"GERMAN"
4757B6F3,"ENEMY STAMINA BARS"
475FF9DD,"DIALOGUE DIRECTOR"
4768D67C,"HOLD {0:input} TO GO ONLINE"
4770AE34,"Floor 34. Lobby."
47741AB2,"Oh. I thought…"
477E6632,"Yeah, so I told mom I’ll come over sometime next week and now she’s pestering me about what I want for dinner, and exactly when I’ll show up and--"
47848243,"Perform an ENVIRONMENT COMBO"
479D605C,"SYSTEM ENGINEERS"
47AC7214,"EXCERPT FROM “A VISITOR’S GUIDE TO GLASS”:  The Anchor district is one of the main commercial and entertainment area in Glass. Though Sky City residents tend to keep to themselves and not mingle with the regular employs, some, and especially the young, make frequent visits to “The Anchor”. They come for shopping, and clubbing at the most popular nightclubs in the City – including the fabled “Sloth” where only the very select elite is allowed entrance.  Employs of all castes can satisfy every material need imaginable at the Anansi Emporium or the Pirandello Bazaar. Here they’ll find everything from the rarest of imports to the most common consumer goods. And if you’re looking for a new set of wheels the Bryson Showroom showcases the latest in automotive design. It might be that all of these locations will be surpassed by the magnificence of the soon-to-be-opened Bauble Mall, but we suggest that you come and judge for yourself.   AREAS OF NOTE:  Shimmering Heights  Crystal Valley  Eden Village  The Bauble Mall"
47BC0F65,"LOCALIZATION AUDIO CAPTURE"
47BD8875,"Dogen: Are you having second thoughts, Faith? Anansi is not exactly a force for good. Every day loCaste are dying in the Greyland factories, producing toothpicks and diapers for the midCaste here in the city. Do this for them, if not for me."
47C64AD8,"SYSTEM LOCKDOWN IN {0:time:mm:ss.ff}"
47CF9419,"+ Main Mission: Tickets, please + Side Mission: Exit Strategy"
47DD6FDF,"You're not a member of any cabal I know of. What's your name?"
482B312F,"BY {0:truncate:16}"
4842202F,"{1:input} to SWING JUMP or DROP off  Swing on, off and around pipes, bars or horizontal wires.  Balance across thin objects and wires."
48465DC0,"Erika: Faith! Cat!"
48486DC2,"Faith: Hey, you guys - woah! There is a huge hole in the wall here."
484F9E31,"ORIGINAL MUSIC PREPARATION"
485449CF,"Faith: Then the guy who had it must’ve been an OmniStat spy or something."
486C7DF8,"Divisions are based on the average positions on the global Dash leaderboards. Improve your results to rank up!"
4875A3F7,"Rebecca: It is. Here’s the dataTap. I’ll send the antenna location to your beat."
487C37FA,"SENIOR DIGITAL COMMERCIAL MANAGER"
487F90C5,"Noah: Keep at it until you can do better than the time posted on the Beat. It’s the only thing anyone looks at these days."
4892BAF8,"You've reached the area where the other runner is hiding. Clear out the KrugerSec PATROL either by taking them on yourself or luring them away using Plastic's suggestion."
4894508B,"CHARACTER TEAM"
48A404DD,"Continue"
48AE952C,"TOGGLE MAIN MISSION"
48B200CC,"TOGGLE SIDEMISSION"
48C4435C,"Icarus: I’m at Orion. Looks like an old runner safe house. What happened here?"
48C6C00B,"OPERATIONS LIVE"
48CB0F62,"OPERATIONS TEAM"
48CD104A,"Complete mission OLD FRIENDS"
48E63D56,"Noah: Don’t you want to “Become the Grid”, Dogen?"
48E69AE4,"Plastic: Sure."
48F98B04,"Hey, over here. Quietly please. There are KrugerSec everywhere."
49085542,"EA LEGAL"
49310C52,"INCREASED DAMAGE TO PROTECTORS  A breakdown of the defensive training and armor specs"
493FC3C6,"NOAH KEKAI"
4954CF4E,"LAUNCH DIRECTOR"
495D8B3A,"Automated Voice: Attention! Interaction with Runners is against Conglomerate policy and will warrant immediate deportation to the Greylands."
496BFF48,"DOWNTOWN, LO- & MIDCASTE. POP 10000"
4974BF60,"INDUSTRIAL LIGHT AND MAGIC"
4977F255,"SENIOR ANIMATORS"
497C39D4,"SENIOR ENGINEER"
497CAD85,"PROJECT COORDINATORS"
497F37EE,"Strategic switching of places with an enemy"
49846775,"Automated Voice: Attention! If you always excel at everything you do, you will be rewarded every day. If you never excel, you will never reap the true fruits of your labor. Dedicate yourself to excellence. Don't be satisfied with less."
49A63D9D,"Faith: Seems my beatLink lost contact."
49B4EC60,"THE STAR WARS ARCHIVES AT SKYWALKER RANCH, PART OF THE LUCAS MUSEUM OF NARRATIVE ART"
49BC3E83,"Here they come. Wait! There’s no need to--"
49D02877,"STUMBLE Protector into other Protector"
49D7597D,"SELECT"
49E2C13C,"DIGITAL OPTIMIZATION"
49E354E5,"Delivery received. Scrip transfer complete. Thank you."
49EB58BE,"DEFAULT"
49EDEF52,"COMPLETE"
49FC9749,"Follow Icarus (legacy)"
49FF54C6,"Faith: So what did you make of the info?"
4A08A83E,"Pick-up noted. The package contains a delicate sapling. Please ensure that it reaches it’s destination unharmed. It might just hold the key to solving the nutritional problems they’re having up north."
4A195001,"I trust Dogen, or whoever gave this to you told you to stay out of sight. Of course he did or you wouldn’t be here. Thank you for delivering the item. Now my family can relax. Scrip will be forthcoming."
4A239F46,"You’re Faith, aren’t you? Did Plastic send you?"
4A2F75DE,"Rebecca: We’re about to spring the ambush. I want both routes clear, you understand?"
4A34AA6B,"There, the man now fully understands what is expected of him. Just allow us to gracefully extract before you end this."
4A365DEF,"Read more"
4A43B39E,"you are failing at it miserably."
4A68D395,"Noah: Faith should be getting out of there, Plastic."
4A69DA92,"Plastic: No, Kuma. He’s been acting up all day. You better get out of here, Faith."
4A748E7F,"FOLEY RECORDING ENGINEER"
4A79B75B,"I'll try to get in touch with them, see if they will tell us more."
4A8D9943,"Pick up Mag Rope"
4A9D7865,"Plastic: And ... it’s on. Keep going, Faith."
4AB80DC5,"Plastic: The gridNodes make the Grid. All data in Cascadia is routed and filtered through them by AllCom."
4AC33DDE,"I only asked to be transferred to this company to get my tour cut short."
4AC9ECED,"ESCAPED ALERT"
4AC9FD45,"Faith: I’m in."
4AEB7FAB,"TRIM BACKWARD"
4AEB87C0,"INSTALLING GAME COMPLETE"
4AEE57EC,"Don’t worry. I’m safe. And I’m in Glass. I just ... "
4AF54F8B,"TRY AGAIN!"
4AF559A9,"Plastic: What, Kuma? No, don’t crush that!"
4AF6B7BB,"Plastic: It’s there! You need to catch it before they leave. Follow it and then use the MAG to attach to it when they stop to hover!"
4AF9D2C9,"Half-way there."
4B06E331,"ADDITIONAL"
4B196E66,"CAUGHT IN THE WEB"
4B28BD9A,"{0:d}"
4B391BC9,"{0:input} + {1:input} to STUMBLE a Protector left or right COMBAT SHIFT to reposition"
4B39432E,"Faith: Is this what the employs see all the time?"
4B3B0682,"AN EAR TO THE GROUND"
4B3E2CA5,"{0:s}"
4B41EF07,"AMBIENT OCCLUSION"
4B45F8C3,"Faith: Sure. Shouldn’t be a problem."
4B528477,"GOD MODE"
4B52A774,"(composed by), (P) & © Lucasfilm Ltd., All rights reserved. Used under authorization, Published by Bantha Music [BMI], Administered by and/or co-published with Warner Tamberlane Music Publishing Corp. [BMI]"
4B54E1AC,"You’re right, and I didn’t expect that part to be easy."
4B56F31A,"MANAGEMENT"
4B56F4F2,"Faith: Looks like they’re evacuating."
4B59706C,"SOFTWARE ENGINEER CO-OP"
4B662E67,"START"
4B68756A,"THE OMNISTAT TUNNELS"
4B72701A,"Time Left: {0:d}: {1:d}"
4B7C9545,"KrugerSec have been busy setting up some kind of antennas on the rooftops lately. Each antenna is protected by a squad of KrugerSec personnel. Disabling them will reflect poorly on KrugerSec. It will also call a city wide ALERT and K-Sec forces will try to chase you down.  Disable Security Hubs across the city to gain EXPERIENCE. But be aware that disabling an antenna will cause a CITY ALERT."
4BA819B0,"Good. Make sure it stays that way. We need someone on the inside. "
4BBAFA13,"Faith: So what’s the ride you got waiting?"
4BBFC9E7,"Eden Village gridLeaks {0:d} / {1:d}"
4BCD7FAA,"PRESS RIGHT and ATTACK to move enemy"
4BD1E952,"RECORDING +{0:d} XP"
4BD25992,"Plastic: I guess you attacked them. Good! Kuma is cheering you on!"
4BDB0D10,"Faith: Yeah. I was stupid. Where can I find these boxes?"
4BE0DED3,"Aline: You’ll need your Cyclone glove to continue upward. See if you can find an attachment point somewhere."
4BE0E1A8,"Beatrix: The restaurant has an outside terrace where Peter usually sits. Place the bug there."
4BE53688,"DIGITAL SALES ASSOCIATE"
4BE7C2C0,"Dogen: Or maybe we’ll have duck. I’m expecting a shipment from Cascadia Prime any day now. You’re not invited Noah."
4BE7E063,"Well, we can't just sell it."
4BF24B71,"These are used to monitor and survey all regular employs. Disable them to decrease KrugerSec influence across the city.  WARNING: If you mess with these installations, K-Sec wil be alerted and come looking for you."
4C0CA8C3,"Kruger: With Reflection I can drive you insane if I want to. You’ll be unable to separate happiness from pain. Pleasure from sorrow. And if you ever meet Faith again she’ll be disgusted by the drooling husk of a man that you’ve become."
4C1DB812,"ASSOCIATE ONLINE PRODUCT MANAGER"
4C283FD4,"Rebecca: Faith. Come talk to me. We’re planning a mission I think you want to be a part of."
4C2E3859,"I look forward to it. I’m gonna be as good as you some day."
4C330291,"Plastic: Thank you, Faith."
4C3311E2,"SENIOR MANAGER"
4C35F910,"LOCALIZATION DEVELOPMENT MANAGERS"
4C3752EC,"PRODUCTION ANIMATORS"
4C407B30,"SCREEN HACKED"
4C434122,"Plastic: I can override that long enough for you to get off somewhere in the View."
4C49528F,"Icarus: Wow, KrugerSec really means business ..."
4C51BB8C,"Kruger Sec have set up Security Hubs all over the city."
4C59A8BE,"CERTIFICATION TEST SPECIALISTS"
4C682165,"Faith: What discussion? When?"
4C6FAB10,"Faith: I’m at the crane, Icarus."
4C6FBB97,"COMMUNITY MANAGER"
4C7A922D,"COMMUNITY SPECIALIST"
4C7AAE87,"{0:input} JUST BEFORE GRABBING A LEDGE  Quickly MANTLE onto an object with some momentum to avoid a LEDGE HANG."
4C7BFB54,"Defensive increase 3"
4C8095E0,"SECURITY HUB"
4C9E8082,"Faith: I’m at the CCU. Connecting."
4CA74395,"CHIEF MARKETING OFFICER"
4CB0985E,"QA TEST LEAD"
4CB32AE9,"HELPFUL"
4CB8F181,"HIGH"
4CC62500,"Hey, I’m here."
4CD2D3EE,"You must have an EA Account to use social features."
4CD62713,"I urge you to not take this delivery lightly. Destination uploaded. Payment awaiting confirmation."
4CE7726A,"Attack {0:input} KrugerSek Guard."
4CF798B5,"Documents and surveillance recordings hold all kinds of important insight about the city of Glass and its citizens. Most are scattered along the city rooftops, while others can only be found during missions."
4CF7DDAD,"Faith: I do. Here."
4CF8A077,"Created by {0:truncate:16} {1:date:yyyy-MM-dd}"
4D0189E5,"Automated Voice: Attention. This is a KrugerSec announcement. It is the responsibility of all employs to keep their gridPrints up to date and valid. A compromised gridPrint may be considered a breach of policy."
4D025792,"Automated Voice: Don’t be left behind. Get Reflection today. Available at your nearest clinic."
4D0D33AE,"YOUR ECHO"
4D0F22FB,"Plastic: The alarm is about to go off, I couldn’t delay it any longer without risking blowback."
4D107026,"RELEASE MANAGERS"
4D130CEC,"CORE QA COMPLIANCE"
4D1AB25C,"Plastic: Faith, I know how to get you to the Shard. If you could help me access the City Transit Control Hub, we could send a train out there with you on it."
4D223338,"Massive damage from environments"
4D3A0976,"After the riots, we spent a week holed up in my apartment. The statue was standing on a table in my living room. We used to joke about it being there, present for all our conversations, looking at us with unseeing eyes, listening but not hearing, still registering everything."
4D4DA02F,"Dogen: She must be desperate, coming to me, considering why she left all those years ago. I wish ..."
4D4FC51D,"{0:input} on certain vertical objects"
4D70BE35,"LEGAL COUNSEL"
4D70DD23,"DIRECTOR GLOBAL MEDIA"
4D733FE5,"I'm afraid I have some bad news. I know I promised to get you to your parents, "
4D74B9D3,"ANIMATOR"
4D74B9D4,"ANIMATORS"
4D75BCD9,"{0:input} enemy one more time"
4D83C9A4,"Transference"
4D88CA05,"LUCASFILM LOCALIZATION TEAM"
4D8D0624,"Faith: I can get in through that fan, but I need to shut it down."
4D8EE11F,"Plastic: Of course not! I’m not a god. There is no god."
4DB5411C,"HIGH ROLLER AVENUE"
4DB5411F,"BACKSTREET BLUFF"
4DCA5B24,"I just don't see what Kruger’s doing here in the middle of the night. They say he just arrived."
4DDCE66B,"Faith: I got runner's vision again. Good."
4DDE6904,"DIRECTOR OF PRODUCT MANAGEMENT"
4E0E9617,"PIGEONS DOWN - THALIA"
4E12C95A,"I’m just not sure what she feels. I mean she obviously like me enough to agree to meet, but I’m not sure if it’s enough."
4E19C183,"Birdman: These days all packages are beatLinked so you should see the delivery point on your map. I remember when you had to make do with an address and what was in your own damn head."
4E3132A4,"ABOUT TITLE"
4E3F3B8C,"There. We’re done. That man is now ready to make the investment Dogen was counting on him to make. All is well. Thank you, runner. Scrip has been transferred."
4E44A9E1,"Faith: That’s a big ... fan."
4E523A7B,"FORCE RECALCULATION?"
4E56A9CE,"Faith: Now!"
4E769797,"ALL CHALLENGES"
4E84447D,"PLACE CHECKPOINT"
4E9CC6D4,"ENGINEERING PROGRAM MANAGER"
4EA713B0,"NO "
4EB655AC," For our friends at UPRISE"
4EBBBFAE,"HALFTONE BLACK"
4EBD8F04,"Grappling Tip"
4EC277CF,"SOFTWARE ENGINEER"
4ED57973,"Just saying. If she escaped Kruger himself she’s probably quite capable."
4EE846FB,"CLOUD ENGINEER"
4EE86E56,"Dash: {0:s}"
4EEA73C8,"Faith: Want me to break his wrists?"
4F028DD1,"INTERNATIONAL PRODUCT MARKETING"
4F085906,"Rebecca: Good. Two more to go."
4F15EED4,"You have too many public UGCs. Make one unlisted to make this one public."
4F354470,"Nomad: Noah has had the cabal keeping a pretty low profile, slowly building their rep. Guess that’s changing now, huh."
4F3C5916,"AN EAR TO THE GROUND"
4F414E03,"Icarus: We’ll split up again. Keep them confused. Can you make it across to those pipes?"
4F61584A,"Plastic: Then maybe Icarus can leave. Kuma thinks it’s crowded here."
4F67DD68,"Are you there?"
4F6B3E93,"Automated Voice: ""Attention! LoCaste caught begging for food or scrip will face deportation to the Greylands. MidCaste caught giving food or scrip to loCaste will also be deported. Don't break Conglomerate Policy."""
4F6E9028,"FAVORITE"
4F7B1E3E,"DEVELOPMENT ZONE"
4F921ACE,"Automated Voice: Attention! The future is bright for Cascadia and brighter still for its many dedicated employs."
4FA1E82D,"Movement: CLIMB"
4FC8C8AA,"Faith was seven years old on the day of the November Riots and barely got away alive, saved by Noah Kekai, a friend of her parents. He became her adoptive father, raising her on the rooftops far above the city and inspiring her, though that wasn't his intent, to become a Runner. He has made sure to keep her out of the conflict between the Black November resistance movement and the Conglomerate, and Faith has adopted his neutral stance into her own.  Though deeply scarred by the loss of her family, Faith has grown to become a self-assured, even cocky, young woman. A thrill-seeker, she runs more for the kick of it than for the money it pays. But deep down she knows that her current way of life can’t last, and that one day she will be forced to take a real stand against the Conglomerate."
4FEDB28B,"and I can’t let him find me. Not yet. He’s not dangerous. Or rather, he’s very dangerous. "
4FEEFDD0,"Icarus: Damn it. I never thought they’d go this far. We have to hurry!"
4FF27184,"His cousin, yes!"
4FF9267E,"I don't know. I'm not the brains of this operation. "
50169222,"Nomad: But I guess he got scared of being found out. Hopefully he’ll still have those docs at home."
502A613A,"Collect 20 electronic parts"
502A613B,"Collect 60 electronic parts"
502A613C,"Collect 120 electronic parts"
502A613D,"Collect 251 electronic parts"
502AC558,"DRONE WORKS"
5037DCE9,"SENIOR ANALYTICS MANAGER"
503F75A3,"Hold up, hold up! Did you just call Gabriel Kruger Gabe?"
5041F140,"SURVEILLANCE RECORDINGS"
50432F33,"SUBTERRANEAN LOVE"
50457287,"Dogen: If you have to abort, there’s not much I can do, is there. I still want this investigated when you have the time. "
5048B43B,"ADDITIONAL ENVIRONMENT ARTIST"
50669AD8,"Periodically awarded for participation in events"
506C04DA,"TRIANGLES GREEN"
506E8CBD,"Finding information is hard."
50791C2D,"Damn. I should have expected this. I’ll talk to him. Work out some kind of trade. "
5085C083,"Complete the pre-order incentive"
508ABC01,"Plastic: Do you want me to shut off the feed?"
5092BEFA,"Hey. Over here."
50A0366D,"Safe Houses provide opportunities for runners to rest and HIDE from KrugerSec pursuers. Especially useful if you caused an increased ALERT LEVEL in the city.  Entering a Safe House will clear any ongoing ALERT and the hunt for you will be called off. You can also FAST TRAVEL to these locations from anywhere else in the city, but this requires that you also SUBVERT the nearest GRIDNODE. "
50A40E7D,"Faith: Nice."
50AA5C4A,"HYPER"
50AAF950,"Really well!"
50B99CB2,"Massive damage from above"
50BF6275,"He threatened me. He actually threatened me!"
50C3358F,"This isn't your work station anymore. "
50CF2A52,"There was another girl, in class. "
50D28E0F,"Rewarded for completing Running Errands"
50D29194,"DUPLICATE KEY BINDING"
50D4D4D0,"CASCADIA LOGISTICS"
50D7F811,"TRIANGLES BLUE"
50E88C38,"Black November leech!"
50EBA025,"She is fast. She'll outrun any KrugerSec that tries to follow her."
50F35B54,"I sure did. She came in last in the sharpshooting test. And I won!"
50F4580E,"Plastic: Faith! I just realized something. What if your sister is up there? If Kruger is there, I bet your sister is too."
510A9586,"Icarus: Damn, that hurt! "
510B78FA,"Thanks, I owe you one."
51157C07,"INCREASED DAMAGE TO ENFORCERS  CLASS • Ranged: KA-5 Assault Rifle  STRENGTH • High Damage  MINOR WEAKNESS • Will not risk firing on friendlies • Highly mobile targets  MAJOR WEAKNESS • Traversal attacks • Slide attacks • Won't counter or retaliate  Keep your Focus high and remove them as a threat as quickly as possible"
51178C56,"Can we go to the top of the Shard?"
511F5857,"COMMENTS"
513F7F19,"DATABASE SERVICES SENIOR MANAGER"
51451507,"THE TEAM WOULD LIKE TO THANK"
51551BAA,"AUDIO"
51617F4F,"CAPTURE SPECIALISTS"
51684D78,"Noah: Just stay alive, Faith."
5171EA2C,"EA DIGITAL PLATFORM TECHNICAL OPERATIONS"
51729364,"+ Side Mission: Messenger Girl + Dashes + Collectibles: gridLeaks"
51784579,"COMPLETE COVERAGE"
51882725,"DOGEN"
518E3D1B,"I’ll do it. Come on."
518E8C8A,"ULTRA"
518F15C2,"TRAVEL DIARY"
5198F8FA,"GL ACCOUNTANT"
519AF742,"BEAT L.E."
51A456A8,"Thank you for using the automated Beat package service. Delivery destination now available. Payment in full upon delivery."
51A4B544,"FAITH"
51B60118,"CHARACTER CAMERA FOV"
51CA8664,"SENIOR COMMUNICATIONS MANAGER GSA"
51FD5ADC,"We’re gonna teach you a lesson, leech. A hard one."
52043343,"Noah: Faith, Icarus has gone missing and I can’t reach him on the Beat."
520C24F1,"We got a wounded comrade in need of transport. Can you lead KrugerSec out of here so we can get it done?"
521355C1,"LEADS"
521643F1,"Mission completed: {0:s}"
521A6495,"I have a bad feeling about this."
52242797,"PAYROLL SPECIALIST"
5228DDCC,"CALCULATOR"
522E8179,"MUSIC"
52330E61,"ERIKA CONNORS & ADDITIONAL VO"
523B6710,"24/7 ANALYST"
523D3527,"NOMAD"
52436CA1,"{0:input} CANCEL"
524476EF,"Leave the Allcom building"
5245D565,"Nomad: Hey, Faith! You there?"
5249CCAD,"Damn it! We’re not done here. We’ll have to continue this some other day."
5258D5E0,"I’m happy it’s our last. My associates will call on you soon.  "
52648161,"STUDIO DIRECTOR OF PRODUCT DEVELOPMENT"
5264AE81,"PULSE"
526BFE7F,"KRUGERARMS are developing an improved drone SENSOR CHIP and Nomad fears it will cause trouble for all offGrids living on the rooftops. Through a contact he has set up a deal with a guard working at the facility, who promised to sell some DOCUMENTS with more information. But the guard has gotten cold feet, and Nomad has asked you to break into his apartment and STEAL the docs instead.  The guard lives at the top of an apartment building. Make your way there, find a way inside and steal the docs."
526C1FFF,"QA & QE"
52727304,"So I need this delivered to one of our isolated cells without KrugerSec picking up on the transfer. Get me? Stay out of sight."
527705CD,"Plastic: Maybe I could call them off ..."
52787A1F,"Ah, yes. Your friend Henry felt the same way. "
527F2D28,"Plastic: They even have anti-air systems in place. I mean who would attempt an air strike against KrugerSec?"
52847EEF,"Rewarded for completing Belle of the Ball"
52896588,"Damn idiots!"
5289E8F1,"CHAOSLINES BLUE"
52968ECB,"Skill Move: WALLRUN"
52C696E2,"CUSTOMIZATION"
52C6DCEF,"COMPLETION TIME"
52CED2F1,"VP & GM"
52E50F8E,"Plastic: Great. Same routine as always. Good luck."
52EDAC2E,"Higher jump clearance"
52EEA63A,"Complete mission SANCTUARY"
52F5A27A,"Nomad: You’re getting close. The KrugerArms building is just ahead."
52F87507,"Share your challenges to friends or forums"
52FA3158,"Nomad: I thought you’d like it."
52FF021D,"TC LOCALIZATION TEAM"
53091139,"Faith: Plastic? What happened to your family?"
531F1351,"Teleporting back..."
532F841E,"Beat L.E. saved."
533FE0FF,""
53569273,"High level autohack burst"
535BA026,"Building lockdown will be completed in ten seconds. Nine. Eight. Seven. Six. Five. Four. Three. Two. One. Building lockdown complete."
535FB6C3,"Nomad: Good. The guy lives on the top floor."
5360892D,"To view the Privacy Policy visit {0:s}"
537DB92E,"Kruger: When our government fails to protect us we must look elsewhere for safety! The Conglomerate stands ready to shoulder this burden!"
537E9E8E,"SKY CITY AND THE SHARD"
539A9842,"That's quite strong criticism from somebody new to the project."
539C94BD,"REFLECTION TECH / SURVEILLANCE SYSTEMS"
53A9C86C,"Faith: I made it."
53B232FB,"Noah: Plastic. And Faith. Good to see you safe. What’s the Beat?"
53B99AA0,"Nomad: KrugerSec are saying that they’re gonna clamp down harder on the runners. And they’re setting up those huge antennas all over the city."
53B9B7A2,"Dogen: So Isabel Kruger is your sister, Faith? The plot thickens. I’ve sent you the approximate location of Kingdom."
53BE13E0,"Faith! Down here."
53BE13E1,"I've seen the news. Faith, I'm sorry."
53BE13E2,"No need to pretend."
53BE13E3,"No, but I am. Look, Noah and I may not have seen eye to eye, but I did respect him."
53BE13E4,"And your parents."
53BE13E5,"Noah said you were part of the same group."
53BE13E6,"Yes, we were. Until I realised that there's no peaceful way"
53BE13E7,"we can rid ourselves of the Conglomerate and the families behind it. "
53BE13E8,"We've got to destroy it! Using every weapon at our disposal."
53BE1400,"I know what you think, but you're wrong. I don't have it."
53BE1401,"Yeah ... See, I think you do. And that's why KrugerSec is hunting you. "
53BE1402,"And why they killed Noah. "
53BE1403,"Back off!"
53BE1404,"Look, I'm sheltering you for now. "
53BE1405,"But don't take my hospitality for granted. At some point--"
53BE1406,"I'm gonna ask you to step up or step out."
53BE1407,"That's enough, Rebecca, you've made your point."
53BE1408,"Look, all I'm saying is this: You're no longer neutral, Faith. "
53BE1409,"Just get some rest. I'm sure you'll understand in time. "
53BE1421,"Tristan will show you your quarters."
53BE1422,"We'll talk again. Soon."
53BE1423,"Not now! I need to finish this!"
53BE1424,"You have no right!"
53BE1425,"Don't touch him!"
53BE1426,"Erika!"
53BE1427,"Shoot him."
53BE1428,"Who's that in the window? It's a damn kid! Get her!"
53BE1429,"It's a cat! It's me!"
53BE142A,"Where's mommy?! I want mommy!"
53BE1442,"Faith, I can't breathe!"
53BE1443,"Cat!"
53BE1444,"Cat! Wake up!"
53BE1445,"We gotta go!"
53BE1446,"Cat ..."
53BE1447,"There they are!"
53BE1448,"This one is dead. Report it in."
53BE1449,"Go after the other one."
53BEBD6B,"Disable the antenna at the Lair"
53BEBD6C,"Escape KrugerSec"
53DF0A4E,"ERROR - ERROR - ERROR"
53F390F7,"LICENSE AGREEMENT"
53F6BB26,"GRAPHENE WEAVE"
53F7AB60,"STRATEGIC PLANNING & ENGAGEMENT"
54049C8A,"We found a vehicle. Or rather, Firebird found us a vehicle. "
5405231C,"Noah: You’re clear, Faith. KrugerSec is calling off the chase."
540C448F,"VERTICAL SYNC"
541CFFC7,"EA STUDIOS "
54202B12,"VOLUME DOWN"
542994BE,"As expected, Nomad has some new mischief in the making. His plan is for you to take on some sort of ANTENNA recently set up nearby. KrugerSec seem keen on guarding it, and so disabling it somehow will definitely make things harder for them.   When the antenna has been disabled you should CLEAR OUT quickly. Expect KrugerSec to respond and pursue."
5432729C,"]"
54331998,"USE UPGRADE POINT"
54436731,"MOVE FORWARD"
5445B628,"Here look. It’s a recorder. I’m making a diary of sorts for you. Of our trip."
544DD37B,"VIEW ALL {0:d}"
54766A37,"Defeat the Protector"
5498EE2C,"What do you have for me?"
549A186B,"Could not download the selected content. Please check your internet connection, or try again in a few minutes."
54A108B4,"There’s no way I’ll reach that ..."
54BA1E1F,"Faith: That?! Why didn’t you just say that it’s a crazy-huge pendulum?"
54C725D1,"You don’t know who he is yet, but one day I’ll tell you about him. "
54C84A17,"Faith: Icarus? Icarus, you there? Plastic? Guess I’m on my own ..."
54D9EF64,"You shut up, I'm trying to tell the new guy about our mission"
54DAD58C,"Dogen: Well, one might say that I thrive on chaos. And what else would follow the demise of the Families? At least until the masses get wrapped up in their next failed attempt at governing themselves."
54EF9352,"Plastic: This drive is fascinating. Huge storage capacity. I didn’t expect OmniStat to be this sophisticated."
54F3F235,"Rebecca: I’m picking up a lot of data through the tap, Faith. Thank you. This will be instrumental in our struggle."
54FC34F1,"Plastic: I wonder who else the Conglomerate is keeping there beside Noah. Your friends call them undesirables but that can be anyone right?"
5535EE28,"I happen to have a package that needs to be delivered to an associate of mine without any alarms raised by KrugerSec. It wouldn’t look good for her to be seen fraternizing with runners. You will of course be paid."
554579FA,"EA BUSINESS ANALYTICS AND DATA SCIENCE TEAM"
554ADE98,"Zephyr Transit Hub secret bags {0:d} / {1:d}"
55634D66,"{0:input} to pull down."
55674572,"Noah: I can track your metrics from here, Faith. Alright, let’s get started."
5575EF00,"LUCASFILM SPECIAL THANKS"
557D216B,"SUPERVISING SOUND DESIGNERS AND MIXERS"
557ECCF8,"Birdman: Another runner? Maybe they have the capsule."
557EFD98,"Nomad: Don’t gush. I heard you ran into Gabriel Kruger."
559E612B,"Faith: Fancy."
55A3E209,"User not logged in!"
55A64382,"KUMA/ADDITIONAL VO"
55B4E1FE,"Noah has tasked you with breaking into ELYSIUM LABS where you are to steal data about a new type of enzyme wanted by one of their competitors. Icarus is to watch from the outside, making sure it all goes as planned. You have a SHOTGUN with you, a one-off hacking tool that you just need to place on the right console, and the software inside will handle the rest.  This is your first real mission, and the scrip should be good. A small step toward paying off your debt to Dogen."
55CCA634,"Faith: Icarus?"
55D60588,"Icarus: Bring him back."
55D7F978,"Security doors can be forced open by glitching the lock sensor with an improvised glitch key. Faith can make a glitch key by stealing an access chip from a security terminal and rigging it to a coupling bridge taken out of any electrical fuse box. As found just in this room. Now make a key and select it in the gadget selector. [D-PAD RIGHT] Then use it in front of the secure lock."
55E7A15B,"RUNNER BEATDOWN"
55EDB33B,"Noah: Faith what’s your [static] contact here. If you can't [static] try to click once. I’m trying (static) exit (static)."
55F47AE8,"That was nine hours ago, Erika."
55F72D1B,"Faith: That should come in handy."
5605952B,"Faith: I’m there. Connecting you."
56080DFF,"SAVE LISTED (CHECKING...)"
56285BA1,"Delivery confirmed. Contents unharmed. Thank you, runner. You just helped make the future of Cascadia a tiny bit brighter."
565A4BBD,"Noah: Faith, they’ve detailed that vTol elsewhere. You’re safe."
565F2505,"You must be signed in to PlayStation™Network to use social features"
56601A01,"Do you want to continue or retry the tutorial?"
5665E068,"Birdman: I just got confirmation that the package has been delivered, Faith. Seems to me you’re as ready as you’ll ever be."
567F5AA9,"What is it now, Haggard? Have you found something to blow up?"
5687CFAD,"ACCEPT"
568AE2A4,"SOFTWARE ENGINEER IN TEST"
568D4870,"And Kruger lost his daughter."
568EE5CD,"Plastic: Good. Wait a second, and ... That’s it. There was already a VTOL patrolling near you. I’m having them respond to a policy breach. Make sure you get on it. Somehow."
5692FECC,"QA COMPLIANCE ANALYSTS"
56A73C24,"Plastic: Faith, use a blank shotgun and I’ll tunnel in through your glove when you connect."
56AB5E81,"I was told to hand over these eggs to you. They’re quail eggs from Neridia Nova. So you don’t want to break them or there will be hell to pay. I hear Dogen is very particular with his ingredients."
56AE8485,"Noah: Do I really have to explain that to you?"
56C6F713,"Dogen: Whatever. If you ask them nicely I’m sure they’ll leave obediently."
56D006BF,"Rewarded for completing Smash & grab"
56D570C1,"GHOST ORANGE"
56E673D6,"NEXT TRACK"
56EA4708,"That's the old you. The part that is all dark and sad and pitiful. Who are you now?"
56ECBD2E,"RIOT"
56F95D1D,"Nomad: Yeah! Count one for the good guys!"
57016233,"Finally, I’m dying here."
5702A4E4,"SERVICE DIRECTOR"
57032492,"INTERACT (HOLD)"
570EE900,"Rebecca: I thought you were going to help?"
571BC298,"I mean, he's got more scrip than he can spend in a lifetime. "
572B45EA,"On a mission in {(C)RP_DISTRICT}"
5731340F,"Faith: Hey. You’re OK. I took care of them."
5735AF6F,"RUNNER'S VISION"
5735B77C,"Noah: Faith, you up yet? When you’re ready there’s an old friend waiting for you outside."
573604E8,"EXISTING SAVE FILE DETECTED"
5742C7C3,"Of these tunnels, it looks like."
5743BED0,"Mirror's Edge™ Catalyst"
57482236,"Faith: There."
57512092,"Icarus: I trust her to hide us at least. She hates Kruger too."
5767F400,"Icarus: Alright. Done."
578F9195,"I told you not to take this lightly! Now what am I supposed to do?"
57971827,"Birdman: Erato and Thalia always were easily distracted ..."
57986BB4,"THY KINGDOM COME"
57AC4469,"Icarus: I’m guessing your time in juvie involved some fighting, at least? These echoes should be a walk in the park."
57B15DE5,"NEW SKILLPOINT"
57BAF467,"Automated Voice: Attention. This is a KrugerSec announcement. Rebecca Thane, self-proclaimed leader of Black November, is wanted by KrugerSec. Any information about her person and/or whereabouts will be rewarded. "
57BBC214,"Automated Voice: Get Reflection today. Family discounts available."
57BC6E13,"Noah: Keep them off balance."
57BCBCBC,"Icarus: Did you just hack that billboard, Faith? I didn’t peg you for a subversive."
57D0D409,"Delivery confirmed. Contents verified intact. Thank you. This will surely aid my research. "
57D63BD4,"2D ART"
57E0C87B,"They never learn ..."
57FCA030,"Plastic: Perfect. I just got us some more time. Move on to the last one."
57FD1F89,"SOFTWARE ENGINEER III"
57FD2CF3,"{0:s} BEAT YOU ON {1:s} WITH A TIME OF {2:time:mm:ss:ff}"
57FE5FD7,"SOFTWARE ENGINEERS IN TEST"
57FEBE49,"+ Distance"
580860A6,"Skill Move: STABILIZE"
580BDBF4,"Faith: I’m inside AllCom now."
5811BB5E,"I didn't do marketing! I don't know about selling slacks! I'm not even sure this operation has any brains."
58254A68,"Reach the CCU at the top and activate it, while avoiding any ALARMS along the way."
58364B81,"SHOCK PROTECTOR Class: Heavy Melee"
583791AE,"Icarus: Smooth ..."
5842DBDC,"Noah: Faith, what’s your status? I’m losing contact here. If you can’t talk, try to click once. I’m trying to find an exit for you."
58504749,"Her name is Faith. She ... KrugerSec took her."
5854495A,"DOWNTOWN, LO- & MIDCASTE. POP 89000"
585C843D,"Noah: Oh."
585CB034,"Maybe you can help me out. I need to get this delivered but I made a stupid jump and sprained my ankle. Could you finish this for me?"
587246BD,"Noah is dead. For real this time. And Reflection has turned out to be far more terrible than anyone could have imagined. At the same time CAT was rescued by KrugerSec forces, and both Icarus, and your newfound ally Aline have been INJECTED with Reflection. Things are looking grim.  But all is not lost. Plastic and Aline are working on a VIRUS to destroy Reflection, and they need Kruger’s GRIDPRINT, his digital identity marker, to finish it. If you can get it for them the virus can be completed."
588C0D7E,"DESTROY ANTENNA CORE"
588C9192,"Faith: Scratch one more antenna. You bastards."
58AB99D5,"She won’t give up until I fix it."
58AF745E,"Noah: They’re giving up, Faith. It’s safe to come back to the Lair."
58C57DD7,"FLOW ATTACK"
58CCD2A4,"And now you've taken him too, leaving me with nothing but this damn hate."
58D484B7,"I'm sorry. It’s just ... I wanted to leave my mark on something."
58D4AFE8,"For our Friends at Ghost"
58D6C142,"Ah, he’s out."
58DA19EA,"SCANLINE BLACK"
58E48085,"So I'm just going to make sure my hair is gelled to shit"
59067483,"The Shard documents {0:d} / {1:d}"
590B58B2,"Maybe you remember the one who was looking for me two years ago? "
590C5AFE,"Well, that sounds promising, Haggard."
590CB93E,"Nomad: No worries. I’ll keep a look-out from here."
590F6D96,"By timing her grabs perfectly, Faith can now freeclimb faster."
5910D6AE,"DIRECTOR PROJECT MASTER DATA"
5916B330,"Expensive, but the inclusion of carbon nanofibre weave significantly improves force dispersion."
591F91B6,"DOWNTOWN, RUNNERS. POP 10"
59238FD4,"CERTIFICATION SENIOR TESTERS"
59259439,"{0:input}(HOLD)"
592B90F6,"Flow Extension 1"
59393CC8,"Beatrix: The bug is undetectable, the salesman said so!"
594F50C4,"Profile"
59538F2B,"Dogen is the crime czar of Glass and his real name and murky origins are known only to himself. He specializes in black market goods and contraband and his customers are found among the high and low. His network is extensive, especially among the more corrupt elements of the Conglomerate, and many a security officer has at one time or another found herself indebted to Dogen.  Black November are equally dependent on him and though Rebecca Thane has vowed to shut his business down once the revolution is complete, she too cannot do without the services provided. Dogen happily plays all sides and it's hard to tell what, if any, his ultimate objective might be. Some claim he's doing it all only for the hell of it, aiding one corporation only to turn his back on them the next day if there's more money to be made. He can always be trusted to get a job done, in that he's never failed, but he shows allegiance to nothing and no-one but himself."
596FFFF6,"You think?"
5985D1EE,"STUDIO OPERATIONS DIRECTOR"
59B1CD59,"Dogen: Yes. This won’t challenge your morals. I need you to find someone for me."
59BBFC24,"PROJECT LEAD"
59DDE246,"Icarus: Let her concentrate on getting up there, Plastic."
59E5D0BB,"Birdman was a runner long before it became a concept. When the Kruger Uprising started he was thirteen years old and he became one of the unsung heroes of that rebellion, often working directly for Dieter Kruger himself. The civil war that followed saw him fight with the conspirators against OmniStat but he often operated on his own, and his distaste for war and killing grew with every mission. Then the war ended and Cascadia was formed, but Birdman was unable to return to a regular life.  Instead he ran. For Birdman it became a natural way to get from A to B, running, leaping and climbing, and doing it more out of an urge to stay on the move than for the joy of it. As the Conglomerate began to reshape Glass, he found other offGrids also living on the rooftops, and Birdman reluctantly shared with them his vast knowledge of the many hidden routes he’d established.  These days he’s stopped running and he’s content to feed and care for his pigeons, with which he also provides a simple, offGrid, messenger service between the cities."
59F27A2D,"Aline: We’re not even sure he’s in the building. Could be he evacuated, just in case."
59F7E130,"Reaching full FOCUS gives a temporary 10% FOCUS SHIELD bonus  Bonus remains until FOCUS SHIELD meter is empty"
59FDDB01,"Rebecca has a new mission for you. Go talk to her."
5A059D3D,"CUSTOM"
5A1196B4,"Noah: Remember to use your surroundings when attacking."
5A1E22B3,"Would you like to take a quick survey?"
5A2147EA,"Hey ... "
5A21A6C7,"View Billboard"
5A24A915,"Automated Voice: Attention! Employs accessing OmniStat propaganda will be deported to the Greylands."
5A32ECC2,"So that’s it. The sapling is destroyed. It was the only one of its kind ..."
5A35B02D,"{0:d} TB"
5A3BA0B0,"Understood, sir. I'm happy to report that we finalized the gridLink transfer and everything's now on track for launch."
5A4B8550,"Automated Voice: Attention! All employs who witnessed the bombing of the Bauble Mall must report to their closest KrugerSec office for debriefing."
5A5918FE,"Nothing! When I am done, people in Cascadia won't even dare remember your name, "
5A596BA7,"PRIVACY POLICY"
5A59B897,"Icarus: You heard her, Faith. Time to go back."
5A77DEDB,"She won’t deal with us directly. "
5A7D1BE1,"Plastic: Oh. Shut up, Kuma!"
5A801109,"Plastic: You should connect to one of the priority switches. Then I can take it from there."
5AA341C5,"Free running builds FOCUS SHIELD"
5AA5C012,"CENTURIAN YARDS"
5AB1ACDE,"Noah: Come back to the Lair and we’ll figure out how to proceed. KrugerSec will be trigger-happy for a while, so keep a low profile. And thanks for the help, Plastic."
5AC96A1F,"You found ERATO dead. Probably killed by K-Sec. Luckily you did manage to recover her message capsule, and Birdman then sent you on to find THALIA. Let him know when you do."
5ADC6E81,"Damn it. Now I need to come up with something else to send her. That flower wasn’t easy to find."
5AF671CE,"STRATEGIC PLANNING ENGAGEMENT"
5AF8E025,"Ah, hell. Where did you say you found it?"
5AFA79D1,"showmap_active{0:s}"
5B001B18,"STAY OUT OF SIGHT"
5B0FB2F0,"He did what?"
5B1533D1,"STUDIO DIRECTOR PRODUCTION"
5B19652F,"COVERT DELIVERY OPPORTUNITY"
5B23B62A,"SAVE TIME TRIAL"
5B276572,"Deliver the package without raising too much attention."
5B58D5C7,"Noah: Good. I’m sending you his last known location. Please go see what you can find."
5B5CADDF,"It’ll be the Greylands for you. Though I’d be happy to give you a good trashing right here."
5B6AE393,"MISSION PASSED"
5B7126BC,"JAPANESE"
5B80B997,"Flow Extension 2"
5B84C3DA,"Noah: Faith, you don’t have to do this. The blueprint is more than enough as payment."
5BA01218,"Nomad: Go, go go, Faith! KrugerSec have deployed a perimeter scanner. You need to shake them or find a safe house!"
5BA24560,"+ Main Mission: Family Matters + Covert Deliveries + Fragile Delivery"
5BBA01A5,"Are they alive?"
5BBDE9FE,"Faith: What the ..."
5BC625A3,"Of course it is, my love. This nation breaks everybody in the end - everybody but us! "
5BCBF57D,"Aline: Use the vent at the top. We’ll lose contact for a bit again, Faith. Those (static) shielded (static)"
5BDCDE2B,"SUPER MOVE"
5BE00495,"YOU KNOW THE DRILL"
5BE0F756,"BENEFACTOR"
5BE4A731,"Fight your way through KrugerSec patrols to deliver the package."
5BE61CD6,"Faith: Plastic, is there anything you can’t do?"
5BE8E668,"Plastic: Hey, Noah. Faith is gonna help me rerouting processing power from the AllCom gateway. It’s the only way I can break the encryption on that drive."
5BF646D8,"ARE YOU SURE?"
5C0214FE,"Dogen: Plastic? Faith needs guidance to Gabriel Kruger’s apartment in the View."
5C032DDF,"Finally. I was beginning to think you wouldn’t come. I trust payment and such has already been taken cared of."
5C0B5DD9,"Icarus: We really need to set up an alternate route to the Lair sometime soon!"
5C1826BA,"QA PROJECT MANAGER"
5C1E36B2,"QA LEADS"
5C2DFE84,"Runner. The package contains snails from Aurora. They’re for Dogen and gastroFusion. Make sure he gets them intact, and remember that they are contraband according to policy."
5C2F697E,"There you go "
5C33BE90,"You should be. I'll talk to some people on the board, "
5C4BE804,"GADGET SELECT"
5C53BA66,"Plastic: Looks like you’re at the second turbine."
5C56009D,"Plastic: That’s it! You did it. Plenty of juicy stuff here ... I’ll make sure you get a share of the scrip for this, Faith."
5C5DC12A,"Delivery failed. No payment. Thank you."
5C5FEB39,"THE METAGRID"
5C66BF55,"Noah: Hit them from up high and you’ll send them flying."
5C6AD714,"Icarus: Life in the resistance sure is ... exciting."
5C6BC50F,"MARKETING DIRECTOR GSA"
5C78A772,"Dogen: Faith. Dogen here. I have some information for you, free of charge. From what I can gather, the news of Noah’s unfortunate demise has been greatly exaggerated."
5C97F625,"ANCHOR, SHIMMERING HEIGHTS"
5CB54DF6,"UNDERGROUND ENTRANCE"
5CB62AF6,"I might as well stay out here until I find some way to solve it."
5CB694F5,"So Sarge, if it's like you say, "
5CBC228B,"You failed. The package is worthless. Abort mission."
5CD43AAD,"Instant 180 or 90 degree turn"
5CF83749,"I truly believed that what I was developing, this new technology,  would be a boon for us all. "
5CF993EA,"Faith: I’m at the lobby."
5CF9E2C0,"FOLEY ARTISTS"
5D02689D,"BASIC ATTACK"
5D0F79C4,"Collect 5 documents"
5D0F79C5,"Collect 15 documents"
5D0F79C6,"Collect 30 documents"
5D24CE51,"Retry tutorial"
5D29ECE6,"How's he gonna do that? We're gonna hide things in slacks? "
5D2B1413,"ASSISTANT ART DIRECTOR"
5D2F6857,"Plastic: Faith, try to get in through one of the cooling fans and make your way to the CCU at the top. Connect your beatLink to it and I’ll do the rest. And don’t trigger the sensors."
5D34C9C0,"You should spend tonight familiarizing yourself with the data."
5D3CD620,"Rebecca: Almost won’t cut it."
5D442821,"Oh he's right about that"
5D7BA3AD,"We can update them later. Better get this done before I lose my nerve. "
5D832BF8,"Nomad: You won’t find any components around here."
5D90F133,"Plastic: I’m closing the doors!"
5D9680F4,"YOU KNOW THE DRILL"
5DB21929,"SENIOR ART DIRECTOR"
5DBB6951,"A online connection is required to play the beta. The full game will not require an online connection."
5DD103F6,"{0:input} along walls to pipe or ladder"
5DD2CFA1,"Icarus: Moving."
5DD4669B,"Faith: How come he thought I was--"
5DD5E238,"Flow Extension 3"
5DDBEBFD,"DRONE WORKS"
5DF955C5,"Faith: Figured as much. Where?"
5DFB883F,"Nomad: Hey, Faith - could you help me out?"
5DFFD82B,"You can always access the MAP and PROGRESSION screen with {0:input}."
5E027251,"Reaching full FOCUS gives a temporary 30% FOCUS SHIELD bonus  Bonus remains until FOCUS SHIELD meter is empty"
5E198F1A,"Re-run"
5E198F1B,"Have a little Faith"
5E198F1C,"Don't be a Nomad"
5E295D43,"You used to do diversions all the time back in the day, right? Well nothing’s changed. Keep KrugerSec busy while I plant this bug inside WFYO."
5E3D7DE3,"This could finally be it, the moment where everything turns around for me, the moment where I'm allowed to shine. It's scary, using runners like this, but if Kruger and his people find out, I'm as good as dead."
5E4080F9,"Runner. Here!"
5E43C57A,"Be very careful. If you were to stumble, they would not only break, if you know what I mean. I cannot be held responsible for anything that happens if you do, OK?"
5E44D4CC,"Take that!"
5E691212,"IMAGINATION STUDIOS"
5E6ABE16,"Skill Move: WALLRUN to SWING"
5E6B10A9,"Enforcer units respond to prisoner riots on level three."
5E724BBC,"While you just sip your double espresso, until that stubborn little poop comes out? Just waiting until Saint Peter taps you on the shoulder? I don't think so, Sarge! That's not the Sarge I know!"
5E7F2DE7,"DIRECTORS"
5E859913,"BUSINESS AFFAIRS & DEVELOPMENT"
5E9AED13,"{0:input} HOLD  STUNS KrugerSec for a short while by DISRUPTING their communication systems DESTROYS surveillance cameras  Kinetically charged through MOVEMENT  Utilizes Faith's beatLink and the MAGrope's power source to execute a military grade communications hack"
5E9B1961,"Icarus: How’s it going in there, Faith? Nothing broken, I hope."
5EA62ED9,"GLOBAL LIFECYCLE MARKETING"
5EBBE7F6,"Noah: Get behind them. It’s way more effective."
5ECBFDA4,"Aline: I’m sure Icarus will be happy to get out of here."
5ECCAB18,"By playing Mirror's Edge™ Catalyst online you automatically share your profile and game stats with the community in the game and the companion. "
5ED552F7,"Escape the lair!"
5EDA0FF5,"Open World Death"
5EEF69C5,"STUDIO DIRECTOR OF ART"
5EF89457,"{0:input} to vertical pipe"
5F0423E2,"Faith: I’m trying, but ... What is that?"
5F07BFFD,"TECHOPS EUROPE"
5F0AAC39,"CAMERAS AND DRONES"
5F108C46,"Noah: Remember to check the map for odd jobs, Faith."
5F148E99,"HEAVY ATTACK"
5F1A4411,"We don’t have many left. That’s why we need a fresh batch."
5F2426F9,"Challenge will be permanently deleted, including all leaderboards and mentions of it. This cannot be reverted."
5F274C3C,"Icarus: It’ll be today. I can feel it."
5F5D62BA,"NEXT CATEGORY"
5F5F8F6C,"The BILLBOARDS are used throughout the city to MANIPULATE the employs and keep them focused on CONSUMPTION and ENTERTAINMENT rather than the Conglomerate TYRANNY and the very real problems facing Glass and Cascadia. HACKING a billboard forces it to showcase messages that might cause at least a few to QUESTION THE AUTHORITIES.  Hack a billboard to gain XP."
5F6E7888,"DEVELOPER RELATIONS MANAGER"
5F7B0D0B,"Noah: Faith. If you run into trouble, remember to use the space and your surroundings."
5F7CC1F5,"Rebecca: It is. I’ll send the location to your beat. The dataTap is over there."
5F856F48,"DIRECTIONAL HEAVY ATTACK"
5F86B4CB,"KEEPER OF THE HOLOCRON"
5F917B2A,"Faith: What’s the Beat?"
5F99382F,"Faith: Don’t fall off."
5FA0A6F7,"THE VIEW"
5FA160EA,"Henchwoman: Dogen is getting rather impatient. And he’s a bitch when he’s impatient."
5FA5EDDF,"Dogen: I will investigate the potential value of your proposition. But first things first."
5FA9A97D,"WFYO is aware of the leak. Delivery point uploaded upon receipt. Expect Kruger presence on route."
5FACD36F,"ALL"
5FBD2E0D,"Plastic: You should go tell your friend that she’s safe."
5FC14C2D,"DIRECTORS TEAM"
5FCAD3E2,"Kruger: With Reflection I can drive you insane if I want to. You’ll be unable to distinguish between pain and pleasure, happiness and sorrow. And if you ever meet Faith again you’ll kill her for the pure, exultant joy of it. You’ll bathe in her blood, laughing."
5FE31EDB,"Faith: You have no idea how good it feels to be out."
5FE59C6F,"Rebecca: KrugerSec is regrouping. Route B is closed. Head for Route A."
5FE93F0E,"BRAND MARKETING MANAGER APAC"
5FEDB8E2,"Plastic: It’s the entire blueprint for Reflection. Everything. And it’s way too complex to be just an upgraded gridLink or something."
6022E2F4,"Thanks. Rebecca will be happy. Or not “happy”, but you know what I mean."
6038DCDF,"Faith: Just pulled another chip."
603A0C78,"VR"
603C18B8,"Dogen did not break your legs. On the contrary it seem he has a vested interest in seeing REFLECTION destroyed. He claims that Kruger's gridPrint can be grabbed from the internal Kruger family network, which can be accessed from an apartment Kruger keeps in the VIEW. This is a high security residence, but Plastic might have found a way in for you through the MALUS ART MUSEUM, located next to it.  You should expect KrugerSec personnel in both buildings, but they will not be expecting you. Nor will Kruger. The time has come to take the fight to them."
6046695B,"OPEN"
60492F48,"ASSISTANT CHIEF COUNSEL"
604B8A92,"{0:input} (HOLD) to ATTACH JUMP or DROP off {1:input}{2:input}{3:input}{4:input} to control SWING  Attach the MANIFOLD ATTACHMENT GEAR to suspended security cameras to SWING across large spaces"
60567035,"You need to deliver the control chips at a DEAD DROP nearby, but there are several KRUGERSEC guards in the way along your route. Knock them out and maintain your FOCUS SHIELD, until you reach the dead drop."
605910E6,"SPRINGBOARD + SWING + {0:input}"
60834A0E,"ECOMMERCE OPERATIONS SPECIALISTS"
609A46DE,"SAVING PLAYER PROFILE DATA. PLEASE DO NOT TURN OFF YOUR XBOX 360 CONSOLE. "
60A08D0C,"FINANCE"
60AFA816,"The whole city is coming apart!"
60B06CAE,"Faith: What?"
60B23BAB,"No"
60BB2142,"PLAYER PROFILE"
60BEFFAD,"Faith: Plastic, there’s no-one here."
60C95C7C," GLOBAL MEDIA LEAD"
60CBFBB6,"No, we can't. Look, if we let them scare us, we'll never accomplish anything. "
60E29B1B,"PHYSICS"
60E9A6F9,"All he understands is threats and violence. We need to teach him a lesson."
60EB6051,"Faith: The tuned what?"
60ED4FE9,"Faith, here."
60EE6A19,"PRODUCER INTERNATIONAL PRODUCTION"
60FBF141,"Keep up your speed to fill your FOCUS SHIELD meter"
61111097,"Noah: Fighting is about balance. They won’t expect a kick to the side."
611F3C93,"WHAT'S BEHIND THE VEIL?"
61316B04,"I understand. This must all be very confusing for you."
61546BC2,"Your carriage awaits, honored leech, sir."
6158D956,"Runner. I have a job for you."
615A0EC6,"CONCORD PLAZA"
6165938C,"Faith: I’m at WFYO."
6165B4E7,"Noah: The map mod on your beat can be helpful for getting around, Faith."
6167EECE,"Moving the items."
616984B8,"Noah: “Might”? Or “will”?"
616DEF06,"CONTACT PLASTIC"
617883D3,"CANCEL CREATE TIME TRIAL"
617A8CE4,"Faith: Not a problem."
6180D559,"Maybe Faith didn't know that?"
6185CDE4,"We see that you just delivered the item. Very good. Payment should be due any second."
61A9E250,"WWCE DIRECTOR OF PARTNER RELATIONS - ORIGIN & MAXIS"
61B0D2D5,"SENIOR WEB PROJECT MANAGER"
61C035B5,"Faith: Thanks for reminding me."
61D8FD23,"SENIOR PRODUCER"
61E0B50E,"Approach ladders or pipes to walk on them"
61E3DEA0,"Hold {0:input} to crawl into tight spaces"
61FC77A7,"Plastic: Well, I’m sure she is already. She’s a runner, right? "
61FEF2BA,"Plastic: That’s what I’m here for!"
6200F0C7,"We are moving vital supplies to one of our outlying cells. KrugerSec needs to be kept away from the area in the meantime. Can you assist?"
62134C27,"Come on!"
62188B47,"FOCUS SHIELD"
621B0665,"Nomad: By the way, did you talk to Dogen yet? Rumor has it you owe him a lot of scrip for what you did."
6226562B,"Noah: OK, good. I’m working on a little something once you get there."
62269C90,"SAVANT EXTRAORDINAIRE"
622DE51A,"KRUGERSEC GUARDIAN Class: Light Melee"
6235FD9F,"COMBAT SIMULATION"
62480F04,"On the other hand, if the tests from this sapling help us solve the food crisis in Aurora, then we'll never have to worry about the Kruger family again. They'll lose the vote and the Brysons will have their turn in the sunlight."
62521922,"Too much heat right now. Come back when things have cooled down."
625BFFAA,"Yeah, but she’s still very weak. "
625C5B29,"Icarus: Woah. You’re fast, Faith, I’ll give you that. Impressive."
62745EE9,"Automated Voice: Attention. This is a KrugerSec announcement. Any association with “runners” is considered a breach of policy. All such activity must be reported to KrugerSec without fail."
62752C96,"Automated Voice: Don’t just access the Grid. Become the Grid. Get Reflection today."
627FE902,"{0:input} to get off of pipes or ladders"
62843DBD,"Noah: If anything happens to her, Dogen ..."
629F5E80,"PLACE CHECKPOINT ({0:d} / {1:d})"
62A89EE7,"Faith: I screwed up. They put me away, and now I’m out."
62AF37AE,"No, I'm not. We should keep this short. No names or locations. Have you found an in?"
62B7875A,"Faith: Hmm, gonna have to do without runner's vision here."
62C283CB,"Aline: Faith, our schematics show an access-way you can use to reach the train. We’ve marked it for you."
62C7875A,"THE SHARD"
62CECBF5,"What are you waiting for? Go on."
62E3BD3E,"Prisoner: What’s this crap!? I’m reformed!"
62ED0FD4,"Plastic: Interesting ..."
62FD7388,"SCRIP"
62FF7922,"Icarus: Sure. We need to clear out. Better take a different route to the Everdyne Tower."
63000AC5,"SHIFT"
63023BF8,"{0:input} while running"
63025284,"AT A GLANCE:  Security, weapons manufacture and resource mining giant. Kruger Holding is the largest and most influential corporation within the Conglomerate. A Kruger has occupied the Conglomerate Director Chair for ten out of fourteen Fiscal Years since the Conglomerate’s rise to power and KrugerSec personnel constitute the main bulk of the security forces enforcing order within Cascadia.  CURRENT CHAIRMAN: Johanna Kruger (also Chairman of the Conglomerate Board) TOTAL MARKET SHARE: 15% NUMBER OF EMPLOYS: 5 321 746 as of FY48 (FY = Fiscal Year) MAIN OWNERS: House Kruger CORPORATE SLOGAN: “Dare to Soar” (KrugerSec: “Safe and Secure”) MAIN SUBSIDIARIES: KrugerSec (Security Forces), KrugerDef (Defense Forces), KrugerArms (Arms research and manufacture), Kruger Mining (mineral extraction and processing), Kruger Steel, Kruger Materials FOUNDED: FY01"
63044CF1,"DIRECTOR INTERNATIONAL PRODUCTION"
63051CDA,"Icarus: Had it been me ..."
630A22BD,"Freerunning builds FOCUS SHIELD which protects you from getting hurt in combat"
630FFFF2,"{0:~} #0{1:d}"
63100124,"You. Runner. Over here."
631252CA,"AUDIO PLAYBACK  {1:time:mm:ss}"
63150311,"Faith: KrugerSec?"
631680E4,"INCREASED DAMAGE for Heavy Attacks against opponents' backs"
632A899A,"Delivery Risk - High. Confidentiality - High"
6330A78C,"BREACH DOOR"
6332B173,"{0:input} to vault over objects"
63385945,"GO TO CHALLENGE"
633A208F,"Plastic: I geolocated a metaGrid access construct on your beat. It means you can help me expand my access in that area. It’ll be just like what you did before."
63523C54,"Wait? Nanda? Is that you?"
635B28F6,"MIA"
63663938,"Noah: Get them off balance and go in to finish them off."
636D6221,"Plastic: Faith, I’ve found a way below for you. Waypoint sent. "
639AB7E5,"HEAD OF STRATEGIC PLANNING & ENGAGEMENT"
63A01A29,"SENIOR AUDIO DESIGNER"
63AD28EF,"Icarus: Noah! Hang in there! We’re coming!"
63BADD88,"Noah: Don’t forget to check the map now and then for things to do."
63E27DF4,"Crystal Valley secret bags {0:d} / {1:d}"
63E27E36,"Eden Village secret bags {0:d} / {1:d}"
63E27FF6,"Shimmering Heights secret bags {0:d} / {1:d}"
63E90368,"+ Main Mission: Mischief Maker + Dead Drop Deliveries + Dashes + Billboard Hacks + Intervention"
63EF3126,"BRAND CREATIVE LEAD"
63F50D4D,"Beatrix ranks among the third circle of heirs in House Bloch. After prolonged negotiations she has been promised in marriage to Peter Bryson, a second circle heir of House Bryson. Their relationship is devoid of love and it is a purely corporate union intended to strengthen the ties between the houses. House Bloch stands to gain the most from the match since they currently have no seats on the Conglomerate board, but as everyone knows, things might be very different next Fiscal Year.  Beatrix feels trapped in a cage of conventions and expectations. She nurtures secret dreams of escaping her betrothal and the city. But in reality she would never dare give up the only life she knows and part of her is all too happy to enjoy the privileges of being a House girl, third circle heir or not. She despises this about herself as much as she despises her lack of bravery."
63F81AD3,"What is she up to now?"
63F84A03,"Plastic: Shut up, Kuma."
6415EE5D,"We told you to submit."
641CBB68,"Heyy!"
642219DA,"Charter Hill secret bags {0:d} / {1:d}"
642219E2,"Concord Plaza secret bags {0:d} / {1:d}"
642219EB,"Centurian Yards secret bags {0:d} / {1:d}"
64221C07,"Triumvirate Drive secret bags {0:d} / {1:d}"
6425685F,"Icarus: Ouch. Guess Kruger decided that enough was enough."
643B2DAA,"Climb to the top of the antenna"
643B2DAB,"Plant the surveillance tap"
643B2DAC,"Escape the area"
643B6D45,"Nomad: I’m out! Next time they go to relieve themselves they’ll be a bit surprised. They piss on us, and we piss right back, in a way. Thanks for the help, Faith."
643C1CA5,"Icarus: I wonder what Gabriel Kruger is doing in bed with the Mortell family and Elysium. "
643DAB2A,"LOCALIZATION VOICE TALENT BRAZILIAN PORTUGUESE"
643FB05E,"Automated Voice: Attention! All employs are expected to report any suspicious workplace activity to their closest KrugerSec office. No deviance from Conglomerate policy will be accepted."
6442B92C,"GridLeak tapped {0:d} / {1:d} "
6443255A,"GRIDNODE: THE VIEW"
64573963,"SOCIAL AND COMMUNITY MANAGER POLAND EMERGING MARKETS"
64694249,"Crap. They’ve seen me. Chalk this one up as a fail."
6473F79C,"FRIENDS"
64798AE5,"Floor 45. Agriculture."
647B7ECC,"Noah: Faith, you’re headed for an office building under construction. It’s a good place to shake them."
64826AEF,"Call Dogen."
648DBEE7,"STUMBLES make enemies vulnerable. "
64918050,"Faith: I’m at the Lair."
6494A81B,"Faith: Found it. Also empty. I’m sorry Dogen."
6495FF1D,"Plastic: There. Hurry!"
6497EDBE,"ENGINEERING DIRECTOR"
64A94CF4,"I don't think that will be a problem, do you?"
64BBD296,"Icarus: Easy, huh. Try it a few times until you get the hang of it."
64C5BB20,"Drone: Employ 0451, you are in breach of gridLink and employ allocation policy. Submit!"
64C710B1,"QUALITY DESIGNER"
64C794A3,"VIVE LA RESISTANCE"
64C9A419,"Thank you so much, I thought I was done for."
64D267F6,"GABRIEL KRUGER"
64DE1397,"Automated Voice: Attention! All Runner activity must be immediately reported to KrugerSec. Always be vigilant."
64ECCE19,"BIRDMAN'S ROUTE"
64F7E10A,"So Dogen needs this delivered covert, OK? Can’t let KrugerSec see you or the whole thing is a bust."
64FCBA9C,"Plastic: That looks dangerous."
651AB00B,"Nomad: Great. The next relay box should be close."
651B7C17,"COMMUNITY ENGAGEMENT"
6520DF81,"Birdman: The package is over there. I’d love to see it delivered today."
6522BCC6,"OmniStat Tunnels secret bags {0:d} / {1:d}"
6530DC40,"QUALITY ASSURANCE DIRECTOR"
653108C8,"Why? If any of us here had done what she did, "
6531CAE6,"DIRECTOR BUSINESS ANALYTICS"
65322B30,"You are offline. Go online to save the Time Trial."
654E075C,"Ah, runner. Over here, please."
655B3D11,"CALLAGHAN CONSTRUCTION CORP"
655CDE44,"It seems PLASTIC needs your help with something other than that metaGrid of hers. Might be a good opportunity to do her a return favor for her work on the OMNISTAT Drive."
65679E8C,"wanted to hear your voice."
656979A3,"Ocean Pier secret bags {0:d} / {1:d}"
656979F8,"Regatta Bay secret bags {0:d} / {1:d}"
656F7DF0,"Nomad: Great. I’ll stay with you on comms."
65796B22,"Faith: It’s alright, Noah. I’m enjoying myself. And the employs are all clear of the building now."
6579A4B0,"PUBLICLY LISTED"
6590C646,"NO STORAGE DEVICE SELECTED.  YOU WILL NEED TO SELECT A STORAGE DEVICE TO LOAD GAMES. "
65946415,"NO STORAGE DEVICE SELECTED.  PLAYER PROFILE DATA WILL NOT BE SAVED UNTIL YOU SELECT A STORAGE DEVICE. "
659BD82C,"Category: {0:s}"
65A44512,"LOCALIZATION VOICE TALENT FRENCH"
65ACF708,"We need someone to deliver that package unseen. Rebecca will be grateful."
65AF0902,"Icarus: Making my way through the Tower now. I’m gonna do a quick delivery so I’ll catch up with you later, Noah."
65B5DC7F,"Faith: I’ve reached the top. Quite a view up here ..."
65BB61D9,"Noah: Most K-Sec personnel wear a lot of armor. They can take more blows than you, but you’re quicker."
65C51462,"Icarus: I’ve led off most of the pursuit. Now I just need to shake off the rest ... See you soon."
65C9F483,"Nomad: You got good flow! Keep it up!"
65E1C0FB,"Scavenge"
65F93710,"QA COMPLIANCE PLATFORM LEADS"
65FAA900,"COLLECTIBLES"
65FB443B,"DEVELOPMENT"
65FB4938,"Citizen: No! Scan my gridPrint again!"
660125A1,"I know."
6613D5FA,"Noah: Then let’s assume “will”. Those things are well protected, Faith. Just so you know."
66161B1E,"Faith: I’m inside Kruger’s now."
661DE4F4,"Deliver the package"
664790A7,"Don’t hit me!"
667AF922,"Welcome to Elysium. Please choose your floor."
6683CCC6,"CONSUMER INSIGHTS MANAGER"
669406C9,"Plastic: What did you expect? You can leave now. There’s a service elevator nearby."
669BDAFA,"Yeah, what’s wrong, leech? Are you lost? Can we help?"
669FEB3C,"PRODUCER"
66A2AF4E,"Faith: I will."
66B6E6FA,"+ Dashes + Billboard Hacks + Diversions + Fragile deliveries + Dead Drop Deliveries + Security Hubs"
66C73C58,"Faith: I feel a bit exposed here, Plastic."
66C76F3A,"Nomad: KrugerSec are tracking you. You need to lose them or find that safe house, Faith!"
66D62242,"{0:s} {1:time:mm:ss.ff}"
66E8D265,"QA DIRECTOR"
66F98F82,"Now, he owns a rifle shop. Now his cousin knows a guy who has a menswear selling slacks. It's a little place, and he has a restaurant also on the sidelines in Anchor. Now, he could help us."
6704E5C7,"CLIMBING"
6707E8EE,"AT A GLANCE:  Though they are the owners and operators of the public transport systems and all logistics operations in Cascadia, CL are struggling to gain influence relative to their standing on the Conglomerate Board. They provide the arteries between the Cities and the capillaries within them, and everybody knows it, but they are still sidelined by the more illustrious corporations.  CURRENT CHAIRMAN: Ursula Bloch TOTAL MARKET SHARE: 5% NUMBER OF EMPLOYS: 3 006 520 as of FY48 MAIN OWNERS: House Bloch CORPORATE SLOGAN: “Anything, anywhere, anytime” MAIN SUBSIDIARIES: CL Travel, CL Transport, CL Stock FOUNDED: FY08"
670DA60D,"Find Plastic's hideout in Anchor"
67154B96,"LOCALIZATION VOICE TALENT GERMAN"
67216ECA,"LOCALIZATION TESTERS"
673BE524,"Periodically awarded for participation in events"
67414F26,"CHAOSLINES BLACK"
674FC907,"SERVICE OPERATIONS DIRECTOR"
6758CA4F,"Rebecca: I will. Do this and we can all breathe a little easier."
6767F38B,"Faith: Woah!"
6778D767,"Noah: Faith? Where are you?"
67803A2B,"No, Avani needs to hear the bad stuff too, when the time comes. "
6786046B,"Thank you. I wonder what he sent me this time. He really is very sweet, but I just don’t know. If Rebecca finds out ... Well, that’s not really your concern, is it? Thanks again."
679833C7,"PICK UP RECORDING"
67A2FD82,"I don't want to lose you to this."
67A77C50,"HEAVY ATTACK"
67B2174E,"I'm OK. It's getting better."
67C32B45,"Noah: Faith, are you at Orion yet?"
67CE0D65,"Package destination now available. Scrip transfer to be completed upon delivery."
67D64850,"What is it? Is it a pill?"
67DA16E8,"LEAD USER INTERFACE ENGINEER"
67E0CDD3,"{0:d}"
67E18109,"ASSOCIATE PRODUCTION MANAGER STAR WARS"
67E30D98,"OFFLINE MODE"
67E47F6D,"{0:input} OPEN MAP  A map of GLASS CITY containing all the important locations, activities, and information a Runner needs.  Mod: • BeatMap v 3.15"
67EF24E6,"HEAD OF LOCALIZATION"
67F9AFD7,"Challenge created. Teleporting to it."
680E73EF,"To view the Terms of Service visit {0:s}."
680FE7A7,"Aline Maera only ever wanted to do science. From an early age she was engrossed in books and experiments, mainly related to human-machine interfaces and the merging of the digital and the biological. As she grew older she found employment with Elysium Corp, already then a premier biotech and pharmaceutical company, and soon enough she came to head up her own division.  Over the years Aline would rise to assume a prominent director position within the Reflection project. Her area of focus concerned how the nanites could monitor and improve the health of the host, and for a long time she convinced herself that the Reflection would only ever have positive benefits. But as her seniority grew she got more glimpses into other parts of the project, and those prompted her to start asking questions about the true purpose of the technology, questions which would turn out to have dire consequences …"
68108A7A,"Noah: Remember to use your surroundings. Being kicked into a railing will hurt for sure."
68147367,"That's a lot of X:s on that map."
68153CFE,"Icarus: Line out! Get out of there!"
68161D37,"VIVE LA RESISTANCE"
682F63E5,"Time to pull your load, leech."
68428F50,"Origin In-Game-Overlay is not enabled. Please enable it in Origin Application Settings and restart the game."
686D74ED,"Icarus: Yeah. I know."
68718EB7,"Faith: Noah, I just talked to Icarus. I think he’s nearby."
68810097,"Stop Replay"
688335FC,"PROJECT MANAGERS"
68852108,"PLASTIC"
68867536,"Faith: I’m there. It’s huge."
68911404,"Icarus: Yeah? So they’re making a power-bid against Elysium."
68947941,"CRYSTAL VALLEY & EDEN VILLAGE"
6894AD40,"Plastic: I’m tracking! Keep going!"
6895111A,"CAUGHT IN THE WEB"
68B29406,"Faith: I’m out."
68BA19CF,"As of today I'm assuming control of this department."
68C4CA58,"The rioters are killing people out there."
68C64C71,"RECORDING #072813 LOCATION: WANDERBORN-FAIRCHILD RESIDENCE, THE SHARD  TRANSCRIPT:  KRISTIAN WANDERBORN-FAIRCHILD This wasn't supposed to happen, mother! He promised me one thing and delivered something else entirely.  ROSETTA WANDERBORN-FAIRCHILD Who did?  KRISTIAN WANDERBORN-FAIRCHILD The one I told you about. Dogen.  ROSETTA WANDERBORN-FAIRCHILD You went to see Dogen? After I explicitly told you not to?  KRISTIAN WANDERBORN-FAIRCHILD Henry told me I could trust him.  ROSETTA WANDERBORN-FAIRCHILD Henry is an idiot.  KRISTIAN WANDERBORN-FAIRCHILD I don't know what to do.  ROSETTA WANDERBORN-FAIRCHILD Of course you don't, Kristian. Tell me what happened. From the beginning, mind.  END OF TRANSCRIPT"
68C64C72,"RECORDING #08392 LOCATION: WANDERBORN-FAIRCHILD RESIDENCE, THE SHARD  TRANSCRIPT:  KRISTIAN WANDERBORN-FAIRCHILD ... and that's about it.  ROSETTA WANDERBORN-FAIRCHILD So what does Henry say about the situation?  KRISTIAN WANDERBORN-FAIRCHILD I haven't been able to get hold of him for two days.  ROSETTA WANDERBORN-FAIRCHILD If Dogen is involved, don't count on ever talking to him again.  KRISTIAN WANDERBORN-FAIRCHILD What am I supposed to do? I'm scared.  ROSETTA WANDERBORN-FAIRCHILD You should be. I'll talk to some people on the board, but I can't guarantee anything. My pull isn't as strong as it used to be. And your recent endeavors haven't exactly helped, either.  END OF TRANSCRIPT"
68C64C73,"COMMUNICATIONS INTERCEPT #942901 LOCATION: N/A  TRANSCRIPT:  KRISTIAN WANDERBORN-FAIRCHILD Call Dogen.  VOICEPRINT MATCH: ""DOGEN"" - ONLY KNOWN ALIAS - K-SEC DATABASE ENTRY #B392 Yes? It better be important. This is my private connection.  OK. It seems like it is not. I’ll talk to you later then, Kristian.  KRISTIAN WANDERBORN-FAIRCHILD No, wait!  DOGEN Yes?  KRISTIAN WANDERBORN-FAIRCHILD I want to talk to you about ... the situation.  DOGEN The situation? You amuse me.  KRISTIAN WANDERBORN-FAIRCHILD We need to find a way to resolve this. You screwed me over, Dogen.  DOGEN Ah, yes. Your friend Henry felt the same way. Have you spoken to him recently?  END OF TRANSCRIPT"
68C64C74,"RECORDING #090193 LOCATION: WANDERBORN-FAIRCHILD RESIDENCE, THE SHARD  TRANSCRIPT:  KRISTIAN WANDERBORN-FAIRCHILD He threatened me. He actually threatened me!  ROSETTA WANDERBORN-FAIRCHILD I worry for you, Kristian. You are hiCaste. You have everything you could possibly want, right at your fingertips. Why did you have to go and involve yourself with someone like Dogen?  KRISTIAN WANDERBORN-FAIRCHILD I'm sorry. It’s just ... I wanted to leave my mark on something.  ROSETTA WANDERBORN-FAIRCHILD Well, I talked to my “friends” on the board today. I don't know what Dogen has on them, but they aren't willing to do anything that might vex him. He is untouchable.  KRISTIAN WANDERBORN-FAIRCHILD All he understands is threats and violence. We need to teach him a lesson.  ROSETTA WANDERBORN-FAIRCHILD I don't think you are able to. Please don't do anything rash, son.  END OF TRANSCRIPT"
68C64C75,"COMMUNICATIONS INTERCEPT #100001 LOCATION: N/A  TRANSCRIPT:  KRISTIAN WANDERBORN-FAIRCHILD Hello?  DOGEN My associates tell me you never showed up at Sloth, Kristian. This is a great disappointment to me. I expect people to deliver on their commitments.  KRISTIAN WANDERBORN-FAIRCHILD I have this line monitored, Dogen. Be careful what you say.  DOGEN Of course you do. Everybody in Cascadia has their lines monitored. Why do you think that would bother me?  KRISTIAN WANDERBORN-FAIRCHILD My mother knows Gabriel Kruger.  DOGEN Does she really? Are you trying to intimidate me, Kristian? If that is the case, you are failing at it miserably.  KRISTIAN WANDERBORN-FAIRCHILD The Conglomerate is not going to stand for what you're doing much longer, Dogen.  DOGEN Oh, isn’t it?  This conversation bores me, Kristian. I’m happy it’s our last. My associates will call on you soon. Some day. Somewhere.  COMMUNICATION FEED CLOSED  KRISTIAN WANDERBORN-FAIRCHILD Oh, mother, what am I going to do?  END OF TRANSCRIPT"
68CED3D3,"MANAGER"
68D46E1D,"Faith: Sorry, but I’m gonna check it out."
68E49AEB,"Plastic: Faith! The explosion messed up the security system. I got the terrace door open! Get out of there before the VTOLs arrive."
68EF8FD8,"Plastic: They’re stupid."
68FC03E6,"http://tos.ea.com/legalapp/WEBPRIVACY/US/en/XONE/"
68FC2003,"A burst of ACCELERATION that kick-starts building FOCUS SHIELD"
6902722B,"This is a covert delivery. That means you stay out of sight. Destination on your beat."
6903307A,"Icarus: Alright, go deal with the second terminal. And stay on the move."
6907CCE5,"Load"
690C266B,"Rebecca: The midCaste have grown complacent. But we will shock them awake, Faith. Only when they’ve experienced real fear and loss will they understand what really matters. Until they do, they are the enemy too."
690E740F,"He killed our parents! I saw it! "
690E7410,"And he's killed hundreds more for the sake of Reflection!"
690E7411,"Isabel! Come! We're leaving!"
690E7412,"You don't have to do what he says, Cat. You are your own person!"
690E7413,"This has gone on long enough! Fire!"
690E7414,"No, no, no!"
690E7415,"Don't!"
690E7416,"You don't understand. I have to."
69288161,"Plastic: The Umbilical joins the two buildings. You should be able to find a way across there."
6944175A,"REPUTATION"
6946108F,"COMMUNICATIONS MANAGER APAC"
6948D243,"Noah has a new run for you. Go talk to him at the Lair."
694B18D1,"QA COMPLIANCE MANAGERS"
6952C047,"No. It’s best this way. I’m gonna fight them. "
697B4F31,"BENEFACTOR"
698401E6,"Had enough?"
69B5583A,"Faith: Neat."
69BEEA8B,"Icarus: Only until this whole thing blows over. I’ll send you the location. Let’s stay off the Beat until we’re there."
69D34FBA,"OmniStat Tunnels gridLeaks {0:d} / {1:d}"
69D8554E,"I'm much more fond of you."
69EB5B74,"SHOW UNDERGROUND"
69EFB69A,"SHIFT"
69F5665F,"ABORT RECONNECT"
69F742A0,"LEAD OPERATIONS SERVICES ENGINEER"
69FB8AAD,"PLAY"
6A1B1693,"Girls! Is everybody ready? Faith, Cat - did you put your shoes on?"
6A1B2942,"MEDIUM"
6A1C2E9A,"LEAD 3D PROP ARTIST"
6A27C38E,"Faith: What can I expect at the top?"
6A2C47DB,"+ Focus gain from SHIFT"
6A39EF70,"PRINCIPAL SOFTWARE ENGINEER"
6A47F650,"Faith: Wait, Cat!"
6A4D78BA,"HEAVY ATTACK"
6A5FD85D,"Anchor gridLeaks {0:d} / {1:d}"
6A67DA9B,"STAR WARS BATTLEFRONT COMPANION TEAM"
6A6EC3B4,"I think the eXecs deserve an explanation of how that happened, don't you?"
6A6FB593,"LEVEL DESIGNERS"
6A737515,"SVP GLOBAL COMMUNICATIONS GROUP"
6A74F353,"{0:input} or {1:input} + {2:input}, twice to avoid attack"
6A92A0B4,"That’s too bad. She seemed nice."
6AA206A3,"Rewarded for completing Danger Zone"
6AA770A5,"TRIANGLES YELLOW"
6AA7E0B1,"I’m over here."
6AAC00E0,"Plastic: Or what? She’s quite far from you inside a completely different building."
6AB160E6,"RETRIEVED RECORDING #01 LOCATION: UNKNOWN  TRANSCRIPT:  VOICEPRINT ASSIGNED TO DATABASE ENTRY: ""KASPAR"" ... are you doing with that thing?  VOICEPRINT ASSIGNED TO DATABASE ENTRY: ""CELESTE"" I thought I’d document our trip. Like a diary. For Avani when she gets older.  KASPAR She’s doing much better already.  CELESTE Yeah, but she’s still very weak. I don’t expect her to remember much of the journey.  KASPAR We’re almost done with the supply list. Firebird is still looking into transportation. We’ll need a dependable vehicle.  CELESTE You’re right, and I didn’t expect that part to be easy.  KASPAR Maybe Black November can help out.  CELESTE I’d rather have as little to do with them as possible. We got the guns. That’s more than enough. I’m gonna check on Avani. Let me know when the supplies are done.  KASPAR Got it.  END OF TRANSCRIPT"
6AB160E7,"RETRIEVED RECORDING #02 LOCATION: UNKNOWN  TRANSCRIPT:  CELESTE Here look. It’s a recorder. I’m making a diary of sorts for you. Of our trip.  VOICEPRINT ASSIGNED TO DATABASE ENTRY: ""AVANI"" Are we leaving soon? I feel better.  CELESTE We are. But it’s a long way to Aurora and we need to prepare properly so that we don’t just end up stranded and starving in the Greylands.  AVANI I wonder if it’s really that terrible out there.  CELESTE To be honest, Avani, it’s probably worse. But we’re gonna be fine.  AVANI What are we going to do when we get to Aurora?  CELESTE What we do here. We’ll run. And you’ll run too. But it’s better there. Anywhere is better than Glass.  AVANI I look forward to it. I’m gonna be as good as you some day.  CELESTE You’ll be better than me.  AVANI Hey, what happened to that girl who was here? The one with the tattoo around her eye? She was fast too, right?  CELESTE Her name is Faith. She ... KrugerSec took her.   AVANI That’s too bad. She seemed nice.  CELESTE Well ... It’s time for you to get some more rest, young lady. I’ll come check on you again soon.  END OF TRANSCRIPT"
6AB160E8,"RETRIEVED RECORDING #03 LOCATION: UNKNOWN  TRANSCRIPT:  KASPAR That thing on?  CELESTE Yes.  KASPAR Alright. Just so I know when my words are being immortalized.  CELESTE Well, I wouldn’t go that far.  KASPAR We found a vehicle. Or rather, Firebird found us a vehicle. She’s finalizing the deal tomorrow. It’ll be the rest of our scrip.  CELESTE That’s OK. We got the supplies, right?  KASPAR We do. But I’m not comfortable with us having no margins whatsoever.  CELESTE This always was a desperate venture, you know that.  KASPAR Yeah. By the way, did you hear? That girl, Faith, who took the vaccine?  CELESTE What about her?  KASPAR They locked her up in juvie. One year sentence.  CELESTE One year? That’s not so bad. Someone must have pulled strings.  KASPAR Someone powerful. Anyone else would’ve gotten a one-way ticket to the Greylands.  CELESTE Or just a bullet in the head.  END OF TRANSCRIPT"
6AB160E9,"RETRIEVED RECORDING #04 LOCATION: UNKNOWN  TRANSCRIPT:  KASPAR Shut it off.  CELESTE No, Avani needs to hear the bad stuff too, when the time comes. Now tell me what he said.  KASPAR The bastard raised the price. He wants twenty percent more. Due to increased risk. He says.  CELESTE Damn. I should have expected this. I’ll talk to him. Work out some kind of trade.   KASPAR It just so happens that he asked for exactly that. Said he had a job for us. Which would be enough to pay our dues.  CELESTE Alright. Let’s work it out then. Does Trine and Firebird know?  KASPAR We can update them later. Better get this done before I lose my nerve. Never thought I’d do runs for Dogen.  CELESTE Did you know Faith was working for him when she was captured? At least that’s the word on the Beat.  KASPAR Yeah? That would explain a few things.  CELESTE It would. Let’s go.  END OF TRANSCRIPT"
6AB160EA,"RETRIEVED RECORDING #05 LOCATION: UNKNOWN  TRANSCRIPT:  CELESTE OK, Avani. This is the last recording I’m making here in Glass. In a few minutes we’re meeting up with our guide who will take us out of the city and to a small hamlet in the Greylands. There we’ll get our vehicle and start the long drive to Aurora and what I hope will be a better life for us all.  You’re sleeping next to me right now. Already looking so much healthier than you did just a few weeks ago. The vaccine really seems to work.  You should know that I had to do a run for Dogen for us to be able to leave. You don’t know who he is yet, but one day I’ll tell you about him. A very dangerous man. And a strange one too.  Aurora will be better. I know it in my heart. Even with OmniStat just across the river it will be better. Glass is rotten. A vile city breeding vile people. Something bad is about to happen here. I’m sure of it. It’s like there’s something in the air. Something building up.  But it doesn’t matter. We won’t be around when it happens. I’ll be teaching you how to run. And one day you’ll be faster than me.  KASPAR Celeste. We’re ready.  CELESTE OK. Avani? Wake up. It’s time to go.  END OF TRANSCRIPT"
6AB1D2F0,"Your UGC option is set to {0:s}. To teleport to and play this UGC you must bookmark it first."
6AB85F35,"VFX ARTISTS"
6AC0DF93,"Autovoice: So I tell whoever is doing this that there is a pick-up available?OK. Pick-up available. Was that right?"
6AC2C251,"SENIOR VFX ARTIST"
6AC55BD2,"And she can’t know either. She must never know that me and him are connected. "
6AD568A2,"Plastic: Their firewalls are a joke. My sister could hack through them. And she’s even more stupid than Kuma."
6AE08E05,"Henchwoman: I bet you enjoy running. Would be sad if you couldn’t do it, I imagine."
6AE2C069,"SOFTWARE ENGINEER MANAGER"
6AF8DF80,"Prisoner: What!? But that’s in the Greylands! I want to go to the city!"
6B0D8790,"EVERYONE"
6B0EF52C,"Development Zone documents {0:d} / {1:d}"
6B1C48D5,"DELETE"
6B4816DD,"ORIGINAL MUSIC CONDUCTOR"
6B51E6B6,"INTERNATIONAL PRODUCTION"
6B58F7E7,"Aline: (static) a KrugerSec patrol coming your way. Watch out."
6B66DEC6,"UI DESIGNER"
6B6A3597,"DIVIDE"
6B6A6F88,"Icarus: Come on. I want to see what you can do."
6B7A2322,"PRODUCTION COORDINATOR"
6B7D2771,"Nomad: So are you going or what?"
6B84382A,"SYSTEM LOCKDOWN IN {0:f.3}"
6B86BEDE,"The online service for this game has been retired. You can no longer access the online features of this title."
6B9AEAA0,"SENIOR COUNSEL"
6BA8DFAD,"SENIOR E-COMMERCE CONSUMER PROTECTION COUNSEL"
6BADA8CA,"CORE SOFTWARE ENGINEERS"
6BB38B98,"Noah: I’m sure you can beat Icarus if you just keep practicing, Faith."
6BCE43CF,"The vaccine really seems to work."
6BD4F521,"Display places safe from K-SEC ALERT on the map"
6BE10D62,"Of course he knows that, I call him Gabe and he calls me George Gordon."
6BF5BCCD,"Icarus: Nice move ..."
6C1910AB,"BUGGING WFYO"
6C19D370,"DIRECTOR PRODUCT MANAGEMENT"
6C2328A9,"Noah: Again?! Now what?!"
6C304753,"Plastic: Doing it right now."
6C360745,"Nah, working. You?"
6C52E57B,"BRAND MARKETING DIRECTOR"
6C618383,"GET OUT OF SIGHT"
6C680729,"{0:d} %"
6C6B49BF,"PRISONER X"
6C6F1293,"Concord Plaza gridLeaks {0:d} / {1:d}"
6C756589,"Backup"
6C768045,"Icarus: I know enough. And I know that I’m faster, and safer, than you."
6C80CF86,"I'm Icarus. Noah sent me."
6C819A3F,"She deserved at least some revenge."
6C86C6C2,"Icarus: If you’re looking for an easy way back up, maybe there’s an elevator somewhere."
6CAF28FC,"MASTER VOLUME"
6CB76548,"Anchor gridLeaks: 1 / 29"
6CB7EB83,"Faith: This was not a great idea!"
6CC76CE8,"OVERVIEW"
6CCAE45D,"Nomad: I heard you ran into Gabriel Kruger."
6CDC4439,"Faith: OK, I made it inside. Can someone tell me what the hell is going on?"
6CDD1435,"MANAGER CONTRACT ADMINISTRATION"
6CEB92E5,"MAP CAMERA OFFSET"
6D016094,"WARNING: YOU ARE LEAVING THE MISSION AREA"
6D041D29,"DEVELOPMENT PARTNERS"
6D0D034C,"Henchman: Don’t get caught now. KrugerSec can’t now this delivery is happening."
6D0DD57D,"Green gridLeaks {0:d} / {1:d}"
6D216801,"SPRINGBOARD"
6D2DC96B,"Attention. This is a KrugerSec announcement. A female runner named Faith Connors is currently being sought for questioning regarding repeated breach of policy. Any information about her whereabouts must be immediately reported to KrugerSec. She is to be considered armed and dangerous."
6D2E9718,"Automated Voice: Reflection. Taking charge of your body so you don’t have to."
6D4DB168,"RESEARCH OPERATIONS"
6D75C193,"+ Focus gain from takedowns"
6D761E7C,"Hack BILLBOARDS and SCREENS to show off your customizable RUNNER TAG. Hacked screens will show up in your friends' games!"
6D7EFA24,"Nomad: You like to keep them running, huh? But please, for my peace of mind, find a safe house."
6D9308CB,"Eden Village"
6D93F34F,"STAMINA AND FOCUS"
6D9423A8,"SENIOR DIRECTOR DIGITAL COMMUNICATIONS"
6D9BD351,"PRESS {0:input} TO CONTINUE"
6D9E4FDF,"QA COMPLIANCE ANALYST"
6DA7E397,"+ Main Mission: Follow the Red"
6DAE5A22,"Plastic: Of course. Faith, I’ve updated your Beat with the location."
6DAECA02,"FREE RUNNING 1"
6DB293C4,"Hey, I’m over here."
6DB43A45,"Aline: I know of you, Dogen. What is your interest in this, exactly?"
6DD68F2D,"EXECUTIVE MUSIC PRODUCER"
6DDD4A0C,"Combat Run"
6DE26C91,"Nomad: I like using the Conglomerate's tools against it. The billboards are perfect for that."
6DE4D27B,"{0:input} to show new objectives on the map"
6DED0BBD,"Good. I hope you weren’t seen. And that Dogen kept his end of the bargain."
6E04CE25,"LIVE SERVICES MANAGER"
6E15330A,"Nine hours? Damn ... Sorry. But I’m so close. "
6E1606FE,"Rebecca: Shouldn’t you get going?"
6E17DC65,"This is a foodstuff delivery. Herbs from Cascadia Prime. Make sure they arrive fresh and sound. If they’re crushed their potency will be lost."
6E2E08E2,"Noah: Runners look after their own."
6E49DD4E,"DEVELOPMENT DIRECTOR"
6E4F6761,"[ NOT FOUND ]"
6E4F74ED,"EQUALS"
6E53D822,"SELECT A STORAGE DEVICE "
6E54F4B5,"DIRECTOR OF BUSINESS DEVELOPMENT"
6E645ADA,"Further increases the time the flow state lasts after completing a flow move."
6E68247A,"Rebecca: The midCaste are blinded by their own misdirected ambitions. Fear and greed drive them on. Once they were victims, but now they too are the enemy."
6E69C793,"ESC"
6E6D3CFA,"CINEMATIC LOCALIZATION DIALOGUE MIXER"
6E7D0E3F,"TIME TRIAL"
6E7F55C8,"LEFT HANDED"
6E80D105,"Talk to Noah about what to do next with the Reflection blueprint."
6E8AF16F,"RUNNER'S VISION ONLINE"
6E8FD196,"Game installation is complete. Do you want to restart game and load the existing save file? Or overwrite the existing save file and continue."
6E904755,"Nomad: Noah told me you were back."
6E9E3625,"Birdman: The beacons should be easy to locate, just follow the increase in frequency."
6EA04DC9,"FULL RANGE SPEAKERS"
6EA80FEB,"Ok, ok, I guess we're getting her out. So what do I need to do?"
6EB71ABF,"Yes, yes, yes,? Hagard is totally right, we, we should absolutely liberate it."
6EC5156B,"Fiberweave"
6ECC8EFC,"KrugerSec RAIDED the Lair. The other runners, including Noah, are dead or missing. You need to find somewhere to HIDE until things calm down."
6EF070F0,"Fine. And who will I report to?"
6EF91AE0,"Automated Voice: Attention! KrugerSec is here to protect you. Always be ready to present your gridPrint to KrugerSec officers. Protect yourself. Protect your fellow employs."
6F136BE8,"LEAD ANIMATOR"
6F1D4AE7,"Aline: (grunts in pain)"
6F266F09,"Aline: Or we might be wrong, Plastic."
6F34D6D8,"Opponents receive damage when they STUMBLE into objects"
6F506CA3,"SOFTWARE ENGINEERS"
6F6EA1CF,"AT A GLANCE:  Callaghan Construction Corp is responsible for the vast ongoing reconstructions of Glass and Cascadia Prime. Close collaboration with Bryson Industries has seen them make several advances in building techniques, machinery and material over the last decades.  CURRENT CHAIRMAN: Alexandra Callaghan TOTAL MARKET SHARE: 9% NUMBER OF EMPLOYS: 4 391 620 as of FY48 MAIN OWNERS: House Callaghan CORPORATE SLOGAN: “Building for Tomorrow” MAIN SUBSIDIARIES: Callaghan Materials, Callaghan Development, Callaghan Architecture, Callaghan Infrastructure FOUNDED: FY01"
6F79EF5B,"MESSAGE"
6F85D3AF,"Plastic: Great! There’s an elevator on the other side you can use."
6F8A53F3,"YOU ARE NOT SIGNED IN WITH AN ACTIVE GAMER PROFILE. YOU WILL NOT BE ABLE TO SAVE OR LOAD FILES TO YOUR XBOX 360 CONSOLE WITHOUT AN ACTIVE GAMER PROFILE. "
6F8D1ED2,"FOCUS SHIELD"
6F8F0F28,"Delivery pick-up nearby."
6F977E19,"Automated Voice: Attention! The train for foodDomes Gamma and Sigma is departing the Zephyr Transit Hub in one hour. Employs assigned to these facilities must report in one hour in advance. If you have not already done so, you are late and in breach of policy."
6FB99FB5,"SENIOR FINANCE MANAGER"
6FC988F8,"Icarus: Are you through yet, Faith? It’s getting a bit hairy here!"
6FCBD962,"well hello there George Gordon, you are so big and strong, I've got a special mission for you."
6FCDDA1D,"Nomad: Faith, I really hope you’re not around that antenna anymore!"
6FCEB894,"Noah: It’s good you got the employs out, Faith."
6FD11840,"Rewarded for completing Seb's Salute"
6FD3F0A2,"I didn't have much, but at least I had Tristan. "
6FD68242,"HALFTONE GREEN"
6FD70AA2,"VFX ARTIST"
6FE088E0,"Checkpoint"
6FE3BCA4,"<Unknown Key>"
6FE4EC4B,"WELL DONE"
6FE67B82,"Plastic: Quite a few more, actually. Sorry."
6FEB9E83,"What? Gabe said to me that hair movement shows weakness."
6FF4CEEF,"Faith: And what about the employs here?"
6FFA39C2,"QA COMPLIANCE LEAD TESTERS"
6FFA8596,"IMPACK ATTACK TO THE RIGHT"
6FFEA396,"You have reached your limit of listed UGC. Your Beat L.E. was saved as unlisted."
7019FDBB,"Yes!"
70290233,"Icarus: Please be quick. I’m kind of exposed here."
702F43C3,"MEDIUM"
702F8B04,"SOUND DESIGNERS"
70374F77,"A gridNode is a central server nexus in the GRID, routing immense amounts of data any given second. Intrepid runners can attempt to subvert a gridNode and connect their BEATLINK to it. When synchronized with the Beat the data can reveal any areas safe from KrugerSec scrutiny.  Subverting a gridNode provides access to all SAFE HOUSES in the surrounding area."
70384A55,"Nomad: You’re like water, Faith. Water. "
70405A36,"Movement: WALLRUN to SWING"
704B7BE9,"ALINE MAERA"
7056D4C4,"STOP PLAYING"
70598257,"RECORDING #015 LOCATION: KRUGER RESIDENCE, OCEAN GLASS VIEW  TRANSCRIPT:  GABRIEL KRUGER How are you feeling today? Did you get any sleep?  GABRIEL KRUGER I understand. This must all be very confusing for you.  GABRIEL KRUGER I'm afraid I have some bad news. I know I promised to get you to your parents, but there was nothing I could do. The rioters were out of control. I'm sorry.  UNKNOWN (NO DATABASE MATCH) Mom? Dad?  KRUGER It was too late. The rioters ... They were relentless.  UNKNOWN (NO DATABASE MATCH) Faith?  GABRIEL KRUGER I'm sorry. Your sister is gone. They're all gone.  GABRIEL KRUGER Don’t worry, child. I will take care of you.  END OF TRANSCRIPT "
70598258,"RECORDING #027 LOCATION: KRUGER RESIDENCE, OCEAN GLASS VIEW  TRANSCRIPT:  GABRIEL KRUGER What's your name?  ISABEL KRUGER Cat. Caitlyn Connors.  GABRIEL KRUGER Are you sure?  ISABEL KRUGER I--  GABRIEL KRUGER That's the old you. The part that is all dark and sad and pitiful. Who are you now?  ISABEL KRUGER (mumbles) Isabel?  KRUGER What did you say? Speak up.  ISABEL KRUGER My name is Isabel. Isabel Kruger.  KRUGER That's a good girl.  END OF TRANSCRIPT"
70598259,"RECORDING #032 LOCATION: KRUGER RESIDENCE, OCEAN GLASS VIEW  TRANSCRIPT:  (SOUNDS OF SEVERE ASPHYXIATION)  GABRIEL KRUGER How are you feeling today, Isabel?  ISABEL KRUGER I'm OK. It's getting better.  GABRIEL KRUGER I am worried about you, Isabel. I'd like you to try a new treatment I have been working on, with my Elysium friends.  ISABEL KRUGER What is it? Is it a pill?  GABRIEL KRUGER No, it's not a pill. You'll have to come with me. Everything will be better. We'll have you cured in no time.  END OF TRANSCRIPT"
7059825A,"RECORDING #0143 LOCATION: KRUGER RESIDENCE, OCEAN GLASS VIEW  TRANSCRIPT:  ISABEL KRUGER Gabriel!  GABRIEL KRUGER Hello, Isabel. I'm sorry I haven't been around lately. There is so much to do, you wouldn't believe.  ISABEL KRUGER I've made this for you.  GABRIEL KRUGER That’s nice. What is it?  ISABEL KRUGER It's a cat!  GABRIEL KRUGER Why, yes it is. Why did you draw me a cat?  ISABEL KRUGER I ... Don't you like it?  GABRIEL KRUGER I've never been fond of cats. I'm much more fond of you.  END OF TRANSCRIPT"
7059825B,"RECORDING #0693 LOCATION: KRUGER RESIDENCE, OCEAN GLASS VIEW  TRANSCRIPT:  GABRIEL KRUGER Hello, Isabel. How did the tests go today?  ISABEL KRUGER Really well!  GABRIEL KRUGER I knew they would. You are their youngest student ever, did you know that?  ISABEL KRUGER There was another girl, in class. She told me I shouldn't even be there. Because I was ""just a kid"".  GABRIEL KRUGER But you showed her, didn't you?  ISABEL KRUGER I sure did. She came in last in the sharpshooting test. And I won!  GABRIEL KRUGER That's my girl. So, Isabel. What do you want to do today? I have the whole afternoon off, just for you.  ISABEL KRUGER Can we go to the top of the Shard?  GABRIEL KRUGER Of course we can.  END OF TRANSCRIPT"
706031EB,"Skill Move: WALLRUN to DIRECTIONAL JUMP"
7064AFB1,"And your recent endeavors haven't exactly helped, either."
706906FD,"I have a job to do here. I don’t like it, but it’s the only one I have. Just come with us. If you don’t resist I’ll put in a good word for you. Otherwise I’m gonna have to pacify you, and I’d rather not do that."
706EB263,"SENIOR ENGINEERING PROGRAM MANAGER"
708360ED,"DOGEN"
708BC35F,"FOCUS BONUS"
709727CC,"ERIKA CONNORS"
709B4609,"PROTECTOR Class: Melee"
709FEF0C,"FAITH CONNORS"
70A02DBB,"Faith: I’m checking the info now."
70A15515,"Icarus: Over here, Faith."
70A21E52,"No, wait!"
70A5870A,"SR GAMES USER RESEARCHER"
70A9F781,"SWITCH PLACE"
70AE2F43,"CHARACTER ANIMATION ENGINEERS"
70C43C91,"SENIOR TESTERS"
70CB0486,"HEAD OF COMMUNICATIONS FRANCE BENELUX"
70CBD32E,"Aline: You can climb the shaft to get up."
70CD79EB,"Noah: I swear, I’m running a god damn zoo. Come talk to me when you’re done, Faith."
70DBC861,"RECORDING #04032 LOCATION: CONNORS RESIDENCE, REZONING AREA 3  TRANSCRIPT:  ERIKA CONNORS ... and so I’m forced rule out that option. Maybe if--  MARTIN CONNORS Did you eat?  ERIKA CONNORS I had breakfast.  MARTIN CONNORS That was nine hours ago, Erika.  ERIKA CONNORS Nine hours? Damn ... Sorry. But I’m so close. It’s like the answer is there, if I could just ... How are the girls?  MARTIN CONNORS I took them over to Noah. It’s just you and me and that amazing brain of yours here.  ERIKA CONNORS I don’t know. I don’t feel very amazing. What if I’m chasing a pipe dream?  MARTIN CONNORS Hey, you’re not.   ERIKA CONNORS How can you be so sure?  MARTIN CONNORS I just am. The work you’re doing will change Cascadia forever. Will change the world forever.  ERIKA CONNORS Maybe. If I ever manage to complete this damn algorithm.  MARTIN CONNORS You will ... But first you need a break.  END OF TRANSCRIPT"
70DBC862,"RECORDING #04509 LOCATION: CONNORS RESIDENCE, REZONING AREA 3  TRANSCRIPT:  MARTIN CONNORS The girls are asleep. Finally. Cat had me reading that damn story five times.  ERIKA CONNORS Did you talk to Rebecca?  MARTIN CONNORS Yeah. She was kind of upset with Noah.  ERIKA CONNORS Isn’t she always ... What was it this time?  MARTIN CONNORS He's worried about the rally. Apparently a friend of his at KrugerSec told him they’re planning a massive presence.  ERIKA CONNORS Why? Should we cancel?  MARTIN CONNORS No, we can't. Look, if we let them scare us, we'll never accomplish anything.   Enough about that. I'll sort things out between Noah and Rebecca later. How's the work coming along?  ERIKA CONNORS Good. But I'm not sure I can keep it hidden from my lead much longer.  END OF TRANSCRIPT"
70DBC863,"RECORDING #05893 LOCATION: CONNORS RESIDENCE, REZONING AREA 3  TRANSCRIPT:  MARTIN CONNORS I met with Rebecca yesterday. She was acting cagey about something. Wouldn't tell me what.  ERIKA CONNORS What is she up to now? You really shouldn't have to spend so much time worrying about what your friends are doing.  MARTIN CONNORS She bought a gun.  ERIKA CONNORS She did what?!  MARTIN CONNORS And she's bringing it to the rally, ""just in case"".  ERIKA CONNORS She's going to provoke somebody and someone will get hurt! KrugerSec doesn’t fool around.  MARTIN CONNORS It’ll be OK. I think I convinced her not to bring it. I'm more concerned about her new friends. They listen a little too intently to what she's saying. This isn't about violence. That's the one thing we want to stay away from if we want to keep the moral high ground. The corporations need to see that there are a lot of us who refuse to accept them directing Cascadia’s future.  END OF TRANSCRIPT"
70DBC864,"RECORDING #06738 LOCATION: CONNORS RESIDENCE, REZONING AREA 3  TRANSCRIPT:  ERIKA CONNORS Erika Connors. Research log 128.  It’s done. And it will work. I know it will. I’ve run the simulations more than a hundred times and the results are consistent. This is it.  But how to proceed from here? Any corporation that gets its corrupt hands on it will only bury it deep down where it cannot disrupt the power structure they’re so carefully erecting. And oh boy will it disrupt it. It will destroy it.  I’m gonna have to encrypt it somehow. Representatives from both Silvine and Everdyne are already asking troubling questions. I think they suspect that I’m on to something, though they don’t know half of it.  Maybe if I ... Could that work? It might.  MARTIN CONNORS Hey, so are we going to celebrate or what? The girls are waiting. Faith is climbing the walls. And I mean literally.  ERIKA CONNORS I’m sure she is. I’ll be along in a minute, just need to finish a train of thought here.  MARTIN CONNORS You’re thinking about how to hide it, aren’t you.  (COMMOTION)  MARTIN CONNORS Oh boy ... Seems we have a little emergency. Come out when you’re ready.  END OF TRANSCRIPT"
70DBC865,"RECORDING #09503 LOCATION: CONNORS RESIDENCE, REZONING AREA 3  TRANSCRIPT:  MARTIN CONNORS Girls! Is everybody ready? Faith? Cat? Cat - did you put your shoes on?  CHILDREN Yes!  ERIKA CONNORS OK, girls. Wait for us outside. Me and daddy are coming in a minute.  ERIKA CONNORS Is everything OK? You seem nervous.  MARTIN CONNORS Noah's been on my back for days. He wants to call it off. I'm not sure. He always worries, but this time he's really on edge.  ERIKA CONNORS It'll be alright. Your speech is great, and it's not like you'll be saying anything the authorities don't already know.  MARTIN CONNORS I know, I know ... And that's the thing. I mean, you're right. I can feel it. Things will improve. We just need to get people to hear the message. Then the corporations won't be able to stop us.  ERIKA CONNORS I hope so. The girls shouldn’t have to grow up in the world we're heading toward now.  BELIEVED TO BE THE VOICE OF YOUNG FAITH CONNORS Are you coming or what?  MARTIN CONNORS Yes, Faith! We’re coming! We are. Let’s go!  END OF TRANSCRIPT"
70DDD3C0,"Play the campaign"
70E3B8CF,"{0:s}  {1:input} to show new objectives"
70E4CD24,"Let them know you're alive."
70E5DCE4,"2D ARTIST"
70E6920C,"Plastic: The metaGrid really is worth tapping into. You should hear the things the families talk about. A lot of them are worried about Reflection, and there are those who think Kruger is pushing it too hard."
7115943F,"Attention all employs. The museum is now closed for today. We kindly ask that you make your way to the nearest exit."
7115C9DC,"Icarus: Almost done. Just one more to shake."
711A3E0C,"Grapheneweave"
712407ED,"STUDIO DEVELOPMENT DIRECTOR"
71386EEF,"NOMAD"
71809852,"Icarus: Are you there yet?"
718439DF,"Plastic: You want to listen to him sleeping?"
718CCB5B,"FULLSCREEN"
718CCB5C,"WINDOWED"
718CCB5D,"WINDOWED BORDERLESS"
719CA34D,"Complete mission SAVANT EXTRAORDINAIRE"
71A0A520,"BACK IN THE GAME"
71AC1631,"USER INTERFACE SIZE"
71BD24E5,"So you’re a runner right? Think you can get this delivered without being seen? KrugerSec is watching my counterpart closely, and if they see a runner deliver this data to her she’ll be out in the Greylands in no time. Please don’t allow that to happen."
71C79F23,"Plastic: Damn it. KrugerSec have noticed that something’s up. They’ve sent a patrol to the second hub."
71CEA1DA,"I don't know one single realtor who’d trade an apartment in Regatta Bay for pure gold. "
71E4290F,"On/off objects and around corners"
71E97FE9,"Dogen: I’m not in the habit of encouraging failure. You owe me a lot of scrip, Faith ..."
71EC41DC,"SENIOR CONVERSATION MANAGER"
71ED506A,"MASSIVE DAMAGE when in FLOW  Upgrade to IMPACT ATTACK  When in FLOW, use the environment to increase the damage of your IMPACT ATTACKS."
71F3E54A,"Icarus: Faith, I see you. You’re closing in on the terminal. I’ll work on a way to get you across to the second one once you’re done."
71F45C4F,"MORE INFO"
72001831,"Plastic: Watch out for that VTOL!"
7216D0EE,"Yeah, I heard. More troubles with Black November, I guess."
7219EA7B,"Hacking gridNodes unlocks the ability to FAST TRAVEL to nearby SAFE HOUSES This one unlocked SAFE HOUSES in {1:s}  Press {0:input} to see the new SAFE HOUSES on the map"
721CA26F,"She’ll kill me when she finds out. "
7230FBE1,"HEAD OF PRODUCT MARKETING ITALY"
723AD8CE,"CREATE TIME TRIAL"
72512F4F,"LEAD CONCEPT ARTIST"
725FCA83,"   "
72711661,"LIGHTING VFX"
727AC921,"YOUNG CAT"
728777E7,"Delivery not confirmed. Payment withheld."
729DEB63,"LARGE TUTORIAL"
72CD43A1,"Honestly, I don't know. First her parents and her sister. "
72D100DA,"Show some damn gratitude."
72D568B1,"SENIOR SOFTWARE ENGINEERS"
72D586AF,"BOOKMARK"
72DF37E5,"K-SEC SURVEILLANCE TAP"
72E3BEF9,"HEAD OF PRODUCT MARKETING SPAIN"
72F1DB2B,"SENIOR SYSTEMS ENGINEER"
72F48807,"{0:input} to swing, then {1:input} to jump"
72FBF98B,"Aline: The explosion tore off one of the rotor blades. You might need the Cyclone glove to keep going."
7306C6BD,"YOUR SELECTED STORAGE DEVICE HAS EITHER BEEN CHANGED OR IS NO LONGER AVAILABLE. YOU WILL NEED TO SELECT A STORAGE DEVICE TO BE ABLE TO SAVE OR LOAD PLAYER PROFILE DATA."
7308154D,"Automated Voice: Attention! Putting in the extra hour every day will pay off in the end. A productive employ is a happy employ."
730E595C,"Faith: I’m in."
730EDAB2,"Plastic: Yeah, well it wasn’t designed with humans in mind. Pure machine space. Pure function. I bet it’s beautiful."
7313A301,"ACCEPT MISSION"
73349F47,"Wallrun directly after a Wallrun"
733ADC8E,"If Dogen is involved, don't count on ever talking to him again."
73427983,"Place a surveillance tap on the antenna at the top of the antenna"
73450931,"You must accept the license agreement to play the game."
734CC23C,"AT A GLANCE:  Elysium is the dominating health-care provider, pharmaceutical and medical research corporation in Cascadia. They run the hospitals, develop and sell the medicines and manufacture the medical equipment used. Sinister rumors claim that they are doing shady things within their psychopharmacological division but nothing has been officially verified.  CURRENT CHAIRMAN: Angus Mortell TOTAL MARKET SHARE: 7% NUMBER OF EMPLOYS: 1 518 293 as of FY48 MAIN OWNERS: House Mortell CORPORATE SLOGAN: “Your Health is Our Business” MAIN SUBSIDIARIES: Elysium Health, Elysium Pharmaceuticals, Elysium Medical, qMed (retail outlets) FOUNDED: FY01"
734D41FB,"In a combat situation your HEALTH will appear at the bottom of the screen."
7357E264,"OPERATIONS CHANGE COORDINATOR"
736BA737,"GridNodes: {0:d} of {1:d}"
736F66AD,"Carbonweave"
73738451,"They expected you half an hour ago, I believe."
737E8B6A,"Yeah, that sounds like Gabriel Kruger alright. All very military and proper."
7381C602,"MESSENGER GIRL"
7390DF20,"MARKETING COORDINATOR BRAZIL"
73B8CFC7,"Dogen claims that Noah could still be alive. If that's true ISABEL KRUGER might know more, and you should talk to her to find out more."
73C6F9A1,"Yeah. You’re headed for the Greylands, leech."
73D143E4,"{0:input} ACCEPT"
73DFFC5C,"Faith: What do you need from me?"
73E224C4,"Find Erato "
73E224C5,"Find Thalia"
73E224C6,"Find out what happened to the message capsule"
73E365F3,"Nomad: Great minds think alike. There’s a huge antenna inside the compound. I’m thinking KrugerSec would be rather upset if someone wrecked it."
73EC382C,"XXX,XXX.XX"
73ED4161,"BACKEND LEAD ENGINEER"
74228A5D,"Faith: Later. I need an exit."
7425A853,"Plastic: I’m sure she’ll be here as soon as she can."
742E32ED,"A LECTURE FOR AN EXEC"
74363A97,"Faith: (scared emote)"
7436C029,"{0:time:+ss.ff}"
7443F41E,"Rebecca: KrugerSec reinforcements approaching. What’s the status of Route A?"
7444508E,"Meet Noah in the Lair"
7444508F,"Get your gear"
744B4318,"PRISONER X"
745DA57F,"MID- TO HI-CASTE, COMMERCIAL"
7463B1CB,"MAP"
7465E376,"AUDIO ENGINEER"
74699333,"MISSIONS"
747849E3,"Plastic: That’s “evacuate”, Kuma."
747C24D5,"WEB FORWARD"
747C7969,"DESIGNER"
7484E760,"To whoever just picked this up. We need it delivered without KrugerSec spotting a runner in that area. Is that clear. Stay out of sight."
74980F31,"Plastic: Yes! Kuma is cheering you!"
749E69D3,"Noah: Good. Both of you get back here. Stay out of sight of the VTOLs."
74ABE6D7,"I don't think you are able to. Please don't do anything rash, son."
74ACECDF,"LIGHT ATTACK"
74B15BD5,"Nomad: OK. Here we go. They're coming for you Faith! You need to get out of range or find a safe house. Now!"
74B6262D,"Fill your FOCUS SHIELD meter"
74C88848,"{0:input}, {0:input}, {0:input} to takedown echo"
74CA36FB,"MIA"
74D5A9B3,"SENIOR DIRECTOR GLOBAL PRODUCT RELEASE"
74D6157D,"GPR SENIOR SUBMISSIONS PLANNER"
74EAC5C9,"DICE OPERATIONS SUBMISSION AND RELEASE MANAGEMENT"
74EF9623,"How are you feeling today? Did you get any sleep?"
74F4C053,"You really shouldn't have to spend so much time worrying about what your friends are doing."
74F7287A,"That one took a beating. Wonder what the bonus will be."
74FBB149,"They’re coming! Get out! We gotta get out!"
7501D711,"Rebecca: Ambush sprung. Team Anders, move in. Team Bernadette, flank to the left."
7505E373,"WIDE"
7506E2B6,"Nomad: Are you getting that chip or what?"
751C653D,"Noah: Good. Keep going, Faith."
7529B9DC,"Runner. Over here."
7531B25D,"Faith: I’ve never seen this many trees before. It’s beautiful here."
75323F0C,"A ChaosLines Effect with normal colors"
7537A90E,"ChaosLines Effect"
753E0C73,"DRONE WORKS"
7556C3EE,"Faith: Got it."
756BD4C7,"Icarus: Done."
75714E3F,"CREATE BEAT L.E."
757A4A15,"Ah, so this will play when it’s done? Good. Thank you, runner. Whoever you are. My scrip is yours."
7593AD4C,"Faith: He didn’t make it."
759EA921,"BLÄCK STUDIOS AB"
75BA33CB,"GAMEPLAY SERVICES"
75C7B606,"We see you picked up the package. Now get it to the delivery point without KrugerSec spotting you. If they find out that we’re handing over these schematics we’re screwed and there will be no scrip for you."
75D31B2C,"MOTION CAPTURE ACTORS"
75D901A8,"Produced by Magnus Birgersson and Magnus Walterstad"
75E99CB1,"Plastic: The AllCom building should be easy to get into. I’ve marked a data sluice on your Beat. Connect to it using that glove of yours and I’ll remote it from here."
75FB169E,"FRAGILE DELIVERY"
7605A1C6,"Rebecca: What the Families never tell anyone is that their way is utterly unsustainable. There just isn’t enough energy or resources left for us to go on, with the endless consumption we’ve grown accustomed to. Ultimately it’s about the survival of our species. We must change, or perish."
76098106,"That's the way it works in Conglomerate Cascadia. "
761E1127,"Tap all the dataPoints before the time is up"
7621620F,"Twice. The results are consistent. It’ll work."
763B566D,"Left Stick to Move"
76432E5E,"Does she really? Are you trying to intimidate me, Kristian? If that is the case, "
764A55CC,"Aline: The elevator won’t run. That was one hell of an explosion. The entire top of the Shard looks destabilized."
76566E1F,"WALLRUN"
765A0AD2,"SHAKE OFF CITY ALERT TO ENABLE SOCIAL CONTENT"
765D0A8A,"PUBLICLY LISTED CHALLENGE"
76685E9F,"TAKE ONE D.O.O"
767DE97B,"Aline: It will mess a lot of things up if we don’t stop it. Not the least the hosts themselves. Once Kruger starts experimenting with the emotional influence parameters on a mass scale, all bets are off."
768E79BF,"SIDE MISSIONS"
769476A6,"ALTERNATIVE LEFT HANDED"
76A9E69E,"Icarus: Information is power, Noah."
76AE8A7D,"EVENT COORDINATOR"
76BA05AD,"Plastic: Once you get through the fan system you’re at the main server stack. That’s the heart of KrugerSec in Glass. I wish I could be there."
76BAF697,"PAGE DOWN"
76BE89A9,"Due to increased risk. He says."
76C85715,"Faith: What do you want?"
76C9662E,"Artist: CHVRCHES  Title: Warning Call  Written By: Iain Cook, Martin Doherty, Lauren Mayberry, & Magnus Birgersson Published By: Universal PolyGram Int. Publishing, Inc. on behalf of Universal Music Publishing Ltd. + Electronic Arts Music (ASCAP) Administered by Nettwerk One Music (Canada) Ltd. CHVRCHES appear courtesy of Glassnote Entertainment Group, LLC, Virgin Records Limited, Universal Music GmbH, Hostess KK and Liberator Music "
76D31E4D,"Rebecca: The Families have created an unsustainable society. Unlimited growth. Unlimited consumption. It’s madness and it will ultimately destroy us all if we don’t force the employs to change their ways."
76D6AC9D,"ADDITIONAL DIALOGUE EDITING"
76D9BE45,"Dogen: I’ll leave you to it. Remember our deal, Faith."
76DD0692,"Over here, Faith."
76DF2FE0,"Deliver any fragile package without any damage to it"
76E499E2,"Elegant Flight"
76E8475F,"JUST ADD A SLICE OF LIME"
76EAB391,"Noah: Let’s do this, Faith. I want this thing off our hands, but not before I know what it is."
76EF5E1F,"DIVA MODELS"
76F36A05,"Crystal Valley recordings {0:d} / {1:d}"
76F36A47,"Eden Village recordings {0:d} / {1:d}"
76F36C07,"Shimmering Heights recordings {0:d} / {1:d}"
76F3EB07,"MAIN CAST"
76F4D6E0,"Plastic: I’m done with the decryption."
76F56FFB,"An overview of Faith’s progression and available upgrades. Select an upgrade to see more information and purchase it."
77082131,"Sliding and Crawling"
7725BADF,"STRAFE LEFT"
773305EB,"Charter Hill recordings {0:d} / {1:d}"
773305F3,"Concord Plaza recordings {0:d} / {1:d}"
773305FC,"Centurian Yards recordings {0:d} / {1:d}"
77330818,"Triumvirate Drive recordings {0:d} / {1:d}"
7737D360,"WALK BACKWARD"
77453DA5,"Faith: When I was a kid I never imagined myself crawling around ventilation ducts this often."
77561FB4,"Faith: In the elevator. On my way down."
775C310B,"Rewarded in the Speed Runner kit"
77619B0D,"HALFTONE YELLOW"
77645F90,"EA GLOBAL ENGAGEMENT ACQUISITION"
77654C81,"Doctor Malus? What are you doing at my work station?"
776A5298,"EA DIGITAL PLATFORM DATA"
776CC6F7,"INSERT"
776FC10D,"Must not. See you soon. And watch yourself. I love you."
77732745,"EA DIGITAL PLATFORM TEAM"
77A994F4,"Control! She got away! I couldn’t stop her! I repeat: she got away! Damn, she’s fast!"
77B18B22,"I’m a nice guy. I really am. I got a family. I don’t like doing this. But I have to. How else will you learn?"
77B22CE5,"GRIDNODE: REZONING"
77C1C9A0,"SENIOR MANAGER COMMUNITY CONTENT"
77C2CFDF,"I just got a message telling me that the delivery failed. To whoever was running this delivery: Please be more careful next time."
77CDD81D,"GLOBAL COMMUNICATIONS GROUP"
77D283B9,"x{0:d}"
77D50873,"We’re planning to set up an OP in an apartment nearby. It would help if KrugerSec were kept busy while we get everything in place."
77D856E4,"Faith: Sounds like my kind of run."
77E8019A,"Automated Voice: Reflection."
77EA9FD7,"OPERATIONS PLAYTEST MATE"
77F5A468,"Attention. All Tier Four residents must evacuate the island. This is not a drill."
7804F7D9,"75%"
7806FB57,"Icarus: Great! Keep me posted. And I think it’s time we left Black November. Rebecca is getting scarier by the day. I heard she had a “traitor” shot over at the conduit the other day. And I think Isabel Kruger might be next. I don’t want to be a part of that."
780D2819,"Noah: Good. Connect to any terminal in Workroom 4H. The shotgun will do the rest."
781433F5,"Social Features are unavailable. Please update your game to the latest version to go online."
7816D6DF,"STORE MANAGER"
7831BA84,"Faith: On the ground. Finally."
7833A8D7,"OmniStat Tunnels recordings {0:d} / {1:d}"
7838C40E,"BLACK NOVEMBER SUPPLIES"
7843E4DF,"HOLD {0:input} while falling to perform a SOFT LANDING"
784572C0,"QUICKTURN"
7859E36F,"CLASSIC_WITH_FLOW"
7862F4C7,"BASE COMMAND ARTIST"
786EA90C,"{0:input} + RUN into a wall  Direct = Vertical wallrun Angled = Horizontal wallrun  JUMP or DROP off"
78700B24,"SET WAYPOINT"
787A65B4,"Ocean Pier recordings {0:d} / {1:d}"
787A6609,"Regatta Bay recordings {0:d} / {1:d}"
7887CF38,"I thought I was done for. Thanks."
788FDF14,"Isn’t she always ... What was it this time?"
78A117A0,"Unknown"
78B627B4,"Nomad: Rumor has it you’re with Black November now. Guess you didn’t have much of a choice, huh?"
78B74094,"I want to talk to you about ... the situation."
78C257BB,"UX ARCHITECT"
78C443F5,"QA PROJECT LEAD"
78D460AC,"PRESS {0:input} TO CONTINUE"
78D93565,"Faith: Sure."
78DC3E08,"Escape the facility."
78DC72FF,"Yeah. Gold."
78E1046C,"Faith: No. Sorry."
78F0CE89,"Noah is dead. For real this time. And Reflection has turned out to be far more terrible than anyone could have imagined. At the same time CAT was rescued by KrugerSec forces, and both Icarus, and your newfound ally Aline have been INJECTED with Reflection. Things are looking grim.  Plastic and Aline are working on a VIRUS to destroy Reflection, and they need Kruger’s GRIDPRINT, his digital identity marker, to finish it. You have no clue how to get it, though, and now Dogen wants to talk to you. Maybe he's finally going to have you legs broken for not repaying him ..."
78F28932,"RESUME GAME"
78F8777F,"SENIOR MANAGER INTERNATIONAL PRODUCTION"
78FD7056,"Caitlyn, most of the time called “Cat”, was barely five years old when she lost her parents and her older sister Faith Connors during the November Riots. As chance had it she was found, critically injured, by KrugerSec and brought to Gabriel Kruger who decided on an unexpected whim to take the little girl in as his own. In time she forgot about her real family, and instead adopted the identity Kruger gave her as his own daughter Isabel.  She has next to no memories of her sister or her parents – their faces long since forgotten (or so she thinks). Mostly she remembers certain emotions and smells. Like the way her father would smell while lying on his back resting and she crawled up on his chest to sleep. Or the deep joy felt when her big sister wanted to play, and the equally deep betrayal when waking up after the riots and realizing that Faith had left her.  Isabel knows she is not Gabriel’s biological child, but at the same time her real parents and sister are but a vague memory. Kruger has instilled her with a deep contempt for those resisting the Conglomerate, and yet she can’t help but feel that something is wrong, and that the society she is supporting is not a healthy one."
78FF16EF,"Left Stick"
7901A82B,"STUDIO DIRECTOR"
790395A5,"Plastic: Why would she?"
790610B8,"Plastic: You’re the first ever to break into the Dogs. You’ll be a legend. If you survive."
7909A9E5,"Good that you’re here. I wasn’t sure this was going to work. Still aren’t. My butt is on the line here, you understand? And my boss won’t be happy if he finds out I’m doing this. But what can the old bastard do, huh? I’m gunning for him, and you’re gonna help me. But stay out of sight when you go to deliver this. If security catches you it’s game over."
790ED0BD,"QUICKTURN"
7917539F,"Faith: There’s a whole different set of labs here. What are they working on?"
792CB6AF,"Delivery confirmed. And no detection. Well done. Dogen will be pleased."
792F747C,"Help Plastic expand her METAGRID access.  Tap all the DATAPOINTS before the firewall shuts down the system."
79345881,"Strike fear in KrugerSec hearts by perfectly clearing a Security Hub"
79370BDD,"{0:d} / {1:d}  RECORDINGS"
7939C283,"Shattering Sting"
793FDC32,"Noah: Are you gonna take it or not?"
79542C44,"Faith: Plastic?"
795EBF6A,"EA RWS QA"
79631DA8,"I thought I’d document our trip. Like a diary. "
796ACBCC,"OBJECTIVES"
79740819,"Beatrix: His office. I’ve sent you the location. Thank you so much for doing this."
79887E15,"IMPACT - MOMENTUM"
798D37D4,""
798F83CF,"Prisoner: You lied to me! I’m not getting on that bus! I was getting released! I’m not going to the Greylands!"
7996D1C7,"Mirror's Edge™ Catalyst Trophies"
79A6B050,"Building lockdown sequence initiated. Lockdown will be completed in sixty seconds.  This facility has been placed in lockdown mode. Please remain at your work stations until contacted by Elysium Security or a KrugerSec representative.  Building lockdown. Code Alpha. Don’t be alarmed. Remain at your work stations until further notice.  Facility submission protocol initiated. Do not be alarmed. Gas will incapacitate but not harm you."
79ACD7A2,"ADDITIONAL AUDIO"
79B28562,"Automated Voice: Attention! This area is off-limits to everybody but KrugerSec personnel. Trespassing will be immediately deported to the Greylands."
79B655AC,"Yes, girl. I am."
79C4389C,"Nomad: Good, but we have a problem. There’s a loCaste in trouble not far from you. Listen!"
79C6402E,"ALLCOM"
79C6B67F,"Noah: The cabal living there was raided by K-Sec about a year ago. Rumor has it they did one too many runs for Black November."
79D24727,"Avoid detection, please. We don’t want KrugerSec to know."
79E2A67F,"Nomad: Beautiful. Go on to the next one."
79E49850,"ANANSI GROUP"
79E58157,"You! Submit! Submit now!"
79E94075,"Did you tell them we got a possible Black November?"
79EF0CFE,"OMNISTAT TUNNELS"
79EF727C,"Rewarded for completing I Saw You On The Battlefield"
79F42DD2,"Plastic: That sounds backwards to me."
79F4DC7E,"SCANLINE GREEN"
7A0219ED,"Skill Move: WALLRUN to QUICKTURN to JUMP"
7A05BBC6,"Let me go, you losers!"
7A07A24F,"Faith: Shotgun in place. Connecting."
7A07D559,"I think they suspect that I’m on to something, though they don’t know half of it. "
7A1A37C2,"Nomad: Hey, Noah. Faith is helping me out with something."
7A413E8D,"Plastic: I could explain it, but you wouldn’t understand."
7A4879AA,"Delivery confirmed. Payment authorized."
7A50E89B,"Automated Voice: Attention! BrysonmegaFactory Four is always accepting new employs. Please report suitable prospects to your closest Bryson office."
7A5DD6B5,"Faith: So we’re screwed. He’s won."
7A6A04CA,"DISRUPTOR - CITY ALERT"
7A6E42B1,"SENIOR MANAGER GLOBAL MEDIA"
7A744D0C,"Nomad: Good. Word is KrugerArms are developing a new type of drone sensor chip. I’m thinking we should grab one for ourselves. But there’s the question of where they keep it."
7A7FBDB5,"ADDITIONAL MIXER"
7A8596F3,"Gain access to Gabriel Kruger's apartment"
7A8596F4,"Gain access to the Malus Art Museum"
7A8596F5,"Find the elevator maintenance shaft"
7A8596F6,"Reach Kruger's private express elevator"
7A8596F7,"Jump and grab the drone!"
7A8596F8,"Go to Plastic"
7A8596F9,"Locate Kruger's console"
7A8596FA,"Escape Kruger's apartment"
7A8B3BED,"Crystal Valley gridLeaks {0:d} / {1:d}"
7A950938,"SURVEILLANCE RECORDINGS"
7AA21668,"BACK IN THE GAME"
7AAA861A,"BASE COMMAND GAME DESIGNER"
7AB75268,"I wanted to send something special to my friend, I thought you might help. The package contains a little thing I made myself. Something for him to remember me by. It’s kind of fragile, so please be careful."
7AC91450,"CANCEL CHALLENGE"
7AD39642,"DELETING PLAYER PROFILE DATA. PLEASE DO NOT TURN OFF YOUR XBOX 360 CONSOLE."
7B091BEC,"COMMUNICATIONS INTERCEPT #001 LOCATION: N/A  TRANSCRIPT:   VOICEPRINT ASSIGNED TO DATABASE ENTRY ""NANDA"" Hey ... It’s me.  VOICEPRINT MATCH: ""DOGEN"" - ONLY KNOWN ALIAS - K-SEC DATABASE ENTRY #B392 Wait? Nanda? Is that you?  NANDA How are you?  (COMMOTION)  DOGEN How am I? Where the hell are you? Are you in Glass? The whole city is coming apart!  NANDA Don’t worry. I’m safe. And I’m in Glass. I just ... wanted to hear your voice.  DOGEN Tell me where you are and I’ll send my people to pick you up. The rioters are killing people out there.  NANDA No. It’s not the rioters. It’s KrugerSec. They started it.  DOGEN I don’t care. It’s not safe. Tell me where you are!  NANDA No. It’s best this way. I’m gonna fight them. Martin Connors urged us to remain peaceful and they killed him. And his wife too. God knows what happened to  the kids.  I gotta go.  DOGEN Nanda!  NANDA I love you.  END OF TRANSCRIPT"
7B091BED,"COMMUNICATIONS INTERCEPT #022 LOCATION: N/A  TRANSCRIPT:   NANDA Are you there?  VOICEPRINT MATCH: REBECCA THANE Yes, girl. I am.  NANDA Are you sure they're not listening?  REBECCA THANE No, I'm not. We should keep this short. No names or locations. Have you found an in?  NANDA I have. They don't suspect anything and have no idea who I am.  REBECCA THANE Good. Make sure it stays that way. We need someone on the inside. Give me an update in a week. Same channel.  NANDA Got it. I will.  END OF TRANSCRIPT"
7B091BEE,"COMMUNICATIONS INTERCEPT #043 LOCATION: N/A  TRANSCRIPT:   REBECCA THANE What do you have for me?  NANDA Not much yet. I can confirm that they’re working on a special project. One entire floor in the agricultural department is off limits to most of us.  REBECCA THANE Like we thought. That means that three of the big corporations are in on this, whatever it is.  NANDA I’m doing my best to ingratiate myself with my section lead. But I doubt I’ll get access anytime soon.  REBECCA THANE Maybe we can get you access some other way. I’ll talk to some people. Continue as before.  END OF TRANSCRIPT"
7B091BEF,"RECORDING #08271 LOCATION: UNKNOWN  TRANSCRIPT:   NANDA Hey ... I just wanted you to know why I’ve stayed away lately. There’s someone looking for me, and I can’t let him find me. Not yet. He’s not dangerous. Or rather, he’s very dangerous, but not to me. He loves me. And that’s part of the problem.  You know I love you. And we’ll be together again soon. I just need to get him off my trail first, and for that to happen I need to stay beneath the radar for a while. He’s probably got you pegged already, and that’s fine. But that’s also why I can’t tell you where I am right now.  And she can’t know either. She must never know that me and him are connected. So please don’t say anything. Stay safe, and we’ll see each other again soon.  END OF TRANSCRIPT"
7B091BF0,"RECORDING #10293 LOCATION: UNKNOWN  TRANSCRIPT:  NANDA You were right, she’s psychotic. This is not the right way to fight the corporations.  I’m getting out and you should too. And not only that but I found evidence that someone else is pulling her strings. I’ll tell you more when we meet, but suffice to say that it’s bad. Really bad.   She’ll kill me when she finds out. I’m saying “when” because it’s only a question of time. I have ... someone, who can help us if it comes to that. Maybe you remember the one who was looking for me two years ago? But I’d rather not pull him into this.  Meet me where we agreed in five days. I’ll bring the evidence and we’ll figure out how to proceed. Everyone must know. And whatever happens she must not get her hands on that thing which she’s been obsessing over the last few weeks. Must not.  See you soon. And watch yourself. I love you.  END OF TRANSCRIPT"
7B096159,"Nomad: By ripping those chips you mess things up for AllCom, and help the outCaste at the same time. Can you do it?"
7B0B0FC7,"CLOSE"
7B20C796,"SENIOR MANAGER ARCHIVES"
7B245684,"Nomad: Good, you should take the route that keeps you away from the Lair. Make it fast and knock out any K-Sec that spots you."
7B2842B5,"INCREASED DAMAGE TO SENTINELS  CLASS • Hunter  STRENGTH • Speed • Wide attack reach • Beat down attack sequence  MINOR WEAKNESS • Traversal Attacks  MAJOR WEAKNESS • Heavy Attack - Switch Place • Disruption  Sentinels are relentless in their ability to chase you down and deliver punishment  Keep moving and your FOCUS SHIELD high with hit and run tactics. Use advanced traversal to create space and open up attack opportunities."
7B3DC37D,"CHECKING PLAYER PROFILE DATA. PLEASE DO NOT TURN OFF YOUR SYSTEM."
7B4D6EFE,"LOCALIZATION COMPLIANCE SPECIALISTS"
7B5C9FA4,"don't trust what the advertisements tell you, and don’t sign up for the treatment. "
7B5E32AE,"RELEASE"
7B5EED88,"COUNTRY MARKETING MANAGER CZECH REPUBLIC"
7B7DB94A,"24/7 LEAD"
7B7EEAE2,"Faith: Let me roll with it, Noah, I need the scrip."
7B80F2C8,"Alright. Just so I know when my words are being immortalized."
7B87007B,"AUDIO & MOVIE"
7B898122,"Shut down any gridNode without notifying KrugerSec of your presence"
7B8AF351,"TECH LEAD"
7B8EEB24,"Undetected Surge"
7BA7F7A9,"LATER"
7BBE181D,"I know you're listening, and I promise you this, Kruger: You will feel my loss. "
7BC09271,"SENIOR MANAGER DIGITAL INTELLIGENCE"
7BC1E5CC,"CONTENT EDITORS"
7BC49E9E,"QUICK TURN"
7BC57227,"2D MEDIA MANAGER"
7BD3681D,"Icarus: Faith! I see you! Get down to the floor below and I’ll shoot you a line."
7BE4DE6D,"ONE HAND CLAPPING"
7BEBB5E2,"GAMEPLAY & WEAPON ENGINEERS"
7BEF621D,"{0:s} {1:~}"
7BF2BF55,"Record Data Replay"
7BFB376F,"PUNCH / KICK"
7BFC3E13,"Exit the gridNode"
7BFD6D8D,"Resume your old life"
7C016A48,"Plastic: You can get down through the elevator shafts."
7C02D78F,"Reunion"
7C03D89A,"Plastic: Running looks hard. But it’s exciting to watch!"
7C3E3761,"Move through the tunnels and meet up with Icarus"
7C3E3762,"Use the terminal to disable the Sentry Drones"
7C3E3763,"Talk to Icarus"
7C3E3764,"Proceed through the building to reach the construction site"
7C3E3765,"Enter building and disable the Sentry Drones"
7C3E3766,"Disable the Sentry Drones at the top of the building"
7C3E3767,"Reach the roof to move to the next building"
7C3E3768,"Reach the top of the building"
7C3E3769,"Jump to the crane hook"
7C3E376A,"Kick the release mechanism"
7C3FEBB8,"Icarus: Hang on while I turn this thing."
7C6B8C97,"Plastic intends to tap into the METAGRID, a closed off network reserved for the Conglomerate elite. There are certain, weakened geoLocational DATAPOINTS that she can use to hack into the network, similar to gridLeaks, but she will need your help.  You need to access every data point within a given AREA. Plastic will tap into them through you, but once she starts the RACE is on to finish before the firewall shuts everything down. If that happens you will need to start over."
7C719CF0,"Rewarded for completing Full Exposure"
7C76AAD9,"WORLD"
7C7706F2,"RAIN BLUE"
7C8F60D3,"BRYSON INDUSTRIES"
7C9DAAE9,"HEADPHONES"
7CA0F600,"PRIVACY COMPLIANCE SPECIALIST"
7CA85FEA,"Dogen: The note is rather poetic. She always had a way with words. I thought she was dead, but it’s obvious to me now that she chose to stay away."
7CA89B4C,"The latest samples show incredible promise. "
7CA89B4D,"I’m confident that everything will go well."
7CA89B4E,"Your progress mirrors the results we’re seeing from every facility."
7CA89B4F,"That’s good to hear, Mr. Kruger. We’ve been-- "
7CA89B50,"What the--"
7CA89B51,"There!"
7CA89B52,"Director Maera, activate the alarm. Deal with him."
7CA89B53,"This is director Maera. We have a code blue. Dr. Hill is dead."
7CA89B54,"What? What do you mean we're locked out?"
7CA89B6C,"Well override it, damn you! Use my tag ..."
7CA89B6D,"Wait! I need him alive. What was that in his hand?"
7CA89B6F,"Cyanide!"
7CA89B70,"What a waste."
7CA89B71,"Stop her!"
7CA89B72,"Where's that thing?"
7CB41506,"Hey, come here."
7CC15B99,"Icarus: Yeah, it seems I got the basics down at least."
7CD763B6,"SPEED RUNNER KIT"
7CF17D36,"Kruger: Reformed employ. I am Gabriel Kruger and on behalf of K-Sec and the Conglomerate board I wish to welcome you back our fair city of Glass. All the major corporations operate here and so there should be ample opportunity for you to find new employment and lead a happy and productive life. You have been given a rare second chance. Make sure not to squander it."
7CF8C2A3,"Could not authenticate with backend."
7CFCBCBD,"Requires {0:s}"
7CFCD8E4,"SENIOR DIRECTOR MARKETING"
7D095E84,"GLOBAL ENGAGEMENT MARKETING"
7D33BF9C,"You there. I have a job for you."
7D3569DE,"INSTALLING MAP ... DONE"
7D3747D0,"Dogen won’t be happy about this."
7D3781EB,"{0:input} TO OPEN THE MAP"
7D3831F0,"SENIOR MANAGER INTEGRATED COMMUNICATIONS"
7D3B261B,"Plastic: I knew it! They’re trying to ambush you! Get away from there, Faith!"
7D4CB702,"Nomad: Great! I got my tools and I’m climbing in right now."
7D525BC6,"Icarus: Isabel Kruger is your sister?"
7D5BD6A8,"Faith: What the hell ..."
7D70D126,"Did you eat?"
7D770E4D,"Delivery confirmed. Thank you. The agreed sum is being transferred now."
7D7A8C06,"I’m inside, Faith. Looking for the right console."
7D7D1598,"Noah: Faith? You there? "
7D8FC123,"DIGITAL PRODUCTS RELEASE MANAGER"
7D9379E5,"Faith: I got a chip. And you were right, there were a few K-Sec here."
7D96806D,"I've never been fond of cats."
7D9B24C7,"Plastic: ... and, done."
7DA2CB5E,"Plastic: Kuma says hi, by the way. He seems to like you. And he doesn’t like anyone. There’s something wrong with his emotional response algorithm but I can’t find the error."
7DA5F1D8,"Faith: Found it. She’s not here, but there’s another note."
7DA89160,"ORIGINAL MUSIC LIBRARIAN"
7DB51722,"Quickly traverse large gaps"
7DB5F133,"SVP DEVELOPMENT"
7DC17FCF,"Automated Voice: Attention! Hard work is always rewarded. A shining example is the true story of Elliott Strong, the star of “Skirting the Edge”, who rose from loCaste to hiCaste over the course of a single fiscal year."
7DDEA9C3,"Complete 10 Dashes in the main game"
7DE413C5,"Roof Runner"
7DE847CA,"Faith: You mean, maybe I could snatch one."
7DF3AAE6,"Use LIGHT TRAVERSAL ATTACKS to move through your enemies without slowing down"
7DF4CF73,"Noah: The Grid is rife with rumors about the explosion. Some are blaming the runners."
7DF91AE6,"SENIOR MANAGER PUBLISHING RELATIONS"
7DFC0916,"Low damage. Causes a short stumble"
7E099EAE,"I was told later today. But there’s been delays."
7E0A563A,"Dogen: Or maybe we’ll have duck. I’m expecting a shipment from Cascadia Prime any day now. Oh, and you’re not invited, Noah."
7E0D6C0B,"LIGHT TRAVERSAL ATTACKS"
7E0D9B75,"You. Here."
7E132197,"Faith: Hey. You’re safe. KrugerSec left."
7E134C29,"Weakness: IMPACT attacks ({0:input})"
7E20CF6E,"USER GENERATED CONTENT"
7E2CEED3,"The complete project blueprint was stolen. "
7E49116E,"Speak to Noah."
7E50CBD3,"Are we leaving soon? I feel better."
7E52962E,"Take flight with some old friends"
7E55279E,"VIVE LA RESISTANCE"
7E580030,"Learn to Fly"
7E5DDEFA,"{0:d}"
7E5FE84D,"Rebecca: I expected no less. Icarus is already out there. And again, the drones are not active yet, so they shouldn’t pose any danger, but watch out for KrugerSec patrols."
7E669D46,"Are you sure?"
7E6F52C7,"Martin: ... and so I put the question to you. Do you want the corporations to rule our lives, or should we do it ourselves?"
7E7107C1,"Noah: Yeah ... It’s a fine line to walk for all of us ..."
7E8A444E,"Faith: I see it."
7EA25945,"To set RUNNER VISION use {0:input} to move the cursor and press {1:input} to place waypoint.  {1:input} SET WAYPOINT on mission objective"
7EA321E2,"DIALOGUE"
7EA84E3C,"OCEAN PIER"
7EA8CEC4,"Development Zone recordings {0:d} / {1:d}"
7EB6D786,"DISRUPT"
7EBDB886,"I'm sure it's related to those people up at agri."
7EC037B0,"ACCEPT DIVERSION"
7ECD76D0,"Icarus: Beggars can’t be choosers. We have nowhere else to go."
7ED3427F,"Development Zone gridLeaks {0:d} / {1:d}"
7EDA3815,"Birdman: Hmm, that’s not good. She was coming in from Neridia Nova. Can you look around a bit?"
7EDB3E40,"Nomad: Be careful you don’t stumble! Don’t let them catch you!"
7EDD664E,"Mom? Dad?"
7EDDF26D,"PLAY SLOWMO"
7EF237E2,"Rebecca: All of you, this is Rebecca. The diversion is ready and the team is almost in place. Today we’ll show the families that none of them are beyond our reach. "
7EF72886,"How was juvie?"
7F019750,"Faith?"
7F0626BC,"Hey don’t ask me. I would’ve-- What the hell?! A breacher!"
7F19186A,"Automated Voice: Alert! Potential threat detected. gridNode defense systems preparing response."
7F1F4C93,"A NEW LIFE"
7F289AA7,"Icarus: You’re not afraid of the echoes, are you?"
7F28E8B0,"TEXTURE/LIGHTING/COMPOSITE"
7F4B1EB7,"THE ALLCOM SHUFFLE"
7F4B1EB8,"TAKE ME TO THE GRIDNODE"
7F4B1EB9,"CONSUMER MAYHEM"
7F4B1EBA,"QUITE A VIEW"
7F4B1EBB,"HEADING HOME"
7F4B1EBC,"DONKEY IN AN OVEN"
7F5728AC,"COMMERCE IDENTITY"
7F70C55C,"Eliminate K-Sec Presence"
7F974E90,"ADDITIONAL RECORDING SERVICES"
7FAD14BC,"Plastic: Their cooling system looks amazing. And it’s not guarded against entry. You just have to deal with the fans. It’ll be messy if they chop you up."
7FB3E7EC,"Icarus: Nice jump, Faith!"
7FC3AFF6,"Construction gridLeaks {0:d} / {1:d}"
7FCCD423,"Plastic: I can’t control that."
7FED7540,"Would you like to save the changes?"
7FF20FCC,"REFLECTION QUALITY"
7FF7AC2C,"BALANCEWALK"
7FFB8FFC,"SUPERVISING TECHNICAL DIRECTOR"
8001BA42,"Runner. Today’s delivery consists of oysters from a Greyland enclave down the coast. To be delivered fresh to Dogen. Remember that these are considered contraband, absurd as it sounds, so be careful."
8001E5E2,"Hold {0:input} while running to springboard"
801644E9,""
801644EA,"The latest samples show incredible promise. I’m confident that everything will go well."
801644EB,"Your progress mirrors the results we’re seeing at every facility."
801644EC,"That’s good to hear, Mr. Kruger.   We’ve been-- "
801644ED,"What the--"
801644EE,"Kruger: Director Maera, activate the alarm.  Deal with him. "
801644EF,"This is director Maera.  We have a code blue. Dr. Hill is dead."
801644F0,"What? What do you mean we're locked out?"
801644F1,"Well override it, damn you! Use my tag - 770930."
801644F2,"Kruger: Wait. I need him alive.  What was that in his hand?"
8016450A,"He’s chewing on something!"
8016450B,"Cyanide!"
8016450C,"What a waste. "
8016450D,"Where is that thing? "
8016450E,"Stop her! "
802274C5,"SHIMMERING HEIGHTS"
802F9F5F,"Plastic: Let me check ... Yeah, you’re close to the Umbilical. Make your way through maintenance to the outside and then cross there."
8033D264,"Deliver 10 packages"
80365594,"Aight, he’s down. Let’s get him off the roof."
80393C66,"Express delivery"
803EFAA5,"You, over here! Let’s get out of here."
803F5FB5,"GAMEPLAY ANIMATORS"
8044F1E1,"Icarus: See if you can find a way back up."
804CAA8A,"Need assistance from the EA Worldwide customer Support Experience team? Select ""Need Help?"" on the left."
804CDD33,"Faith: Crap! KrugerSec’s here."
80503A0C,"/"
80526F9D,"Noah: Workroom 4H, Faith. Shouldn't be too hard to find."
8055C1CD,"ZOOM"
80589E14,"Faith: No."
805B6F15,"Plastic: Yes, but what if he is. Then she’s probably there too. I wouldn’t know what to say to my sister if I met her."
805E9BF4,"Automated Voice: Attention! All employs are hereby encouraged to report any Runner activity in the Centurian Yards area."
806CFB6F,"TECHNOLOGY DIRECTOR"
808068F9,"THY KINGDOM COME"
8089F3EE,"Well, that sounds promising Hagard."
80A7BECF,"Escape with a gift from an old enemy "
80AD28D1,"In his bad books"
80B1245D,"THE CONNORS EQUATION"
80B2FE84,"SAVE LISTED ({0:d} of {1:d})"
80BEDA04,"CONTINUE WITHOUT SAVING"
80CC62D6,"We need to find a way to resolve this. You screwed me over, Dogen."
80DBC515,"Skill Move: WALLRUN to CLIMB"
81115F13,"Set waypoint"
811FC947,"UNDER SURVEILLANCE"
812620E3,"Nomad: Looks like you’re clear. And that antenna won’t work for a long while. Well done, Faith."
8130BD0A,"Faith: I’ve reached maintenance."
813E50BD,"I need this package delivered. And I need it intact. If the container breaks and the cooling fails I can’t be held responsible. And this is the last thing I do for her. She better understand that. Now, off with you."
8143A640,"Yes, I will send it to you, Doctor Malus. "
81617C5E,"ENGINEERING & TECHNOLOGY"
8177F42B,"Which would be enough to pay our dues."
817BAD44,"I can’t just stand idly by and watch as the Conglomerate ruins what little the outCaste have left."
8193EC70,"MEDIA & POST PRODUCTION DIRECTOR"
81A4A611,"Prisoner: Stop it!"
81A56D30,"Continue as before."
81AE9615,"SKILL TREE"
81AF5DFC,"Icarus: Persistent bastards. Won’t stop shooting. Be careful you don’t get into their field of fire, Faith."
81C5D96F,"Faith: OK, my beatLink is online again."
81DC86A0,"Plastic: And here we go!"
81DEBBB2,"DESIGN"
81DEE397,"LEAD BUSINESS INTELLIGENCE ENGINEER"
81E70B5B,"COVERT DELIVERY"
81E87721,"ONLINE HOSTING SENIOR MANAGER"
81EB2D5A,"DIALOGUE SENIOR BUSINESS AFFAIRS COORDINATOR"
81F2B53A,"Noah: Ah, there you are."
81FB305F,"The connection to the EA servers could not be reestablished. A online connection is required to play the beta. The full game will not require an online connection."
82101346,"But I haven’t done anything!"
821FF369,"Make Unlisted"
822711E1,"Plastic: Alright, they’re on full alert. I hope you make it."
822766DA,"Noah: What the hell are you two up to?"
822D9CE5,"Faith: Icarus?"
823384EE,"SET WAYPOINT"
82431597,"TECHNICAL DESIGN DIRECTOR"
824F4DF0,"{0:input} {1:input} {2:input} "
82550423,"Noah: Faith - come back to the Lair. I got a run for you. A good one."
82626260,"{0:input} to attack an enemy."
8270955D,"SYSTEM ADMINISTRATOR"
82749C7C,"PIGEONS DOWN - THALIA"
82876161,"Rebecca: Target in the bag. All teams stand by to extract."
8288FB05,"Complete 15 billboard hacks and interventions"
828CE193,"Faith: You’re still an idiot."
828E6507,"Fighting the system"
828E72F5,"Equipment in place. Calibrating."
8291E94A,"It would. Let’s go."
82990721,"SENIOR DIRECTOR OF ENGINEERING"
829F20B5,"Noah: Exactly, Plastic. You get it."
82A7983E,"Noah: So the terminal is in room 4H. Calm my nerves and get it done, will you."
82AC2E1A,"{0:d}"
82B77896,"Nomad: Faith? I got just the thing for you!"
82D366CC,"Faith: I’ll do it. Send me the locations."
82D561CD,"You’re sleeping next to me right now. "
82E27A6C,"OPEN KIT"
82E82B60,"Yeah! We are on first name bases, it's a bromance, you know?"
82F0B83E,"You’ll learn to follow policy!"
82F7163A,"LO- & MIDCASTE. POP 14000000"
82FCE770,"First crack the shell, then crack what's inside"
82FE8473,"Caution. Fire. Caution. Fire. Evacuate immediately."
83025172,"Time for a Frenzied Rumble"
830987CF,"UNABLE TO LOAD PLAYER PROFILE DATA. YOU MAY NEED TO RETURN TO THE XBOX 360 GUIDE AND DELETE YOUR SAVE FILE. DO YOU WANT TO RETRY LOADING?"
83251A09,"Rebecca: Just confirmed our target is leading them."
83299E0F,"{0:input}  Smoothly JUMP, VAULT and CLIMB objects with exceptional fluidity and speed  Contextual to momentum and the environment"
832C294A,"Checkout the store for related content"
833657E3,"The picture you're looking at. Is that your family?"
83479CD3,"Noah: You’re all good to go, Faith. Well done. Take some time to explore the city and come back here when you’re ready. I have another run for you. Should get you at least part of the way to paying off Dogen."
8350D06C,"I have. They don't suspect anything and have no idea who I am."
8359400D,"Faith: Cat!"
835C3415,"Sentinel: That’s a negative, control. No visual. She couldn’t have survived that."
835D2688,"Plastic: Place the shotgun and I’ll copy the gridPrint to it. "
83706C48,"Aline: Still no general evacuation though. Maybe we misread the blueprints."
8387B417,"Icarus: Damn, I’m good! Just took out two of them!"
83AABC18,"CONTINUE"
83AB9A81,"You have reached your limit of published UGC. Save this Beat L.E. as unlisted?"
83CFFA78,"CHARTER HILL"
83D6A58F,"and for that to happen I need to stay beneath the radar for a while. "
83E6AE8B,"GLOBAL PLM MANAGER"
83E871D0,"This is it. You have the VIRUS, and you know where you need to go, which is to the very top of the tallest building in GLASS. What awaits you there remains to be seen. Will Kruger be there? Your sister? Will the virus work?  Reflection must be STOPPED, and you’ve decided to risk everything to do it. For your friends. For all the employs out there who aren’t even aware of the danger it poses. And for Noah."
83F7F5C0,"Oh no! You're lucky you're still alive!"
84010A18,"FLY TRAP"
8414B318,"but they'll have no way of locating us."
841A5E50,"Icarus: As I said. They kill."
842868A7,"Hmmm, Of course he does"
84378C46,"EA LOCALIZATION"
84425294,"SOCIAL AND COMMUNITY MANAGER NORDICS"
8461A54B,"Faith: It’s getting away!"
846BEFE4,"Automated Voice: Attention! Breach of Conglomerate policy means risking deportation to a Greyland facility. Keep yourself safe. Keep our city safe."
846F6ED1,"WEB BACK"
8472F5E9,"WEB HOME"
8474A284,"CLASSIC"
847834CD,"TEXTURE FILTERING"
847913A6,"WEB STOP"
847C3AC2,"DOWNTOWN, LO- & MIDCASTE. POP 32500"
848D0181,"Faith: Neat!"
849640D8,"DIRECTOR MARKETING INFRASTRUCTURE OPERATIONS"
849B0D99,"OK. It seems like it is not. I’ll talk to you later then, Kristian."
849C8F1A,"The corporations need to see that there are a lot of us who refuse to accept them directing Cascadia’s future."
84A9A8A4,"TALK TO ICARUS"
84B0271E,"I miss you too. Be safe, Tristan."
84D770AB,"FX LEAD"
84DA294E,"RECALCULATING:"
84DCBA61,"SENIOR DIRECTOR UX CREATIVE"
84DD29F3,"Dogen: We have some catching up to do, Faith. Perhaps we can have dinner when we’ve settled our transaction? Yes, dinner it is. I’ll prepare something special."
84DE23A6,"Remove 10 electronic parts from Conglomerate terminals"
84E38DA8,"Five Finger Discount "
84E7BF70,"PRONTO, OK?"
84F484D0,"TALK TO CAITLYN"
84F7F9EB,"It just so happens that he asked for exactly that. Said he had a job for us. "
84FCC0DF,"Noah: You want to get into 4H. Got it?"
85020828,"Faith: No. It’s time to face them."
851B81C2,"MEDIA SELECT"
851E1082,"We are no longer slaves to fate. We're taking the future into our own hands."
851F04D7,"KrugerSec doesn’t fool around."
853B6D00,"I’m seeing a slight increase in dopaminergic activity. Lessen the stimuli."
853EC371,"Icarus: I actually did a few runs for Black November before I joined up with Noah. Courier-stuff mostly. Rebecca Thane can be intimidating, but she paid well."
85447415,"ONLINE TEST GROUP-QA ANALYSTS"
854829AF,"LOCALIZATION TRANSLATION"
8548E1DE,"Runner. The package must be delivered intact. I tried protecting it best I could, but if it breaks we might have a serious problem. And this is the last thing I do for her. She best understand that."
854E743B,"Noah: What? I’m liking this run less and less."
854F25DF,"Icarus: K-Sec just dropped several squads into Everdyne Tower."
85521011,"Witness a terrifying event"
85577A13,"Devastation"
856B4A83,"{0:d}"
856F4278,"Rebecca: We fight for those who cannot. Never forget that."
859CC574,"Noah: Good enough for Birdman is good enough for me. Guess you want to stop by Nomad now. Come back here when you’re ready."
85A1F53F,"You have lost connection to the EA servers. Social features will be unavailable"
85A529E3,"Faith: I’m not looking to avoid them."
85A8690A,"TELEPORT"
85AF3732,"Prisoner: You’re hurting me!"
85B3F3E1,"BUSINESS SOLUTIONS ANALYSTS"
85B8C5E5,"Delivery assignment opportunity available."
85C701EC,"FORMOSA INTERACTIVE"
85C7208C,"Need user interaction."
85D2700D,"Wireless interaction with the Beat"
85F1FA8A,"I can see you delivered the package as agreed. Very good. This data will be invaluable to us when taking on the department heads. Thank you. Payment authorized."
85F58DF6,"WEB SEARCH"
86086879,"SOCIAL PLAY DISABLED"
860D5DCD,"Birdman: Aren’t runners supposed to run?"
86101B10,"INTERNATIONAL: OMNISTAT DE-ESCALATION TALKS AT A STALEMATE. CASCADIAN DIPLOMATS EXPRESS FRUSTRATION WITH THE PROCEEDINGS."
86101B11,"BUSINESS: SENIOR BRYSON EXEC STETSON UNGER TO STEP DOWN FOLLOWING AN EMPLOY HAZARD SCANDAL IN MEGAFACTORY 14."
86101B12,"ENTERTAINMENT: RUMORS OF YET ANOTHER FAVORITE CHARACTER DYING IN THE LATEST EPISODE OF PLAY OF WOES HAS THE AUDIENCE IN AN UPROAR."
86101B13,"CC CORP: 9%   |   ELYSIUM CORP: 7%   |   EVERDYNE ENERGY: 9%   |  KRUGER HOLDING: 15%   |  BRYSON INDUSTRIES: 11%   |   WFYO FINANCE: 10%   |   SILVINE SYSTEMS: 9%   |   ALLCOM: 8%   |  MMG: 7%  |  CASCADIA LOGISTICS: 5%  |  RAPOSA: 4%   |   ANANSI GROUP: 3%   |    PIRANDELLO: 3%   |   "
86176F9F,"Icarus: Faith, did you just take a hard fall?"
862EC869,"Nomad: Damn ... And I just saw they put up one of those antennas right next to the Lair."
86377780,"Plastic: Once I start subverting the hubs you will have to be fast getting to each one. Just so you know."
864ED5DB,"AUTO"
865192B5,"FULL"
8652593C,"HORIZON BASED"
865277C2,"HIGH"
8658A9B8,"SCREEN SPACE"
865AC07E,"{0:s} {1:s}"
865EAAA3,"PURCHASE SKILL"
86819B35,"Please, my family doesn’t know - can you just--"
868A1FFA,"When you die during a Hunter Drone chase or during a Security Hub you will be respawned at the closest safe house.  "
869D067C,"Noah: Buzzing with the news that you’re back, apparently. But I want to talk about this."
86A3A27A,"Icarus: I’ll be there soon. Up for a game, Noah?"
86B59734,"UI SCRIPTERS"
86BF9142,"An error occurred while communicating with the Gateway CDN."
86BFF820,"BEAT MAP"
86C71538,"DELIVERY MISSION"
86C81585,"ATTACK from SWING to deal HIGH DAMAGE"
86CF0C84,"PAGE UP"
86D1B81C,"Noah: I’m sure it is. Just don’t get caught. And come talk to me when you’re done with whatever you’re doing, Faith."
86DB0EA0,"it's as if my whole body fills up with nothing but the blackest of hate. "
86DFF2EE,"But it doesn’t matter. We won’t be around when it happens. "
86F2043D,"Faith: No. Not anymore."
86F5191D,"Faith's physical well being"
86FD6906,"Dogen: From all the commotion in the View I gather the mission was a success?"
86FDC48D,"Delivery confirmed. Thank you. Payment is on the way."
87091594,"Report to your assigned assembly location. A supervisor will register your gridPrint. To not follow these instruction is considered a breach of policy."
871D8B05,"."
872C4860,"Aline: Good. Continue through the generator hall. You can get in through the exhaust fans."
87311709,"Faith: Found a note. It says the chip has been installed on a drone in the demo room."
8732520C,"Faith: Good. I’m sick of hiding. And Kruger still has no clue why I’m here anyway."
87334C47,"Destroy all Security Hubs"
87345B1F,"SENIOR DIGITAL PRODUCT RELEASE MANAGER"
8738B649,"I Saw You On The Battlefield"
873A0707,"Use your environment to deal HIGH DAMAGE"
87400036,"BRAND QUALITY ASSURANCE PROJECT LEAD"
87402C5E,"Well for one thing, I know how to hack things."
87472A20,"Kruger: It’s very simple. I want Faith Connors. And the blueprint."
87563157,"Icarus has contacted REBECCA THANE and she is offering you sanctuary. Noah would've disapproved but Noah is also dead, and at this point you don't have much of a choice. Somewhere deep in the REZONING district lies the secret Black November headquarters.   Hopefully you'll find some respite there."
8778B58A,"Plastic: I managed to delay the alarm but it’ll go off in a few minutes. Fastest way out is to ride the employ shuttle leaving from the main lobby."
87838B46,"Only the groundwork for everything we're doing! And human test subjects? "
8786576A,"GROUP TECHNICAL DIRECTOR"
87A09081,"You have reached your limit of listed UGC. Your Time Trial was saved as unlisted."
87A28DA4,"Nomad: I’d do it myself, but you were always the fighter, Faith."
87A2AAA6,"Dogen: I didn’t think Faith had any friends."
87A42F5B,"UGC is not yet enabled. Continue playing the main story to enable it."
87A738B2,"Repay Dogen"
87ACA2B4,"Payback"
87B7E73E,"Are you awake? Hey kid, can you hear me?"
87BEF6F0,"SENIOR MANAGER BUSINESS OPERATIONS"
87DDA469,"No, it's not a pill. You'll have to come with me. Everything will be better. "
87EDB00A,"Plastic: Your Beat should show her last known location now."
87F4BF94,"Where have you been!? I’m risking everything while waiting here! At least you have the package. I hope the data is still valid. Oh, and you’ll be paid, of course."
87FBA832,"CORE QA"
8800F4A3,"Find a way to clear out KrugerSec"
8800F4A4,"Call off or fight the KrugerSec guards"
8800F4A5,"Talk to the runner"
8800F4A6,"Runner: Hey thanks! I thought I was a goner. I would have escaped if I wasn't for those meddling Kruger Sec! I think I am ok now. Ill see ya around Faith. And thanks again!"
8800F4A7,"Plastic: Thanks Faith. I don't know what I would do with out you! I'll be in touch if you ever need me. Good luck out there!"
8802E55D,"Learn how the controls are setup"
8807798A,"REGATTA BAY"
88084401,"STORE SPOTLIGHT"
880C65E1,"So, Sarge, If it's like you say and the gold has been hidden here for spies and other vermin, then, wouldn't it be a very loyal thing to liberate said gold from Armnistat? Thus, eliminating the threat?"
880C88A8,"NEW GUY"
881F8933,"Talk to Plastic"
881F8965,"Plastic: Ok, Faith. I found the terminal. I have marked in on your map. Get to it and we can send them a fake order with the highest priority!"
881F8966,"Faith hacks the console and send the message. (Faith can here the crack of the radios and can faintly here a fake transmition to the guards) Upon receiving the fake message, Kruger's forces acknowledge and move out. Plastic: Great job! Now we need to wait till they clear and you can get to (Name)."
881F8967,"Plastic VO: You got this Faith! Show them what you're made of!"
881F8986,"Hey, I am sorry but I am in no condition to take on those guys outside. Please take them out and come back when there gone."
88383654,"{0:d} / {1:d}"
8846A3F7,"Faith: There. It worked! It’s shutting down."
884851F4,"He's worried about the rally. "
885243A8,"Nomad: No rush. Just the fact that KrugerArms lost it should cause them a lot of trouble. You’re the best, Faith."
8856A7B8,"Rewarded for completing 20 opportunity missions"
885C11BA,"CHAOSLINES GREEN"
8862E87B,"DIRECTOR OF NETWORK ENGINEERING"
8865E4DB,"LEAD GAME MODE DESIGNER"
886DC2AC,"{0:d} / {1:d}  GRIDLEAKS"
886E52AB,"ISABEL KRUGER/CAITLYN CONNORS"
887AEA51,"Automated Voice: Attention! You too can become hiCaste. Report five or more instances of suspicious activity this week for a 5% boost to your corporate shareholder plan."
8882E207,"Plastic: Comms are dropping where you are, Faith. You might not (static) keep going, and (static)"
888FBE6A,"LUCASFILM GAMES TEAM"
8892C9CE,"+1 DISRUPTOR charge"
8893E9E1,"Triumvirate Drive"
8899E24F,"{0:d}"
88A2E967,"ALERT LEVEL TOO HIGH FOR FAST TRAVEL"
88C4316A,"I just got a message that the vial broke. That is unacceptable. Of course you won’t be paid."
88CEBD21,"Plastic: Are you there yet? We’re running out of time!"
88E96F3E,"{0:input} + {1:input} HOLD to SHIFT and start running"
88EAAA7D,"Runner. The package contains a flower. Quite delicate. It’s for a friend and I’d appreciate it if you could deliver it to her intact."
88F01B9E,"Plastic: No, don’t kill yourself. That would be stupid. I mean get off when they pass by the building!"
88F22F1D,"Noah: If you’re gonna use it for leverage with Dogen we need to figure out what it is."
89001E85,"Icarus: I do have better things to do than baby-sit you, Faith. How about you get over here so we can get this run done?"
890AE5D1,"OLD FRIENDS"
890E6B24,"SHIFT"
891DEEEC,"So when is the new batch arriving?"
8929FFE6,"Icarus: And another terminal ..."
892BF4BA,"PRODUCTION DIRECTOR"
892F9FD1,"LEAD CAPTURE SPECIALIST"
89499412,"Nomad: Nice one, Faith! Keep going!"
894C8AD0,"Subject heart rate nominal."
897704D1,"REGATTA BAY"
897704D2,"OCEAN PIER"
8984BCBA,"Rebecca: Shouldn’t you be climbing by now?"
898874E8,"Disable every gridNode"
898DDEEA,"Power off"
89A3DFA8,"FOCUS PLAYER"
89B9C853,"Prisoner: Stop it! I’ll go! Stop hitting me!"
89B9F6DF,"The Shard"
89C57468,"RECORDING #09248 LOCATION: REFLECTION LAB 04  TRANSCRIPT:  ALINE MAERA ... and this is the central repository of all test results.  ARTHUR MALUS Is there a quick reference so I can get up to speed?  ALINE MAERA Yes, I will send it to you, Doctor Malus. You should spend tonight familiarizing yourself with the data.  ARTHUR MALUS Any specifics you'd like me to delve into, Director Maera?  ALINE MAERA We'll get to that tomorrow when I introduce you to the team.  ARTHUR MALUS Fine. And who will I report to?  ALINE MAERA You'll be reporting to me, of course.  ARTHUR MALUS Oh. I thought...  END OF TRANSCRIPT"
89C57469,"RECORDING #09394 LOCATION: DR. MAERA'S OFFICE  TRANSCRIPT:  ARTHUR MALUS I just don't think these results match up at all.  ALINE MAERA What are you implying?  ARTHUR MALUS I'm not implying anything. I am stating very clearly that your conclusions are based on test data from a far too low number of subjects.  ALINE MAERA That's quite strong criticism from somebody new to the project.  ARTHUR MALUS Maybe. But the fact remains that you should have done a better job. There are simply not enough sample points to use as conclusive evidence.  ALINE MAERA I disagree.  ARTHUR MALUS You do what you will. We need to perform more tests on human subjects. And what is this ""Connors Algorithm"", really?  ALINE MAERA Only the groundwork for everything we're doing! And human test subjects? Where will you find them?  ARTHUR MALUS I don't think that will be a problem, do you?  END OF TRANSCRIPT"
89C5746A,"RECORDING #09483 LOCATION: DR. MAERA'S OFFICE  TRANSCRIPT:  ALINE MAERA Have you seen these? I have never seen these studies before. Is this something Doctor Malus requested?  ALINE MAERA There's a restricted sub-hash here. I'm supposed to have full access to our research. What is this? Brain hemorrhaging. Pain receptors. Limbic System Attachment rate? Kingdom?  ALINE MAERA Hey, Lucy, did Doctor Malus discuss any of this with you?  END OF TRANSCRIPT"
89C5746B,"RECORDING #09683 LOCATION: DR. MALUS' OFFICE  TRANSCRIPT:  ALINE MAERA Doctor Malus? What are you doing at my work station?  ARTHUR MALUS This isn't your work station anymore. As of today I'm assuming control of this department.  ALINE MAERA What?  ARTHUR MALUS Your presence is requested in the head office. They expected you half an hour ago, I believe.  ALINE MAERA What is the meaning of this?  ARTHUR MALUS Yesterday, you let no less than two spies break into the research area. The complete project blueprint was stolen. I think the eXecs deserve an explanation of how that happened, don't you?  ALINE MAERA I was there, Doctor Malus. I know what happened. And I did not let anyone in!  ARTHUR MALUS The clock is ticking, Doctor.  END OF TRANSCRIPT"
89C5746C,"RECORDING # 09702 LOCATION: ALINE MAERA'S APARTMENT, OCEAN GLASS VIEW  TRANSCRIPT:  ALINE MAERA Well, this is it, I guess. In a few minutes, KrugerSec Enforcers will be here to take me away. Maybe I’ll be sent to the Greylands, or perhaps to the Kingdom facility, the existence of which they have tried so hard to keep away from me.  They will say things about me, cousin. Things that aren't true. That's the way it works in Conglomerate Cascadia. The media will paint me in the darkest of light, and all of it will reflect on you. For that I am sorry. I never meant for any of this to happen. I truly believed that what I was developing, this new technology, would be a boon for us all.   They will roll out Reflection here in Glass soon and I don't know what it is anymore. It has a hidden purpose. Be careful, cousin, don't trust what the advertisements tell you, and don’t sign up for the treatment. In time I believe it will be made mandatory for all employs, like the gridLink is today, but until that time comes you should wait.  (HEAVY KNOCKING IN THE BACKGROUND)  Here they come.  Wait! There’s no need to--  (HEAVY COMMOTION)  END OF TRANSCRIPT"
89C903A4,"LMB"
89C903A5,"RMB"
89C903A6,"MOUSE2"
89C903A7,"MOUSE3"
89C903A8,"MOUSE4"
89C903A9,"MOUSE5"
89C903AA,"MOUSE6"
89C903AB,"MOUSE7"
89CE86DD,"MISSION DESIGNERS"
89D4619F,"Faith? Better now, I think, after we got Kruger's daughter. "
89D78C30,"Civilian Health:  {0:d}"
89D960EA,"Got one. Send in reinforcements."
89DD1CEB,"Aline: There’s an elevator shaft ahead you can use. But we need to hack the doors open."
89E5BE42,"And ... values are going down. Good. Visual stimuli is still superior."
89F8C57D,"Noah: Yeah ... I hope so."
89F923D4,"SERVICE OPS MANAGER"
89FC6153,"Avenge them"
89FC8BAB,"Damn it. That data is useless now."
89FD8A73,"Nomad: More than worth it. You’ve helped a lot of people today, Faith. Talk more soon!"
8A01CB55,"Never forgotten"
8A1AE323,"MISSION SOFTWARE ENGINEERS"
8A30367B,"COMMUNITY SPOTLIGHT"
8A365FBE,"Dogen was contacted by his long lost sister, but the message is cryptic and vague. Dogen needs you to find clues to figure out what happened to her."
8A39881B,"While ENGAGED with an OPPONENT {0:input} or {1:input} + {2:input}  A quick strafe around the opponent.  Used to dodge attacks and gain positional advantage"
8A3A5B41,"Plastic: Hey, I helped out too!"
8A3CF876,"{0:f.1} m"
8A41FA8C,"So what does Henry say about the situation?"
8A69EDF6,"ENVIRONMENT ARTISTS"
8A6EB640,"EA SHANGHAI"
8A7BCF60,"Icarus: And now they know you came this way."
8A7E4727,"PRESS B TO CANCEL RV"
8A846E57,"Floor 22. BioTech."
8A8714A5,"SENIOR CONTRACT ADMINISTRATOR"
8A943F18,"LUCASFILM"
8A9E160D,"ACHIEVEMENTS"
8AC5C95D,"Get to the old warehouse"
8AC5C95E,"Make your way through the warehouse"
8AC5C95F,"Use RUNNER'S VISION to find the Everdyne Tower"
8AC5C960,"Complete the Combat Echo Mod"
8AC5C961,"Springboard through the window"
8AC5C962,"Use elevator shaft to access the roof"
8AC5C963,"Go to the Zephyr Transit Hub"
8AC5C964,"Find the Runner Lair and talk to Noah"
8AC5C965,"Change into your Runner gear"
8AC5C966,"Make your way towards the Orion Building."
8ACA5E87,"Don’t let them spot you!"
8ADC621F,"Break into AllCom and get more processing power for Plastic."
8AE18D16,"DOWNTOWN, LO- & MIDCASTE. POP 29000"
8AF1A702,"Are you coming or what?"
8AFAC9A6,"Dogen: I could use a competent runner, Faith. One who wouldn’t mind getting her hands dirty."
8B17FC1E,"SENIOR COMMUNICATIONS MANAGER APAC"
8B180676,"Automated Voice: Attention! It is every employ’s duty to report Runner activity to the authorities. Contact KrugerSec over gridLink or visit your closest KrugerSec office."
8B1ADFD2,"Base function"
8B297F2D,"Icarus: Faith, I see smoke!"
8B2DEC2C,"I’m getting out and you should too. "
8B3352DD,"Plastic: Faith, Kuma wants me to ask you if you can help expand my metaGrid access. Please?"
8B343C26,"Unknown client version. Social features will be unavailable."
8B363D11,"runVisTestTarget"
8B4757BE,"Noah: I have a contact in Anchor who is a wizard with gridWare. Name is Plastic. Take the drive there."
8B549D82,"FRAGILE DELIVERY"
8B5FD71A,"{0:d}%"
8B715657,"Sentinel: No vitals? Then she’s dead. Let the clean-up crew dig up the body. I got better things to do. Yeah, she took out all of them. Send an EMT too while you're at it. I’m done here."
8B7F67E1,"Plastic: What are you waiting for?"
8B9F2D2F,"Plastic: I hope she made it ..."
8BA0B680,"Icarus: Meet me at the jump-off point near the labs, Faith."
8BA74860,"Plastic: Of course I get it."
8BB2A6F6,"Nomad: You say that like it’s a bad thing! Keep looking for those relay boxes around the city, Faith. It’ll really help the outCaste."
8BB304D5,"Well, I talked to my “friends” on the board today. I don't know what Dogen has on them, "
8BBD11E7,"ICARUS"
8BC035BA,"FLOW SCORE"
8BC2785F,"If you want to run for me, there are a few rules you have to follow, "
8BC864D4,"From what I hear she took out both Leonard and Paulsen by herself. So yes, I want back-up! And what’s the capture bonus up to again?"
8BDD9D89,"Escape the highest City Alert State"
8BE3078B,"Big Brother can't keep up"
8BE52E7B,"Ride the train to the Shard"
8BE52E7C,"Run to the elevators"
8BE52E7D,"Make your way to the top of the building"
8BE52E7E,"Find the wind turbine "
8BE52E7F,"Get to the fan vent in the generator room"
8BE52E80,"Get through the Atrium"
8BE52E81,"Get to the bottom of the rip"
8BE52E82,"Get to the top of the rip"
8BE52E83,"Ride the turbine blades"
8BE52E84,"Reach the topmost chamber"
8BEB84D6,"RE-RUN"
8BEB84D7,"HAVE A LITTLE FAITH"
8BEB84D8,"DON'T BE A NOMAD"
8BF0C3CE,"AT A GLANCE:  Silvine is the premier software and electronics hardware manufacturer in Cascadia, their attention to detail and quality quickly propelling them to the top of the market where they proceeded to assimilate all competition. They are involved in several cross-collaboration projects with Kruger Holding, Elysium Corp and Everdyne Energy and their products range from advanced computational hardware to surveillance packages, entertainment systems and wearable devices.  CURRENT CHAIRMAN: Arthur Malus TOTAL MARKET SHARE: 9% NUMBER OF EMPLOYS: 1 970 614 as of FY48 MAIN OWNERS: House Malus CORPORATE SLOGAN: “Enhance Your Life” MAIN SUBSIDIARIES: Silvine gWare, Silvine hWare, Silvine rDev, Silvine Manufacture FOUNDED: FY01"
8BFD10C2,"Hey, Lucy, did Doctor Malus discuss any of this with you?"
8C069FBA,"SCROLL LOCK"
8C0AC4A4,"EXAMINE THALIA"
8C10AFC3,"Find the runnner"
8C1F43BA,"MEDIA PLANNERS"
8C25A332,"You do what you will. We need to perform more tests on human subjects. "
8C2A44B4,"Nomad: Dammit, Faith! You lost it. It’ll be a while before we get another shot at this."
8C2E6A49,"Faith: A lot of commotion down here."
8C315EAD,"Never thought I’d do runs for Dogen."
8C41B0AF,"DIRECTOR LEGAL APPROVALS"
8C42CC87,"OPERATIONS SUBMISSION RELEASE"
8C4414AA,"Faith: Hey, I was thinking ... that other runner, Celeste? Did they ever make it to Aurora?"
8C4DEE1E,"Noah: The agricultural department occupies the top floors. Fastest way up is to use the elevators."
8C4FFCAB,"Icarus: Noah, I sent her on a different route to the Tower. K-Sec blocked the intersection."
8C500B3F,"Nah, let’s call it in. There was a bonus for submissions this week, remember?"
8C5034BA,"MOVE RIGHT"
8C5189F4,"Seek out Black November for help"
8C56F3F6,"The enemy of my enemy"
8C5E342A,"I sent the request three days ago, Mr. Kruger."
8C623880,"You're safe. KrugerSec won't find you here."
8C7136F2,"MARKETING COMMUNICATIONS SPECIALIST"
8C7765FE,"TEXTURE/LIGHTING"
8C871BB0,"HACKABLE BILLBOARD"
8C97E22C,"CLOUD OPERATIONS MANAGER"
8CA7A71B,"INCREASED DAMAGE TO GUARDIANS  CLASS • Light melee: Baton  STRENGTH • None  MINOR WEAKNESS • Susceptible to Knocks  MAJOR WEAKNESS • All attacks  The most common face of KrugerSec to a well behaved employ.  Runners have been dealing with them for years and they offer little challenge to even a relatively new cabal member."
8CA84BDC,"OPPORTUNITY MISSIONS"
8CAD5F06,"I know you get all sad when you look at that picture and I don't understand why."
8CB58EDA,"FAMILY MATTERS"
8CE5B501,"Faith: I can handle them."
8CEECD7F,"QA AUTOMATION LEAD"
8CF14619,"Faith: What happened here?"
8CF21BDD,"I'm not sure he remembers what this statue means to me, what it used to signify. We were young back then. We were different people. We had dreams, we had places to go, things to see. "
8CF5C944,"Dogen: You have access to the full city plans? We should do business some time. Your debt is growing, Faith. Make sure you’re around to repay it. I’m off."
8D0CBFC4,"Rebecca: The only way to create a sustainable society is to accept that the individual must always be less than the collective, not more as it is here. For some."
8D1AF037,"Time to teach KrugerSec a lesson. The rooftops belong to us."
8D1F9D1F,"Aline: Good. You need to work your way through the building to the top floor."
8D28800D,"Smarter people than us make those decisions."
8D331239,"Rebecca: KrugerSec are sending in reinforcements, Faith. Be careful."
8D3482BD,"FINGER ON THE PULSE"
8D395469,"Faith: Of course."
8D478454,"Faith: Too close ..."
8D47DD77,"OP set up and ready. Thanks for your assistance. Some scrip has been transferred to you."
8D4EF434,"PREV TRACK"
8D5A9F1F,"ICARUS"
8D9AC05D,"Dogen: As I said, you will be paid. I’ll update your Beat with the note and where it was sent from. Keep me posted."
8D9C484F,"VFX PRODUCER"
8DA137FF,"GPR SUBMISSIONS"
8DA179B7,"2D ARTISTS"
8DBA82CD,"Noah: Faith, if you hear this, don’t try to take on everyone - just get out, OK?"
8DC3E6E5,"Damn losers!"
8DDB7744,"LOCALIZATION PROJECT MANAGERS"
8DEBBEFF,"SENIOR DIRECTOR PRODUCT MANAGEMENT"
8DF6DC12,"Blood pressure elevated, but acceptable."
8DF8E818,"Faith: Maybe I can swing across."
8DF94C6F,"ANALYST TEAM LEAD"
8DFC3DE9,"Nomad: We should do this before they put the drone on the streets."
8E0173FD,"{0:d} / {1:d}"
8E01E37E,"{0:input} (HOLD) DISRUPT"
8E183794,"TV"
8E211ADE,"Meet with Icarus"
8E211ADF,"Go to Anchor"
8E211AE0,"Go meet Plastic"
8E211AE1,"Break into the AllCom building "
8E211AE2,"Find the main terminal further down"
8E211AE3,"Get into the gridNode"
8E211AE4,"Infiltrate the gridNode"
8E211AE5,"Escape the gridNode"
8E211AE6,"Get to the Safe House"
8E211AE7,"Survive until Plastic can open the shutters!"
8E46CEAD,"ADDITIONAL GAMEPLAY ANIMATORS"
8E5520F1,"SENIOR BUSINESS INTELLIGENCE ENGINEER"
8E8E1BCC,"{0:d} / {1:d}"
8E900F84,"I do. And it would be a tremendous addition if we didn’t have to rely on visuals alone."
8EA14057,"{0:f.1} METER(S) LEFT"
8EA316BF,"Noah: Once you find the elevators, you can climb one of the shafts or free-ride one of the carts up."
8EA6B295,"Send the KrugerSec turrets into the abyss"
8EAAA935,"Noah: Not to my knowledge. You’ll have one on him if you make it. And you better make it. Or I’ll--"
8EAC1C97,"This. Is. Glass."
8EB76121," Take it easy. They gave you quite a beating. If Aisha and Caleb hadn't shown up ..."
8EB94EBD,"Icarus: Remember, most low objects can be used to propel your jumps."
8EBB0F3A,"Nomad: Go forth, wreak havoc."
8ED44653,"Show the underground map"
8EE1D329,"A map of what?"
8EE8D255,"ORIGINAL MUSIC RECORDING ENGINEER"
8EEA0314,"Nomad: Stay on it!"
8F14480B,"I promise I’ll never do it again!"
8F1ACAC3,"or perhaps to the Kingdom facility, "
8F255A66,"Automated Voice: Attention! All work in Residential Development Zone G has been halted. Evacuate the area. Any loitering will be prosecuted according to Conglomerate policy."
8F3722DB,"The road I'm travelling on is a dangerous one. When I started this, I thought I could do it without anybody noticing, but these days it feels like everybody knows. "
8F38322D,"Want a taste of this, huh?"
8F48AF17,"Off"
8F494EB1,"Plastic: They lost you, Faith. Well done. Kuma was afraid you wouldn’t make it but I never doubted you."
8F5160B8,"CINEMATICS"
8F53E20C,"Faith: It felt great, running."
8F66F3EC,"SENIOR PROGRAM MANAGERS"
8F7CD833,"ACCOUNTING CLERK"
8F8B571D,"Noah: You’ll be a great runner one day, Faith."
8FA6DD02,"Faith: They killed them!"
8FACF76C,"SENIOR MONITORING ENGINEERS"
8FB43584,"FOCUS SHIELD ++"
8FB91E0C,"MOTION TRACKERS"
8FBBCC77,"Plastic: Faith, you’re in a metaGrid area. Can you help me expand my access?"
8FD427AC,"SURROUND"
8FE9CB2B,"Icarus: And the streets are not an option?"
8FEEA5C7,"ZEPHYR TRANSIT HUB"
8FF0799D,"Resistance is futile"
8FF1A900,"Noah: Yeah. Plastic can be a bit -- nevermind. Go there, and we’ll see what comes out of it."
8FF5E39F,"Smash & grab"
8FF72503,"CG SUPERVISOR"
8FF74807,"Faith: I’m on his balcony. But I can’t get in from here."
900AB3A3,"Plastic: What do you mean “guess”? Of course it’s her."
900D6A42,"Icarus: What is the data we're grabbing again? Sorry, that Faith is grabbing while I baby-sit her?"
900FAB6E,"Noah: Faith, just try get out! Fight if you have to, but get out of there!"
901318E0,"GRIDNODES"
90182FCD,"SPOT BONUS"
902A276C,"I have delivery confirmation. Thank you so much for this. It means the world to me. He can pick it up there, and hopefully he’ll get what I’m trying to say. Thanks again."
903406EA,"DEVELOPMENT ZONE G"
90362FF9,"SANCTUARY"
90396ED1,"AT A GLANCE:  Bryson Industries is the main engine, vehicle, heavy equipment and tools manufacturer in Cascadia. It’s the second largest corporation within the Conglomerate, and has seen a steady rise in the last five years, to the point that some believe Bryson is making a bid for the Conglomerate Director Chair within the foreseeable future. These speculations are further fueled by the deep rivalry and animosity between House Bryson and House Kruger.  CURRENT CHAIRMAN: Ben Bryson TOTAL MARKET SHARE: 11% NUMBER OF EMPLOYS: 3 851 962 as of FY48 MAIN OWNERS: House Bryson CORPORATE SLOGAN: “Driving Progress” MAIN SUBSIDIARIES: Bryson Auto, Bryson Engines, Bryson Construction Equipment, Bryson Marine, Bryson Turbines, Bryson Aero, Bryson Defense Systems, Bryson Appliances FOUNDED: FY07"
903B5019,"LEAD LIGHTING ARTIST"
903CA7FC,"You’ve convinced Rebecca not to execute CAT, and she also promised to take your sister to a safe house TOPSIDE where she’ll hopefully be able to breathe more easily. Whatever Cat feels toward you is hard to judge. She remains defiant and you’ll need to talk more.  But first you must make your way down into Kingdom and save Noah."
903F057D,"BENEFACTOR"
905A76C5,"Nomad: I knew you could do it. Come by later and we’ll have a look at what you got."
905C10F7,"We show a confirmed delivery. Thank you. Payment has been transferred."
905E6DCF,"Aline: And remember: top floor, then maintenance."
90619A76,"Dogen: Just what I thought. And when you’re done with your inquiries, I’m ready to make a deal for the blueprint."
906CC9A1,"I'm still not sure what you planned the day we found you."
90723067,"Package successfully delivered. Thank you. Payment authorized."
907627C9,"Ah, pickup noted. Very good. Your destination has been uploaded. Get there without notice please. KrugerSec can’t be allowed to see any runner in that area, or they’ll know we’re up to something."
907AD471,"Ocean Pier gridLeaks {0:d} / {1:d}"
90890F94,"SHARE USAGE DATA"
908C96C2,"Speed Runner Kit"
908E64BB,"DIRECTOR OF PROGRAM MANAGEMENT"
9094BE4B,"Henchwoman: I’m gonna enjoy breaking your ankles. When the time comes."
909886C7,"{0:input}, {1:input} BALANCE   "
90A08547,"{0:input} , {1:input} on any angled surface       "
90B09992,"Combat advantage"
90DE40FA,"EA LEGAL & BUSINESS AFFAIRS"
90EA37DE,"Help Plastic expand her metaGrid access"
90F05E73,"Kruger1: Nah, more in it for us if he’s alive.It’ll be the Greylands for you. You’ll wish that we shot you here and now.Did you get an ETA for the pickup?"
9105B1FC,"FAILED: {0:d} / {1:d}  GRIDLEAKS"
910C89C2,"I said calm down."
911D0AA4,"DICE STUDIO"
91203066,"VICE PRESIDENT STRATEGY AND FIRST PARTY"
9121E7F5,"BUILD MANAGERS"
91250764,"You’ve been selected for foodDome Theta. You should be thankful."
912CB315,"Races set up by runner cabals to test a runner's abilities. Beat the default time to earn stars. The lower the time the more stars you earn."
913AF339,"CHECKPOINT"
913B80F7,"PROJECT LEADS"
91485C8B,"Plastic: Faith?"
914CC2E8,"QA PROJECT LEADS"
916094AE,"Hack the nearby gridNode to unlock FAST TRAVEL to this SAFE HOUSE"
9164ECC0,"Plastic: Finally! That stupid pilot can’t navigate at all. I got them to stop. Use your cyclone glove before they leave!"
91689541,"I just got a delivery notification. Well done. Compensation has been authorized. I hope this will shut her up ..."
916B2C8B,"GAMEPLAY PRODUCER"
918025B0,"MIRROR'S EDGE™ CATALYST DEVELOPMENT TEAM"
9189BB85,"SHIFT while climbing"
918B68A6,"KRUGER HOLDING"
918D6011,"DISABLE SUPPORT CLAMP"
91AC0AD8,"3D ARTISTS"
91B2D9E5,"Faith: Who are you anyway? When did you join the cabal?"
91BB3717,"LIGHT ATTACK"
91BF5917,"It’ll be OK. I think I convinced her not to bring it. "
91C1D5F4,"GLOBAL DIGITAL PUBLISHING MANAGER"
91C66CF1,"HEAD OF COMMUNICATIONS IBERIA"
91C77171,"Nomad: Noah‘s gone, huh. Feels strange. I’m gonna miss him. And sorry, I know what he meant to you ..."
91C88159,"Dogen: And how is Noah doing these days? Still scraping by, I imagine. Like a righteous employ."
91CB4C21,"QUALITY ENGINEERING ARCHITECT"
91D82992,"Combat advantage"
91D8352A,"Dogen: Faith, to go high you will need proper tools. I left you a little something in the storage room."
91DAEBA0,"MARTIN CONNORS & ADDITIONAL VO"
91E47B43,"Nomad: Need to pick up some soap too. Almost done."
91EB9822,"Those eggs are for Dogen. Quail from Neridia Nova. Don’t break them or there will be hell to pay. I hear he is very particular with his ingredients."
920C2D84,"Faith: No. I'm finishing this."
92125047,"All clear. I’m curious as to why WFYO would bug themselves, but hey, no questions asked right? I’ll send you some scrip. Thanks!"
92218E29,"Read more"
92223221,"What?"
9245A23E,"Claw back what they took from you"
9247C924,"On the floor."
924B0C40,"Vengeful Strike"
92561568,"I have a friend… who has a friend, who has a cousin who has a friend who knows somebody…"
925B4C2F,"We’re almost there. Just a little while longer."
926127D8,"CONVERSION MANAGER"
9264D40F,"Noah: Icarus, see what you can do to help her!"
926ED7D3,"MUSIC BY SOLAR FIELDS"
929965DF,"Noah: As I said, Plastic can be a bit ... interesting, but I have a feeling the two of you will get along just fine."
929AA2F2,"Faith: These sure are old ..."
929B43DA,"Noah: Faith? Where are you?"
92A12D54,"Increased stress levels noted. Probable causes are fear and duress. Applying dampener."
92B8E3AD,"AUDIOLOG SOUND DESIGN"
92C761C5,"You can replay missions to find hidden content you haven't discovered yet. Replaying a mission will keep your current progress."
92CC6614,"DELETING..."
92E6C5C6,"Icarus: Go ahead. Let’s see what you can do."
92ED16E6,"Faith: Sorry. I’m up."
930AF698,"Plastic: Kuma wants you to be careful, Faith!"
9317753F,"NARRATIVE DIRECTOR"
93191F16,"And oh boy will it disrupt it. It will destroy it. "
931AAD4F,"Aline: Yes, but we’ll need Kruger’s own gridPrint to do it. That’s the bad news. "
932CC262,"Find the full Mirrors Edge™ Catalyst manual on EA Help"
933454D3,"Automated Voice: Attention! FY48 is the most successful in Conglomerate history. Success, wealth and happiness levels are rising all throughout Cascadia. Productive employs are happy employs. And happy employs have no trouble climbing the corporate ladder."
93362CC2,"Hey, there’s another one!"
933A60C6,"What are you doing tonight?"
93466C8A,"MISSION NAME"
934C80C1,"The user profile has changed. Restarting game."
93517E39,"Great. The delivery point should show on your Beat. You take the scrip, I keep my rep. Fair deal."
93536871,"UX RESEARCH"
9354FA77,"Noah: Plastic! I-- whatever. Just be safe, Faith."
9355AC34,"REPLAY"
93650295,"The Automated Beat Delivery Service thanks you for you participation in this assignment. The proper destination for the package you just appropriated has been uploaded to your beatLink. A payment of sufficient scrip awaits release upon successful completion."
93780115,"ASSISTANT PRODUCER"
937A6E2E,"Faith: Give me the location. I’ll go look."
93822B33,"Faith: Don’t gush. So what do you need help with?"
93835485,"Plastic: That’s what I said! The Conglomerate obviously wants to keep whatever’s down there out of sight."
939D205E,"Faith: I’m there. Where’s the dead drop?"
93AB260C,"Faith: I wonder if the employs know about the Sentry Drone. Would kind of tarnish KrugerSec’s rep."
93BCDDE7,"Failed to connect to EA Online. Social features will be unavailable. Please try again."
93C5F983,"Icarus: Plastic, I’d prefer not to know the details, OK?"
93D60684,"EA DIGITAL PLATFORM COMMERCE AND IDENTITY"
93D86C83,"A HANDY SHORTCUT"
93DA9C20,"EXECUTIVE PRODUCERS"
93DE9B1A,"GRIDNODE RUN"
93E1BF58,"Plastic: We’ve run out of time, Faith. Kuma is not impressed."
93EF4179,"CANCEL"
93F2D683,"Icarus: You also got caught. And caused a whole lot of trouble for Noah."
93FD25C4,"Faith! Come with me!"
94031D00,"Icarus: There should be an elevator nearby - easy way back up."
94035E85,"I have a package that needs to be delivered right away. But you have to be careful with the contents - if the vial breaks we might have ... some problems. Can you do it?"
940C4278,"Nomad: Way better now that you’re out. And it just so happens that I could also use your help."
9414EA57,"Your mission is deceptively simple: FIND Noah and free him. Kingdom is a high security facility and you know next to nothing about what to expect down there. PLASTIC will try to help you, but even her reach has limits, and it might be that you’ll be on your own once you go below."
941CC673,"CO-DIRECTOR"
942F41D4,"Nomad wants you to help the outCaste suffering in the Greylands by collecting control chips from ALLCOM relay boxes found here and there in the city. A seemingly easy task, but watch out for KrugerSec patrols."
9435A85F,"Noah: Hah! Of course."
94424419,"Plastic: You did it! I have full access. The trains are mine ... Now you should have no trouble getting to the Shard."
94429085,"TALK TO DOGEN"
944AC0BA,"THIS WILL RESET YOUR SAVE FILE AND START THE GAME OVER. ARE YOU SURE?"
946B4B05,"Yeah, way more… Besides, reception, it's not very good down here is it guys, you got anything?...No"
947F9165,"Help Plastic expand her metaGrid access"
94814AAE,"""STAR WARS main title” & all cues written by John T. Williams © Bantha Music (BMI)"
94814AAF,"ALL RIGHTS ADMINISTERED BY WARNER-TAMERLANE PUBLISHING CORP. COURTESY OF LUCASFILM LTD."
94814AB0,"Composer, Gordy Haab"
94814AB1,"Certain audio recordings from The Macaulay Library at the Cornell Lab of Ornithology."
94814AB2,"STAR WARS™ Battlefront™ uses Havok®. ©Copyright 1999-2015 Havok.com Inc. (and its Licensors). All Rights Reserved. See www.havok.com for details."
94814AB3,"Copyright in Enlighten is owned by or licensed to Geomerics Limited. All rights reserved. Enlighten is a trademark or registered trademark of Geomerics Limited or its affiliates."
94814AB4,"This product may include in-game sponsorships or product placements."
94814AB5,"Cuprum © 2006 Jovanny Lemonad under the SIL Open Font Lilcense, 1.1 available at http://scripts.sil.org/cms/scripts/page.php?item_id=OFL_web"
94814AB6,"Noto Kufi Arabic © 2013 Google"
949ACADF,"Discover the identity of Kruger's deadliest asset"
94A034E1,"Little girl found"
94A9E95C,"Plastic: It’s too bad we can’t place a tap there. I’d have so much power!"
94B2F13C,"QUALITY ANALYST"
94C1022C,"DEVELOPMENT LEADS - PRODUCT OWNERS"
94C5ACE5,"DOWN"
94C9E338,"LEFT"
94CFE640,"PERSISTENCE DESIGNERS"
94D0754E,"Plastic: I’ve been looking more at the Reflection blueprint. Some of the underlying algorithms are older than me. They’re beautiful."
94E1093D,"Nomad: Great! Just one more and we’re good for now."
94EB1838,"LEAD CHARACTERS ANIMATION ENGINEER"
94F6DCCB,"MARTIN CONNORS"
94F79E87,"TALK TO NOMAD"
9502A497,"Noah: You can keep it for now. See you soon, Faith."
95094BBD,"Do it!"
950EAE34,"CAUTION:"
95171AE3,"If you want to stay with us, you're going to have to tell me eventually, but..."
951F99E5,"LEAD SENIOR VIDEO & MEDIA DIRECTOR/EDITOR"
953899D6,"Nomad: Jump on and grab it if you can! It can handle your weight!"
953BEA4A,"Faith: OK ... What just happened?"
954B1943,"PARTNERSHIP MARKETING MANAGER"
9567064B,"Rebecca: They’re moving into the tunnels, setting up some new type of stationary sentry drone. They’re getting way too close for comfort and those sentry drones need to be dealt with before they’re activated, or we’ll be unable to move around."
956D891B,"Icarus: I’m pinned. They can’t hit me, but I can’t move either. You’ll have to deactivate them."
95732662,"What have you done?! Now, I’ll never get her off my back!"
957751DD,"Faith: So what’s on there?"
957A81F7,"TEMP Virus uploaded"
95824211,"EA DIGITAL PLATFORM GAMEPLAY SERVICES"
958F9AD5,"but they aren't willing to do anything that might vex him. He is untouchable."
95AA2318,"Noah: Not to my knowledge. You’ll have one on him if you make it."
95B6DB04,"The only thing you need is rest. Is there anyone I should contact? "
95B9EE25,"Side Missions: {0:d} of {1:d}"
95BC8EC7,"Icarus: I’ll take the B route and you go A. They’ll never know what hit them."
95CC0E22,"I don't want to talk about it."
95DFBDD8,"Faith: Hey, what’s the Beat?"
95EB10DF,"Noah: When you’re ready."
95F4BDC9,"ADVANCED KIT"
95FE4684,"Good to see you back, Faith."
95FF1B08,"SR QA MANAGER"
9603A61A,"DIRECTIONAL HEAVY ATTACK"
96046527,"Attack while doing SKILL MOVES to take him out. Skill moves can be VAULT, WALL-RUN, JUMP, SLIDE"
960D13A0,"PROJECT MANAGEMENT LEAD"
961034BF,"SENIOR DEVELOPMENT DIRECTOR"
9619F9C8,"The Conglomerate has been hard at work eradicating all traces of OmniStat in the major cities, and in Glass especially. It is a generally held belief that the November Riots were inspired by OmniStat ideals (another lie seeded by the Conglomerate) and so the midCaste employs clamored for the removal of anything reminding them of those bygone years.  But what few people know is that below Glass lies the remnants of a vast tunnel complex, once part of a gigantic OmniStat desalination plant, and while CC Corps has been busy reshaping the city above, little has been done about what lies beneath. Nobody knows the full extent of this subterranean network. All entrances are off limits to regular employs, and even KrugerSec personnel tend to stay away. Instead these cavernous tunnels have become a refuge for all sorts of outCaste, and Black November has set up base somewhere deep inside."
96246629,"Oh, really?"
9625B5EB,"PROJECT MANAGEMENT"
962B123C,"TIME TRIAL"
962CC342,"Yeah?"
962DAE0D,"Adjust slider until the logo is barely visible."
962FBC85,"WEAPON DESIGNERS"
963BCDEE,"TOGGLE RV"
9660A689,"I didn't do marketing, I don't know about selling slacks. I'm not even sure this operation has any brains. There's a lot of gold here though, and, we deserve it. We've done our part for this proud nation. This is our reward. Dagnamit!"
9661B45A,"BOOKMARKS"
966CC72E,"Any specifics you'd like me to delve into, Director Maera?"
966F9483,"Intercept the VTOL"
966F9484,"Find a way into the building"
966F9485,"Make your way down the elevator shaft"
966F9486,"Reach the other tower"
966F9487,"Find a way into the server room"
966F9488,"Reach the lower level and access the mainframe"
966F9489,"Make your way to the transit hub"
966F948A,"Stay alive until the next train arrives"
966F948B,"Get on the train"
9685AD8C,"Icarus: Probably not. I’m sure there’s some sort of nasty surprise waiting up there."
968BD5C3,"If you got the time I could use some help, Faith."
968D4787,"CHALLENGES"
969191EB,"Faith: And you had no say in this?"
96A07A5E,"Faith: No Beat coverage here. I’ll make do."
96A0F370,"UGC / MENU NAVIGATION"
96A1E975,"GRIDNODE RUN"
96A7BB08,"Can't create Time Trial here. Too close to other content."
96AF6D2E,"Faith: I’m pushing the second sentry drone into a chasm now."
96B73B95,"Faith: I think I found the place, but there’s not much here. Only another note."
96CC8363,"Not my family."
96D3F221,"Plastic: At the landing pad, of course. Then make your way through the maintenance tunnels to the Big Dog where their server stacks are."
96D91A3D,"Faith! Cat! Where are you?!"
96D91A3E,"Every new day holds a promise ..."
96D91A3F,"You can waste it, or spend it advancing yourself"
96D91A40,"furthering your prospects and your career. "
96D91A41,"As a future employ of a corporation of your choice your possibilities are infinite. "
96D91A42,"The key to success lies in unlocking your inner potential"
96D91A43,"through hard work and relentless dedication.  "
96D91A44,"As an employ, you are expected to perform at the top of your abilities ..."
96D91A45,"and to constantly strive to excel."
96D91A5D,"Last day, huh? I thought we’d keep you here forever, leech."
96D91A5E,"Work is rewarded. "
96D91A5F,"Or maybe you’d like another three months?"
96D91A60,"Laziness punished. "
96D91A61,"It would be so easy ... Come on. Let’s go. We got a full day ahead."
96D91A62,"Personal freedom comes at a price. "
96D91A63,"Our great society expects every employ to contribute "
96D91A64,"to the corporation of their choice."
96D91A65,"... has served a twelve month sentence, to which "
96D91A66,"nine months were added for several incidents of insubordination."
96D91A7E,"If you're of no use to your corporation, "
96D91A7F,"you should not expect it to be of any use to you. "
96D91A80,"Policy exists to keep you safe. "
96D91A81,"Be wary of policy breakers in our midst. "
96D91A82,"In all your endeavours, you must strive to make safety your top priority. "
96D91A83,"The conglomerate board extends this promise to you: "
96D91A84,"Work hard and you will be rewarded. "
96D91A85,"Anyone can rise to high cast levels and enjoy riches well deserved."
96D91A86,"Deemed ready for conditional release ..."
96D91A87,"Now, if it was up to me ..."
96D91A9F,"Upon release you must seek immediate employment"
96D91AA0,"and will be monitored through your gridLink. "
96D91AA1,"If you do not find employment within fourteen days, you will be "
96D91AA2,"relocated to a Greyland facility. Do you understand these conditions?"
96D91AA3,"Just get me out of here."
96D91AA4,"Uhum."
96D91AA5,"Dressing room is to the left, leech."
96D91AA6,"Dogen sends his best. Enjoy your freedom ..."
96D91AA7,"On the ground! Now!"
96D91AA8,"Faith, I'm scared ..."
96D91AC0,"I'll run for you, Dogen. But Noah can't know."
96D91AC1,"You owe me a lot of scrip, Faith."
96D91AC2,"I expect you to deliver on your promise."
96D91AC3,""
96D91AC4,""
96D91AC6,""
96D91AC7,""
96EEB435,"Keep up your speed to fill your FOCUS SHIELD meter"
96EFF380,"Escape from the heart of darkness"
96F55D82,"Into the light"
96FDF615,"Faith: On my way. Send me the locations."
9700F3FF,"I got a delivery confirmation. Thanks, she can pick it up from there."
9706C5E9,"ALL CLEARED"
970CEFED,"Icarus: We just disabled a Sentry Drone."
9714D5DC,"MAP"
971B5982,"GPR GLOBAL DIGITAL PUBLISHING"
9725E41F,"DIRECTOR OF ONLINE SERVICE OPERATIONS"
97280518,"CONSUMABLES"
972EF4B5,"Nomad: Check engineering first. They should have something there."
973B2F58,"Tell me where you are and I’ll send my people to pick you up. "
9745951C,"Noah: “A thing”? What are you two up to?"
974B7E96,"Dampener in effect. Stress levels reduced."
97510272,"Noah has tasked you with breaking into ELYSIUM LABS where you are to steal data about a new type of enzyme wanted by one of their competitors. Icarus is to watch from the outside, making sure it all goes as planned. You have a SHOTGUN with you, a one-off hacking tool that you just need to place on the right console, and the software inside will handle the rest.  This is your first real mission, and the scrip should be good. A small step toward paying off your debt to Dogen."
97564320,"Reflection equals mirror! Smashed mirror equals bad luck! Error logic!"
975FA915,"Of course we can."
9763AB0B,"Plastic: But I thought your sister was-- Oh. Sorry."
976FC096,"TOGGLE CITY ALERT"
97793880,"{0:input} : close"
977B33B1,"Faith: Got it."
9789D45C,"MODELS"
978E8DBD,"Faith: If you ever tire of being a runner you could always become a crane operator, Icarus."
9792116A,"Nomad: That new sensor chip spells trouble."
97A1AAE8,"Firebird is still looking into transportation. We’ll need a dependable vehicle."
97A6A1EA,"THE SAVE FILE APPEARS TO BE DAMAGED AND CANNOT BE LOADED."
97BB12A3,"Dogen: I suspect the tower of Babel refers to the Anansi Emporium, with which you should be very familiar by now. That must mean she’s somewhere in Liberty Point in Anchor."
97D92720,"Unknown"
97DE4966,"CREATIVE DIRECTOR"
97DFD62D,"EXECUTIVE PRODUCER"
97E10DD7,"She's going to provoke somebody and someone will get hurt! "
97EAAB21,"If they’re still alive they will be distraught. Noah was like a father to them both. "
97F71252,"SWORD MASTER"
97FCBE90,"Aline: Only a few. They still seem to think that the damage can be repaired."
9815C9BB,"ADDITIONAL IN-GAME ADVERTISEMENT SOUND DESIGN"
9833322A,"This system is clunky. Please ensure the package reaches its intended destination. Lives depend on it."
98361C42,"SENIOR QA COMPLIANCE MANAGER"
98380B35,"Cat: Faith? Why are they so angry?"
983E5946,"CAPTURE SYSTEMS SPECIALISTS"
98416602,"MARKETING MANAGER FRANCE"
985ABA39,"That's the one thing we want to stay away from if we want to keep the moral high ground. "
9872AF3D,"CITY OF GLASS"
987A59F6,"Alert! They’re on to us! Get a move on. We’re--"
98807499,"Deliver the package without damaging it."
9888B3FC,"ONLINE ENGINEERS"
98A010B9,"SEND CRASH REPORTS"
98A3ED1F,"ART"
98A3F3EF,"CEO"
98A3FEA3,"EVP"
98B8ADB8,"ELEVATOR UP"
98D8B567,"Nomad: Cool. I’ll send you his address. It’s not far from here."
98E0A809,"Delivery confirmed. Well done."
98E3A49E,"Plastic: Get on an elevator, Faith. I can control them through the drones!"
98EF652E,"What’s a-- why are you doing this to me!? Let me go! LET ME GO!"
98EF8E36,"ANCHOR"
98FCEE90,"Icarus: KrugerSec seems a bit stingy lately. I guess it’s that whole Black November thing. "
990D50FE,"Icarus: K-Sec just dropped squads there. It’s blocked!"
990F09FA,"Icarus: “Phoenix Carpenter”?"
9912E084,"STUN mechanical enemies"
9916F09C,"SENIOR COMMUNITY SPECIALIST"
992C02C3,"Unknown"
992F7663,"In the interest of time we are skipping you forward to give you a chance to explore more of the city of Glass."
992FD51F,"CERTIFICATION TESTING TEAM"
993642B0,"Climb Distance"
993642B1,"Wallrun Distance"
993642B2,"Run Distance"
993A8C2B,"DELIVERY MISSION"
99451C21,"Take what is his and make it crumble"
9945D007,"Dogen: Noah didn’t tell you? Two years ago. He came here after you were taken. Made quite an impression."
994A8623,"Shattered Dreams"
9957ECC0,"So a gun-toating-dappered-gent, err, culinary whiz is gonna help us sell the gold?"
99589930,"STAMINA"
996DC9B4,"Nomad: Not far from here. I’ll mark them for you."
9973ABC6,"SR. ART SPECIALISTS"
9975C52B,"OPERATIONS ANTI CHEAT"
997E9817,"Injured Runner"
998E7F5F,"Rebecca: Enforcers down. Subdue the target."
99900C8A,"Noah: Hey, Faith. I need your help. We just barely repelled a KrugerSec attack on the Beat. A lot of data got scattered all over the city and now it’s leaking through the Grid. Please tap into any leaks you see, and we’ll get that data reassembled."
999B3DAB,"And who would that be?"
999FB579,"Help Plastic expand her METAGRID access.  Tap all the DATAPOINTS before the firewall shuts down the system."
99A4ECD7,"PLAYER JOINED"
99C16C25,"Yeah. You're good. Really good. Just don't let it get to your head. I've seen that happen, "
99DC7FCB,"In a few minutes we’re meeting up with our guide who will take us out of the city and to a small hamlet in the Greylands. "
99E28140,"Icarus: I knew this would happen! It’s lucky I was there or all of them would’ve gone after Faith."
99EF495E,"So, then Gabe said he's got a special mission for us, right? That he wants us to sweep the old tunnel for mines and stuff."
99FADFC8,"MEMENTO"
99FB45A8,"For Avani when she gets older."
99FDDC6E,"AT A GLANCE:  The Anansi Group grew to fill the gaps left by the other Major Corporations. Starting out as a pure furniture manufacturer the group has since grown to produce and sell everything from tooth picks and diapers to king-size beds. It operates several different retail chains catering to the different castes, and being the youngest corporation they are also the most aggressive – and in some way most unorthodox of the Majors.  CURRENT CHAIRMAN: Jedd Riken TOTAL MARKET SHARE: 3% NUMBER OF EMPLOYS: 3 683 932 as of FY48 MAIN OWNERS: House Riken CORPORATE SLOGAN: “Anticipating Your Needs” MAIN SUBSIDIARIES: Anansi Outlet, Anansi Market, Anansi Emporium  FOUNDED: FY25"
9A02B95E,"Rewarded for completing Payback"
9A082360,"GHOST RED"
9A0B573D,"Failed to connect to EA Online. Social features will be unavailable. Please try again."
9A1DB040,"Quicken"
9A28D188,"UX & SOCIAL PLAY PRODUCER"
9A375463,"This is different. It's Faith."
9A53AEAA,"Periodically awarded for participation in events"
9A5918AC,"HALFTONE RED"
9A60A041,"CAUGHT IN THE WEB"
9A612C46,"Are you sure?"
9A734F00,"Alert! Intruder contamination. Excavate premises!"
9A775F47,"Had enough yet?"
9A8A1C79,"USER EXPERIENCE ANALYST"
9A956221,"Noah: No. You take too many risks."
9A9767DC,"VICE PRESIDENT GROWTH MARKETS"
9AA21094,"TRIM END"
9AA7278A,"STAGE MANAGER/MOCAP LEAD"
9AAADF7B,"CREATE UGC"
9AB02F5C,"Faith: OK ... Where do I get off?"
9AC3538B,"ACTION REQUIRED"
9AC3538C,"Contact your AllCom representative for gridPrint integration. Localized services temporarily unavailable."
9AC87D61,"ZIPLINE"
9AD6E18A,"Faith: What do you need for that?"
9AD70A38,"BLACK NOVEMBER HQ"
9AD71484,"You weren't here."
9AD7232C,"Faith: Seems the Beat is working again."
9ADE8342,"Plastic: Oh. OK."
9AEA737F,"Aline: You should be able to ride one of the blades up, Faith. Use the MAG to attach to it and just--"
9AF109AA,"INCREASED DAMAGE TO SHOCK PROTECTORS  Training details that allows hit to bypass some of their defenses and deal more damage"
9AF13E6E,"Anywhere is better than Glass."
9AFFCD79,"LEVEL ARTISTS"
9B04C517,"DISRUPT AI"
9B078B66,"Faith: Why?"
9B0A1AD4,"Plastic: That’s weird. I’m getting signs of a grid intrusion, but I can’t see by who. They’re good."
9B0EDDCB,"FLOW - SPECIAL ATTACK"
9B1B0FAE,"FRONT RUNNER KIT"
9B1FC2C8,"Nomad: Should be a control panel somewhere close."
9B3C131B,"Completion time"
9B4CA1A4,"An early walker and late talker Noah ran everywhere all the time. As soon as his growing body would allow he began climbing as well, to the great distress of his parents who gave up trying to reign him in. His father was killed in the Triumvirate War and his mother went into a prolonged depression, which resulted in Noah being shuffled around among friends and relatives for many years. Some were willing to take him while others were downright abusive. This fostered a nomadic nature and a deep distrust of authorities in the young Noah and the distrust soon grew to encompass all of society. He spotted the corporate encroachment early and eventually found others who shared his sentiments. Among them were Martin and Erika Connors and the three of them forged a deep and lasting friendship.  And then came the November Riots where Noah lost his closest friends and suddenly found himself with a child to raise. Disillusioned with the struggle and the general populace he took to the rooftops where he established an informal burglary and messaging service often employed by the Corporate Houses in their constant infighting. Blaming the ongoing conflict between Black November and the Conglomerate for the deaths of his closest friends Noah has vowed never to take sides again, and he has done his best to transfer that same neutrality onto Faith."
9B503369,"Noah: Alright, K-Sec comms have calmed down a little. But they know you’re out there somewhere, Faith, and they know you’ll have to go through the Tower to get out."
9B76D4A5,"One of them is. Faith."
9B883150,"Birdman: Anyway, their locator beacons are still active. If you could find out what happened to them I’d be grateful."
9B9A44C2,"Hack. Tick. Tock. Run. Repeat."
9B9B3E12,"You know the drill. Get this to where it’s going and avoid being seen. And don’t ask what’s in there. Better not to know."
9B9FAEC4,"Hacker Time"
9BB7451C,"Any idea what?"
9BBD6CEB," SENIOR MANAGER GLOBAL ENGAGEMENT"
9BD3EB66,"Henchwoman: Dogen must really like you. Anyone else would be long dead by now."
9BD415B6,"Beatrix: Great! Yeah, Peter loves it. Almost as much as he loves himself."
9BD5926B,"LEAD HERO DESIGNER"
9BDE71E6,"You go where we tell you, employ."
9BE25FF2,"Press {0:input} when ABOVE enemy."
9BE27CA2,"Nearby delivery pick-up available."
9BEFE65E,"Noah: I doubt it. Remember, you just got out, Faith."
9BF17B0B,"Faith: We could split up, take one route each."
9BF4F8EA,"Faith, there's a utility access way up ahead. "
9BF4F8EB,"I'll slow the train down so you can get off."
9BF4F8EC,"Anything on Noah in those records?"
9BF4F8ED,"There is. He's been sent to a place called ""Kingdom"". "
9BF4F8EE,"Nothing on where that is, though. "
9BF4F8EF,"I might have a way to find out. "
9BF4F8F0,"Okay, I'll check up on Isabel Kruger next."
9BF4F8F1,"Thanks, Plastic. Talk soon!"
9BFF9961,"POWER STORAGE"
9C00DC55,"BASIC KIT"
9C12A790,"Birdman: Leaving my two birds to their uncertain fate, are you? Well I hope you can check on them later."
9C252E80,"When I was first contacted by her, I didn't trust her at all. Why would a highly paid corporate Silvine scientist offer to help Black November? I couldn't understand it. But, she has proven herself, several times over. "
9C29F3A1,"RECONNECT ONLINE"
9C2D898A,"Faith. Here."
9C2F8131,"Nomad: It’s high time someone stood up to KrugerSec - I’m glad you’re with me on this, Faith."
9C2FD52A,"Congratulations - you just bought some awesome stuff!"
9C3D04E6,"ELITE KIT"
9C51EB54,"ART LEAD"
9C5A9353,"Erika Connors. Research log 128. It’s done. And it will work. I know it will. "
9C6D3520,"ORIGIN"
9C6F683A,"Faith: Just like that?"
9C76A9CF,"HYPNOS ENTERTAINMENT, INC."
9C7B582C,"Damn, I’m good."
9C8BBFD7,"GLOBAL PUBLICIST"
9C9136D8,"Successful delivery confirmed. Scrip is being transferred. We’ll let you know if anything else comes up."
9C954FC1,"Icarus: Almost done."
9C962B72,"DROPPING FROM A HEIGHT + {0:input} VERTICAL WALLRUN + {1:input} + {0:input}  HIGH DAMAGE from ABOVE."
9C9912F7,"I hope that when he sees it, some spark of what he used to be is reignited. Things must change. But it's not worth it if he doesn't change too."
9CB9C976,"To go online you must create an EA Account. This will restart the game, any unsaved progress will be lost."
9CBE49A4,"Icarus: Would be great if you could get here while we're still young."
9CBF2B70,"THE STORAGE DEVICE WAS REMOVED DURING USE. SAVE FAILED.   "
9CC1A6BD,"Plastic: So why don’t you?"
9CC60785,"You failed to deliver. Now what are we going to do ..."
9CCF47A6,"DISCONNECT"
9CD4E351,"Noah: I know it’s been rough coming back, but you’re doing good, Faith. The others look up to you. Even Icarus, I think. Anyway, it’s good that Dogen was interested in your offer. We’ll get that damn drive off our hands and your debt squared."
9CDC0A24,"RECEPTIONISTS"
9CE7EF4C,"But not to me. He loves me. And that’s part of the problem. "
9CE82B05,"Icarus: One building clear. Some terminals have several drones connected to them. Disabling the next one ..."
9D147BCB,"Birdman: Those birds aren’t around here if that’s what you think."
9D17B897,"LEAD RENDERING ENGINEER"
9D2964A5,"Caught maybe half of it. One day I'd love to see a full game."
9D2DE86E,"{0:d} / {1:d}"
9D2FD91E,"CORE DEVELOPMENT DIRECTOR"
9D30A25B,"Noah: Must be residual security feed. The cabal living there was raided by K-Sec about a year ago. Could be what you’re seeing."
9D3D7A89,"BILLBOARD HACK"
9D4F244E,"SURVEY"
9D5B957B,"+ FOCUS SHIELD from SHIFT  Gain more FOCUS SHIELD when SHIFTING."
9D5EBD5A,"BRAND MARKETING MANAGER"
9D7445FD,"This passage requires the QUICKTURN skill."
9D796B37,"Icarus: Let’s clear out!"
9D869E8D,"Faith: I’m not “reformed” at all."
9D912E21,"VOICEOVER LANGUAGE"
9D9141F8,"Birdman: It’s hard to find ways to communicate these days without half the world listening in."
9D9E4B3E,"Faith: Woah!"
9DBB6243,"This will bring them down on us. I thought you said we shouldn't mess with KrugerSec."
9DD5ADF2,"CAN'T USE FAST TRAVEL WHILE ON A MISSION"
9DE22C9E,"There is no room for it anymore. That's just one of the things you took away from us. "
9DE710EC,"Something bad is about to happen here. I’m sure of it. "
9DEDBF55,"Automated Voice: Attention! Starting tomorrow, all episodes of “Play of Woes” will be available at half cost for employs living in the Shimmering Heights."
9DEF6D63,"Defeat Kruger"
9DF1667F,"QA LEAD"
9DF4D765,"Blood is thicker than everything"
9DF9DA7F,"Ohh! He doesn't speak like that"
9E10B692,"Faith: What if they shut down the Reflection carrier signal before I get there?"
9E1E6D17,"So you failed. This makes us very disappointed. Very. There will be no payment, as we are sure you understand. Have a not very nice day."
9E2B2C6E,"LEAD MISSIONS ENGINEER"
9E2E8766,"Puts enemies off balance"
9E34B23B,"Noah: Good. You have surprise on your side. Icarus, I want you to help her by leading as many of them off as you can. Than you can also make your way through."
9E44F7F1,"{0:input} LIGHT ATTACK"
9E5A1A29,"Plastic: She can come here. Kuma says it’s OK."
9E6BBD67,"Don't do anything that risks what we have here. Your friends rely on "
9E7C9E15,"Faith: OK, the second bug is in place. Where to next?"
9E7FD388,"Plastic: Searching ... and there. Done."
9E82039C,"Icarus: You’re not afraid, are you? Just swing across."
9EA201B5,"All done. Clear out."
9EA3D104,"LIGHT ATTACK"
9EA6C272,"Reconnect with old friends"
9EA79243,"Faith: Nomad?"
9EA92D51,"Icarus: I’m on it."
9EAC2C74,"REUNION"
9ECE1322,"BASE COMMAND AUDIO"
9EDB90D5,"This is the layout [INAUDIBLE] "
9EDB90D6,"you gotta watch out because guards are only posted there and there and here, "
9EDB90D7,"which hopefully will leave this entry way accessible."
9EDB90D8,"Okay, let me see that from 3D."
9EDB90D9,"Alright ..."
9EDB90DA,"That's great."
9EDB90DB,"And that's where you gonna wanna go up to the fourth floor, okay, "
9EDB90DC,"that's where the access point is gonna..."
9EDB90DD,"So Noah, what’s the Beat?"
9EDB90F5,"I heard some runner got out of juvie today."
9EDB90F6,"I heard she’s eager to run."
9EDB90F7,"She's been gone a long time ..."
9EDB90F8,"I also heard she’s sorry ..."
9EDB90F9,"Maybe she learned something while she was away."
9EDB90FA,"Maybe."
9EDB90FB,"I’m so sorry ..."
9EDB90FC,"You look older."
9EDB90FD,"Aah, screw you!"
9EDB90FE,"Nice place you got here."
9EDB9116,"Yeah."
9EDB9117,"Mind if I stay a while?"
9EDB9118,"I was hoping you would."
9EDB9119,"And about that run?"
9EDB911A,"Go talk to Birdman. He’ll put you through your paces."
9EDB911B,"New guy ...  Seems a bit uptight."
9EDB911C,"Icarus? He’s a good kid. He runs better than anyone."
9EDB911D,"Than anyone?"
9EDB911E,"Go talk to Birdman and we’ll see. I’ll be here."
9EDB911F,"Dogen sent me a greeting."
9EDB9137,"Yeah ... We’ll deal with him in time. Now go. "
9EDB9138,"Astound me."
9EDB9139,"Thank you."
9EDB913A,"OK ... Yeah."
9EE1A5A5,"Yeah. Her. Icarus, look, all you need to do is break her out of the holding area. "
9F071B0F,"Meet up with Nomad"
9F071B10,"Collect control chips"
9F0FD402,"ANCHOR"
9F11F0F8,"HR BUSINESS PARTNER"
9F1CE606,"Faith Connors. I’ll be damned."
9F1CE607,"I’ve seen you before ..."
9F1CE608,"My name is Aline Maera. I was lead scientist on Reflection. "
9F1CE609,"But I started asking too many questions and when you stole the blueprint "
9F1CE60A,"Kruger made me a scapegoat."
9F1CE60B,"I don’t get it. Reflection is just a new way to connect to the Grid. "
9F1CE60C,"Why is it so damn important to everyone?"
9F1CE60D,"Because once you’ve been injected the Conglomerate won’t just "
9F1CE60E,"track everything you do, they'll influence your emotions as well. "
9F1CE626,"It’ll be the end of free thought as we know it."
9F1CE627,"Kruger spent almost two decades on this. "
9F1CE628,"Ever since he acquired your mother’s neural interface algorithms. "
9F1CE629,"Faith, you have to get me out of here."
9F1CE62A,"There is an emergency release over there."
9F1CE62B,"Wait. What was that about my mother?"
9F1CE62C,"Erika? We were colleagues long ago. "
9F1CE62D,"It was her research that made Reflection possible. Why are you here?"
9F1CE62E,"ID_SCENE_9_TKC_ALINE_L18VVVVV"
9F1CE62F,"I’m looking for a runner. His name is Noah."
9F1CE647,"Yeah, they took him about an hour ago. To interrogation, I think."
9F1CE648,"Look, me and some others have a breakout plan in the works. "
9F1CE649,"Will you please help us?"
9F1CE64A,"Of course. The emergency release, right? Where--"
9F5312A1,"Some day. Somewhere."
9F5DF9FF,"LUCASFILM ART ASSET MANAGEMENT TEAM"
9F63E9D8,"ORIGIN LIVE OPERATIONS TEAM"
9F6E9D6F,"LICENSING ASSOCIATE"
9F769E02,"Icarus: Can’t say I’m surprised ..."
9F8165C6,"Maybe it's not for you to understand, but just to accept?"
9F835195,"Icarus: What?! How? When--"
9F9BB64A,"DIRECTOR OF ARCHITECTURE"
9FAF1C06,"Faith: I am ready."
9FBAC540,"+ Main Mission: Be Like Water + Intervention + Collectibles: Electronic Parts"
9FBF9140,"Faith, is out of juvie. She did the run."
9FD5DB1F,"Plastic: Nobody ever appreciates the complexity of what I’m doing."
9FEF28A6,"Aline: Faith are you in the main elevator?"
9FF1C87B,"Hey you, over here."
9FF567FC,"Aline: There’s no time to lose. Look for the emergency release terminal."
9FF7399C,"Plastic: Faith! They’re diverting the VTOL to Construction. You have to get off."
9FFA84AB,"Noah: We never go to ground if we can avoid it. You know that, Icarus."
9FFDBFDF,"Beatrix: Not exactly, Plastic. His mistress will be there too."
A003FE5B,"Get to the Warehouse."
A003FE5C,"Make your way through the warehouse."
A003FE5D,"Traverse on the rooftops."
A003FE5E,"Complete the combat challenge."
A003FE5F,"Find a way to the roof of the building."
A003FE60,"Make your way to the top of the building."
A003FE61,"Meet Noah at the transit hub"
A003FE62,"ID_MIS_MQ01_OBJECTIVE_7VVVVV"
A003FE63,"ID_MIS_MQ01_OBJECTIVE_8VVVVV"
A003FE64,"ID_MIS_MQ01_OBJECTIVE_9VVVVV"
A00C5992,"Noah: And even better is of course if you knock them into one another. Two for one."
A017DF42,"Yeah ... You know, there are times when I ... "
A01B577E,"Faith: Someone should clamp down on them."
A02125E7,"She was. She is. We ... We parted on not so pleasant terms."
A023330B,"UX RESEARCH MANAGER"
A0381AAB,"There’s a man waiting for this to be delivered and he’s getting rather impatient. I would too if I had his habit. Don’t let KrugerSec see you."
A0449604,"Complete the story"
A0473527,"Noah: She’ll get back into it, Icarus."
A04A0006,"Renewed Faith"
A0558E12,"Great! Maybe my mom will finally shut up now. Here’s some scrip. Thanks again!"
A06161E6,"Icarus: That you have a rep, is all. But go ahead. Prove it wrong. Make us some scrip."
A0673EB5,"Move."
A068E82F,"Rebecca: You need to plant the tap at the very top, Faith. According to my sources there will be an unshielded transponder amplifier there."
A0819600,"PLEASE WAIT..."
A083CA0C,"ID_MIS_MQ01_OBJECTIVE_10VVVVV"
A083CA0D,"ID_MIS_MQ01_OBJECTIVE_11VVVVV"
A083CA0E,"ID_MIS_MQ01_OBJECTIVE_12VVVVV"
A083CA0F,"ID_MIS_MQ01_OBJECTIVE_13VVVVV"
A083CA10,"ID_MIS_MQ01_OBJECTIVE_14VVVVV"
A083CA11,"ID_MIS_MQ01_OBJECTIVE_15VVVVV"
A08BDAB8,"Rebecca: That tap is not going to install itself."
A0917E0E,"MAIN MISSION"
A093AF83,"Rewarded for collecting 15 documents"
A0991985,"CHAOSLINES YELLOW"
A0A070E6,"I got lost there."
A0A94A5C,"RAPOSA"
A0CA93BE,"SAFE AREA"
A0D496BF,"Your old friend NOMAD wants you to come talk to him. Chances are he's got something brewing. And chances are also that it involves messing with the Conglomerate in some way."
A0D74EFA,"ENCROACHMENT"
A0DA3DD8,"ADDITIONAL VO EDITING"
A0DB7F9D,"You know I wouldn't trust anybody else with this."
A0DE7A39,"ANIMATION SUPERVISOR"
A0E5CECE,"THE LAIR"
A0E7644F,"GAME OVER, RUNNER. GAME OVER."
A0E87835,"ACTING TALENT"
A0E946BE,"SENIOR IT MANAGER"
A0EB6C21,"REGATTA BAY & OCEAN VIEW"
A0F0F7E7,"CARBON WEAVE"
A0FDC942,"Noah: I see your dash time is up on the Beat, Faith. Not bad. Glad to see you still got it. "
A101E53F,"Get to and complete the Dash"
A101E540,"Head back to see Birdman"
A101E541,"Pick up and deliver the package within the time limit"
A10B577D,"NO XP 4 U"
A12611B8,"What the hell, Faith?!"
A12611B9,"It's good to see you too!"
A12611BA,"You keep this up, I swear you’ll be dead in a month! "
A12611BB,"All's well that ends well! I got this!"
A12611BC,"This isn't from here."
A12611BD,"Neither was the guy who had it. He died for it. "
A12611BE,"Could be worth enough to solve things with Dogen."
A12611BF,"Yeah, or enough to see us dead! "
A12611C0,"Anything having to do with Gabriel Kruger we need to stay miles away from!"
A12611D8,"I’m inclined to send it back to him."
A12611D9,"Did Kruger see you?"
A12611DA,"He saw someone. Too dark to see much at all. "
A12611DB,"Look, I thought that this would be a good thing--"
A12611DC,"No! You didn’t think, Faith! You never do!"
A12611DD,"I need to figure out what to do with this. In the meantime"
A12611DE,"try not to get yourself killed, okay? I already lost you once."
A12611DF,"Fear not! I’m back. KrugerSec’s gone."
A12611E0,"A “thank you” would be nice."
A12611E1,"I’m gonna get some sleep."
A12611F9,"Argh!"
A12611FA,"... that if we don't stop them now. Now! The corporations will rule our lives!"
A12611FB,"Not now, honey. I have to finish this."
A12611FC,"Faith?! Cat?! Where are you?!"
A12611FD,"Girls, over here! You'll be safe in here. Just stay put."
A12611FE,"Faith, I'm scared!"
A12611FF,"Let us go, Kruger!"
A1261200,"You should have cooperated, Dr. Connors."
A1261201,"I didn't want this."
A1261202,"Mommy? What is that?"
A126121A,"That, my little squirrel, is your future."
A126121B,"I said, step back!"
A126121C,"Faith ..."
A1301E5B,"LOCALIZATION ENGINEERING TECHNICAL TEAM"
A14ACA0A,"Seems you finished the delivery as planned. Excellent. Payment on the way. Thank you for your services."
A1503B27,"MODELING"
A159E899,"Hey, over here."
A1672F38,"Plastic: I’m bringing another elevator down."
A16A3367,"DEAD DROP DELIVERY"
A16AE1C5,"Automated Voice: A productive employ is a happy employ."
A16BAF72,"Automated Voice: Reflection. It will change your life."
A1821204,"Screw you!"
A1872709,"Rebecca: You destroy their bed. Now get your butts back here before all of KrugerSec comes looking for you."
A188A17A,"START MISSION"
A18F0E51,"MAIN MENU"
A196CB4A,"{0:input} LIGHT ATTACK"
A197CCC1,"Dogen: Because things should be called by their proper names. Now, you need to dislodge it. There should be three support clamps for you to deactivate."
A19D2D49,"Aline: You think destroying Reflection will bring the Conglomerate down?"
A1A2E5F7,"DOWNTOWN SECURITY"
A1AF0D75,"Dogen: You’ll find her deep in the industrial lungs. Follow the mechanical breath. Must have to do with air flow of some kind."
A1D17C85,"This needs to stay covert, alright? Get there and deliver without being seen. We’re counting on you."
A1DAF39D,"Noah: Yeah ... Rumor has it they did one too many runs for Black November."
A1E0BA76,"Faith: Word gets around."
A1F3A4FD,"TECHNICAL ANIMATOR"
A1FE260E,"How can you be so sure?"
A21422FE,"Noah: Knock it off, both of you. Look, we’re out of options. The only way out is through the Everdyne Tower. And with K-Sec there you’re gonna have to fight them. Icarus, upload the combat mod to Faith’s beatLink."
A23AE745,"DIRECTOR PROGRAM MANAGER"
A23B0DEA,"So please don’t say anything. Stay safe, and we’ll see each other again soon."
A23F277F,"SENIOR E-COMMERCE & CONSUMER PROTECTION COUNSEL"
A24B490C,"Place the first checkpoint of the time trial, that also marks the start line."
A2597BFD,"GABRIEL KRUGER"
A2618233,"Noah: Kicking someone into something is always better than kicking them into nothing."
A27779DC,"Icarus: Don’t get stuck in there. I want to get to the Lair by dawn."
A2868FD3,"GRIDNODE"
A299BEA5,"Complete all of Plastic's missions"
A29A7859,"It'll be alright. Your speech is great, "
A29D383E,"MISSION KIT"
A29F28A7,"Knowledge is power"
A29FFD61,"{0:d} / {1:d}"
A2AE665E,"Plastic: But why would you bomb the Bauble?"
A2AEC520,"Icarus: I got their attention! Leading a bunch of them off now!"
A2B96429,"Faith: How do we access it?"
A2BA22D3,"I worry for you, Kristian. You are hiCaste. "
A2BCDA6B,"SOLUTION ARCHITECT"
A2C0DBF8,"Top {0:d}%"
A2C3A276,"Replay mission"
A2C90425,"QA ANALYST"
A2D2732A,"I’ll never do it again, OK!?"
A2DE6055,"SPRINGBOARD"
A2E1EF29,"AUDIO MOVIE"
A2EC9CAC,"This message will only play if you fail. Did you fail? People will die because of this. Consider that the next time you take on one of these assignments."
A2EE66A8,"Aline: You’re getting close, Faith. Plastic is trying to open the elevator doors for you, but see if you can find another route in the meantime."
A2F0DF01,"Teleporting... You will be returned when finished."
A2F169DC,"Faith: I wish I’d had this earlier."
A2FD4906,"That thing on?"
A2FFD1EC,"Faith: I’m gone."
A3002B75,"EXCERPT FROM “A VISITOR’S GUIDE TO GLASS”:  An affluent residential area dedicated to upwardly mobile employs, Ocean Glass View, or “The View”, is by many considered to be the final step before getting invited to Sky City.  Much of The View has been sponsored by Silvine Systems, who also count the majority of its work force as residents, and the district was designed from the ground up to be a quiet area dedicated to ambitious employees on the rise.  If you’re looking to get away from the commotion and intensity of Downtown or The Anchor, The View is well worth a visit. Here you can walk along the serene streets or the seaside promenade, where those with a nautical interest should pay a visit to The Marina. On freedays it is not uncommon to see families picnicking in the open or improving their tans on the nearby beach while their children play in the surf.   AREAS OF NOTE:  Ocean Pier  Regatta Bay  KrugerSec HQ"
A3063DEB,"Aline: Yes, you did it, Faith! It hurt even more than I expected, but that was definitely it. Reflection is destroyed. "
A31C9AA2,"TECH OPS LEAD"
A325354C,"Got it."
A33F5C77,"LIGHTING ARTISTS"
A34A4484,"Noah: Come with me, kiddo. Let’s get out of here."
A352F1E3,"Noah: Go back to Birdman. He has a delivery for you. I know it’s simple stuff, but I want to make sure you’re ready."
A36B54F5,"Noah: Faith, your beatLink map will keep you current on things to do. The city has changed while you were away so you should take some time to explore a bit."
A36D3815,"RCTRL"
A37C1CD4,"SVP, GROUP GENERAL MANAGER"
A388AD24,"MOVEMENT"
A389C50A,"Faith: I’m out."
A38B8E17,"SAVANT EXTRAORDINAIRE"
A38BF6E7,"She's better than I ever was."
A38E3371,"Nomad: Oh, hey, Noah. Faith is helping me out with something."
A39D3A10,"DIRECTOR OF BUSINESS AFFAIRS & DEVELOPMENT"
A3C40413,"Plastic: It connects you to the Grid permanently. I guess that’s what they mean about “Become the Grid”. Once it’s calibrated, it can also regulate your health and stress levels. Can’t people do that on their own?"
A3C45E3C,"On your feet, leech. We’re taking you in."
A3C64ADA,"Icarus: Faith, if you’re going to look for Noah, I’m coming with you. I’ll wait for you by the blast door."
A3D44D77,"MISSION FAIL (RETRY)"
A3D49673,"Automated Voice: Attention! Trading food allocations is a breach of Conglomerate policy and will be firmly dealt with. It is every employ's duty to report such dealings. Protect your neighbor. Protect yourself."
A3E94F3D,"QUIT GAME"
A3EDAD3E,"Plastic: I see it. Connecting, and ... I’m in. Oh ... This will take a little while. "
A3F0BC87,"NO STORAGE DEVICE SELECTED. YOU WILL NEED TO SELECT A STORAGE DEVICE TO SAVE OR LOAD PLAYER PROFILE DATA. "
A3F399DE,"Nomad: And K-Sec is sending reinforcements. You should clear out. Fast."
A3F4737B,"SVP, GROUP GM CENTRAL SERVICES"
A3FB72AE,"Automated Voice: Attention! You too can rise to hiCaste level. The future is bright for those that show true dedication to their corporation."
A4089DE0,"Faith has been released from prison. Exit the prison and find your freedom."
A413DDC2,"Rebecca: What Isabel Kruger doesn’t understand is that the very same ideal of personal achievement discourages it, as one man’s gain is, by necessity, another man’s loss. And with our society already rigidly stratified, the same people will always gain, and the same people will always lose."
A4155318,"QA LEAD EA BATON ROUGE"
A4180509,"SENIOR MANAGERS SOFTWARE ENGINEERING"
A418F11A,"Failed to connect to EA Online. Social features will be unavailable. Please try again."
A427CD78,"You are now in K-SEC ALERT. You are hunted. Escape! Outrun the KrugerSec forces visible on the radar or hide in a SAFE HOUSE."
A42BB0EC,"DISTRICTS CROSSED"
A42BB708,"I did throw her out. And I was wrong."
A442ABCC,"Deliver this unseen to the destination we send you, and you’ll earn Dogen’s gratitude along with some scrip. The receiver is getting impatient."
A44C302C,"SENIOR MANAGER REGIONAL CONTENT"
A44F7973,"SOFT LANDING"
A44F85E5,"RUNNER KIT TEST"
A45A816C,"Complete 5 opportunity missions"
A45A816D,"Complete 20 opportunity missions"
A45A816E,"Complete 40 opportunity missions"
A471E8CC,"Let's just stay out of his way."
A48297D5,"SENIOR GAMES USER RESEARCHER"
A4B6AAD4,"Noah: Be creative. Vary your attacks, or K-Sec will anticipate you and strike back."
A4BCF5DB,"COMMUNICATIONS MANAGER FRANCE BENELUX"
A4BF3CDD,"Hey, I’m over here."
A4CB80C4,"but we are all they have. Things will change, "
A4CEB204,"Icarus: I’m ready. Let’s go."
A4D96C82,"GROUP DEVELOPMENT DIRECTOR"
A4DF4904,"When Nomad is not busy painting the city he is usually busy finding ways to make things difficult for KRUGERSEC and the Conglomerate. Now he has something NEW in the works that might be worthwhile checking out."
A4E91599,"Plastic: Wow, you’re fast. Thank you."
A4EEE746,"Complete all side missions in Downtown"
A4F45148,"Downtown Girl"
A4F47BD6,"HOLD TO RESTART"
A500B3C7,"DEVELOPMENT DIRECTORS"
A508D183,"Plastic: That’s not a binary question!"
A512D6AB,"Why, yes it is. Why did you draw me a cat?"
A514DC51,"Combat Scavenge"
A517754A,"MANAGERS MARKETING INFRASTRUCTURE OPERATIONS"
A51A67D1,"(HOLD)  {0:s}"
A522CEF2,"PROJECT COORDINATOR"
A5342C1E,"Noah: One more thing: K-Sec are talking about some “special” unit being sent in. Could be a new drone, or something. Be careful, both of you."
A5418D03,"With the help of the glitchWare Nomad sent you, you are now able to get through the FANS around Zephyr station. And it also seems he has some new scheme in the works involving the Conglomerate. If nothing else, you can always count on him to get you into trouble.  Talk to him and see what's cooking."
A545F4BF,"DICE OPERATIONS LIVE"
A5513C4C,"Aline: Faith, you want to connect to Kruger’s own terminal. The apartment has a home office from what we can see on the schematics. Try there."
A55797DC,"Your UGC is option set to {0:s}. To set a waypoint and play this UGC you must bookmark it first."
A56B72AA,"Plastic: Good, you’re there. Connect to the console I’ve marked for you and I’ll tunnel in."
A57E7222,"QA COMPLIANCE PROJECT LEADS"
A58A6C47,"LEADS TEAM"
A58D205F,"Place the marker that other players can look for to find your time trial."
A59ECE7F,"ENCROACHMENT"
A5AC49E3,"DESTROY FANS"
A5B4A6B5,"The map helps you keep track of available objectives and setting RUNNER VISION to navigate to them. Use {0:input} to zoom in and out until you see the MISSION OBJECTIVE.  {0:input} ZOOM OUT"
A5B6F3F5,"{0:f.0}"
A5B82BF8,"Excellent. Stick to your parameters, Director, and I'm sure you'll go far. The board is following our progress with great interest and I cannot overstate the importance of a successful launch."
A5C2BF2A,"Icarus: Yeah. Guess you’re not “reformed” enough to enjoy it."
A5C5CB14,"DIRECTOR"
A5E21E3E,"RUSSIAN"
A5E2F384,"What's your name?"
A5E39AAE,"TRAVERSAL FOCUS SHIELD +"
A5EA85DA,"We’re done here. Clear out."
A5EC60DC,"SENIOR VICE PRESIDENT MARKETING"
A5ED6F23,"A Scanline Echo effect with normal colors"
A5F2D925,"Scanline Echo"
A5FA09FE,"GLOBAL MEDIA PLANNING"
A6059573,"But I’d rather not pull him into this. Meet me where we agreed in five days. "
A60D637D,"INTEL: SHOCK PROTECTOR"
A617561F,"Fill your FOCUS SHIELD meter"
A61F4E36,"Nomad: Maybe Kruger will get the message ... Better clear out before they send reinforcements, Faith."
A625D594,"Hold {0:input} to run and press {1:input} to attack."
A62C353A,"ACCEPT FRAGILE DELIVERY"
A633C37C,"Icarus: Just-- Nevermind. You don’t understand how it feels anyway."
A6355FEF,"NOV 23 FY37"
A6370012,"Elysium Corps - Better health, better performance, better living!"
A6370013,"Reshaping Cascadia! Building tomorrow - We define space and form!"
A6370014,"Anything, Anywhere, Anytime!   Trust us with your goods, and we’ll trust you to be satisfied!"
A6370015,"Beauty, Power, Elegance!  BRYSON - When nothing less will do!"
A645D0AF,"RE RECORDING MIXER"
A649CD0E,"Icarus: I see it ..."
A64A9E26,"Faith: Like I had a choice. "
A663A4B0,"Give me an update in a week. Same channel."
A667A9B9,"You know, with a big wide-screen TV, and all that kind of stuff. Not in some Greyland hovel!"
A67094C3,"NOTE: You're low on funds."
A68544DF,"Noah: Yeah ... It’s a fine line to walk for all of us ..."
A696F03B,"Icarus has dropped off the BEAT and Noah is worried. He's asked you to go look for Icarus, and though the guy is too full of himself he's also a fellow runner. Of course you'll go look for him. And maybe you'll even help him, if needed ..."
A69BE724,"Delivery confirmed. Payment processing now. Have a nice day."
A69D9DFD,"LOOK DEVELOPMENT/COMP"
A6A4F0E5,"Icarus: The mod sets up a few enemy echoes to scatter. And there’s a bit of haptic feedback too. I’ll wait here while you prep."
A6AD368C,"REVEAL SURFACE"
A6B1BE77,"Thanks. We’ve been waiting a long time for that data."
A6B5BB95,"Icarus: Funny."
A6BE7440,"Noah: Good. Faith, use the mod to freshen up your fighting skills before you go on. I was hoping it wouldn’t come to this, but it looks like we don’t have any choice."
A6C89839,"Faith: Who?"
A6D9C315,"ERROR: EMPLOY ID# 0451 NOT AUTHORIZED FOR ACCESS"
A6D9C316,"SETTING UP PROFILE"
A6D9C317,"ENTERING DEBUG MODE # Custom payload code found [!!] # PROFILE SETUP INTERUPTED # RETRYING... # Unknown employ # Using default profile # Latest News integrated # No position data available # Using default location # Unable to set [NEWS RECEIVED] cookie # Broadcasting [DEFAULT] news channel # 0xFD, 0x17, 0x3E, 0xE0, 0xEF, 0x1C, 0xC1, 0x75, 0xC7, 0xB6, 0xB2, 0x07, 0x01, 0x67, 0x06, 0x12, 0x8C, 0x66, 0x49, 0xF3, 0x82, 0x63, 0xAE, 0xA3, 0x3D, 0xCA, 0x1E, 0xEA, 0x17, 0x3E, 0xE0, 0xFE, 0x1C, 0xC1, 0x75, 0xFD, 0xB6, 0xB2, 0x07, 0xEF, 0x67, 0x06, 0x12, 0xC7, 0x66, 0x49, 0xF3, 0x01, |-->  0xAE, 0xA3, 0x8C"
A6E4FD00,"TALENT"
A6F77535,"FAMILY MATTERS"
A70BB6CD,"Sorry - not enough $$$ to purchase this item."
A70BD375,"Noah: Keep them guessing what you’ll do next."
A7308E37,"Noah has tasked you with breaking into ELYSIUM LABS where you are to steal data about a new type of enzyme wanted by one of their competitors. Icarus is to watch from the outside, making sure it all goes as planned. You have a SHOTGUN with you, a one-off hacking tool that you just need to place on the right console, and the software inside will handle the rest.  This is your first real mission, and the scrip should be good. A small step toward paying off your debt to Dogen."
A731744F,"TESTER"
A733D914,"Faith: Sure. But let’s keep Noah out of this, OK?"
A75B76A6,"COMBAT FLUENCY"
A75D63C8,"HEAD OF COMMUNICATIONS ITALY"
A76E13D9,"Icarus: No, of course not!"
A785C9A3,"FRIENDS & BOOKMARKS"
A787F38E,"I'm stating very clearly that your conclusions are based on test data from a far too low number of subjects."
A788EC72,"DISTANCE BONUS"
A78B6572,"Henchwoman: Oh, just to look at you. While you’re still in one piece. Dogen expects prompt payment, you know."
A7905AD6,"Plastic: So you’re aborting. Fine. Maybe later."
A79091DA,"{0:s} HAS JOINED YOU!"
A7997EC7,"POPULATION {0:d} LOW-CASTE"
A7A1CD8C,"Run along, or up, walls"
A7A20146,"Noah: By the way, Faith. There’s a package waiting for you. I think you’ll like what’s inside."
A7AEDAFD,"You can clear a security hub by incapacitated all of the guards at the Hub."
A7AF5351,"LEAD SYSTEMS ENGINEER"
A7BB50E3,"Don't just stand there. Come on!"
A7C1481F,"Icarus: I do. Thanks."
A7C8EF60,"Faith: What do I do?"
A7CBF976,"Yes, way more. Besides, reception is not very good down here, is it guys? You got anything?"
A7D063F3,"So this delivery needs to happen without KrugerSec knowing, understand me? If they catch you with this the deal is void. No scrip and an angry Dogen is what you can expect."
A7DA3F18,"EVERDYNE ENERGY"
A7F77C71,"Alright, that’s enough. We should leave something for the interrogators."
A8055FB5,"UX DESIGNER"
A81DFEF8,"Invalid user."
A8245DBC,"HEAD OF COMMUNICATIONS RUSSIA"
A8255114,"Why did you have to go and involve yourself with someone like Dogen?"
A82B9380,"New Area Unlocked"
A82D60C8,"Plastic: Did you ever do it, Noah?"
A8364829,"Come on, don't start."
A839C54B,"Failed to retrieve Leaderboard"
A83FFBED,"LOCKED"
A847196E,"SWORD TALENT"
A84D3CED,"Don’t let yourself be seen!"
A857031D,"{0:d} / {1:d}  SURVEILLANCE RECORDINGS"
A8600183,"Faith: There. Done. You owe me one."
A8696B20,"DIVISION"
A86C0ABE,"Plastic: Finally! That stupid pilot can’t navigate at all. I got them to stop. Use the MAG before they leave!"
A86F25CC,"Abort! Abort! We’ve been spotted!"
A8729C49,"ANIMATION & CINEMATICS"
A8745C5D,"No need. Let her in."
A8745C5E,"Faith. To think you should humble me with a visit."
A8745C5F,"I'm sorry, I should've come sooner."
A8745C60,"Far be it from me to judge. It's not like you owe me anything."
A8745C61,"Look, about that - I got something to square my debt with."
A8745C62,"Don't be crude. "
A8745C63,"I haven't seen you in two years and already you're talking about debt. Come."
A8745C64,"Machines make perfect food."
A8745C65,"But perfection is boring. "
A8745C7D,"It's the imperfections that truly make something unique. "
A8745C7E,"And so I like to occasionally introduce a human touch."
A8745C7F,"A little imperfection ..."
A8745C80,"You still have it. I thought--"
A8745C81,"I'd get rid of it? I almost did. You made me very angry, Faith. "
A8745C82,"One could almost say it's your specialty ..."
A8745C83,"Considering the extent to which you've recently aggrieved Mr. Kruger. "
A8745C84,"He is out for runner blood. "
A8745C85,"Whatever it is you stole from him must be very valuable."
A8745C86,"It's the blueprint for Reflection."
A8745C9E,"Ah. And you have it with you?"
A8745C9F,"Not right now, but--"
A8745CA0,"Then we'll discuss your debt when you do. "
A8745CA1,"In the meantime ... I believe a show of good faith is in order, pardon the pun. "
A8745CA2,"Anansi have been remiss with their payments. "
A8745CA3,"A little human touch should set them straight."
A8745CA4,"Alright, I get it. What do you need?"
A8745CA5,"Go to the Anansi Emporium. I will update you along the way."
A874CCC5,"Who messed up everything for everyone around her."
A87B3665,"Race across Downtown. Reach the finish line with the fastest time."
A87D9013,"CHARACTER ARTIST"
A8849DBA,"{0:input}(HOLD) {1:input}"
A886A3FE,"{0:input}(LEFT)+{1:input}"
A89E024F,"Faith: Noah! Say something!"
A8A1DC22,"Nr {0:d}"
A8A5028B,"Return to the Lair"
A8BEB5A2,"DIRECTOR INTEGRATED COMMUNICATIONS"
A8C5566B,"CONTROLS"
A8C9CDFE,"What took you? Dogen promised me this last week. I was starting to think he wouldn’t deliver. And they didn’t see you, right? If KrugerSec knew I got this I’d be sent to the Greylands for sure. Thank you."
A8CB780F,"Faith: Maybe I can use that ladder."
A8CB9566,"We're gonna hide-- We're gonna make gold slacks?"
A8E281DD,"DIGITAL ANALYTICS"
A8E47C4A,"SOFTWARE QUALITY ENGINEERS"
A8EB61BA,"Dogen: Head to the location I marked on your map. I think the first clie is somwhere around there."
A91E11BD,"HEALTH"
A92BB43A,"Icarus: Damn, they got a lock on me."
A933C97A,"Plastic: What about me? I did all the work!"
A93CB8A7,"you to stay out of trouble, and our customers rely on us to stay neutral. "
A9424D80,"You are offline. Go online to place a Beat L.E."
A94CE74A,"SENIOR DEVELOPER RELATIONS MANAGERS"
A9526513,"Icarus: Boom. That’s how we runners do it. I’ll lower the hook. Rebecca, route A is clear."
A9549646,"Run around the city and do good deeds to become someone important enough to do event better deeds."
A95BCEB3,"YOU MUST SIGN IN A GAMER PROFILE TO SAVE YOUR SETTINGS. CONTINUE WITHOUT SAVING. "
A960FC16,"Noah: Get in, deliver a few punches, and then kick them away before they can react."
A96136BB,"ENGINEER MARKETING INFRASTRUCTURE & OPERATIONS"
A965FB15,"A longer text for the tutorial."
A96DB215,"EA SRM TEAM"
A96EA439,"DETAILS"
A97AB9E6,"Icarus: Sir, yes, sir."
A98F7252,"Faith: What?!"
A991B08B,"ELEVATOR DOWN"
A997090A,"ONLINE SERVICE OPERATIONS MANAGER"
A99C8EFD,"Follow Icarus"
A9A43093,"MAIN MENU"
A9E17309,"Challenge your friends or strangers in a trial of your own! Add checkpoints as you run your path, save it as listed or unlisted, and then compete over who the fastest runner is."
A9F2740A,"(beat) "
A9FAEA5E,"Faith: Ah. I was imagining something a bit closer to home."
AA109878,"DIRECTOR DIGITAL ADVERTISING LEADS"
AA321C92,"Rebecca: OK, so you’re aborting. The tap can wait, but not forever."
AA36397B,"Birdman: You’re back."
AA4CF110,"UPRISE"
AA58EB8E,"GLOBAL ENGAGEMENT & ACQUISION"
AA644A1D,"Icarus: I’ll keep it occupied while you flank around to the control terminal. Disable that and they’ll all go quiet. "
AA66DC7F,"Aline: What Plastic is saying is that she’s managed to access a bunch of news drones."
AA7C84C9,"Faith: What? Ride a VTOL?! OK ..."
AA7D68B9,"Nomad: Not that it isn’t great to see you, Faith, but those components aren’t gathering themselves."
AA8A06AB,"HOME"
AA8B705D,"Unknown"
AA8C8885,"MAIL"
AA8CDEFD,"MUTE"
AA8D5112,"UNASSIGNED"
AA902468,"STOP"
AA90BDB5,"DON'T GET DOGEN ANGRY"
AA92048A,"WAKE"
AAA745DD,"ADDITIONAL 3D ARTIST"
AAA9C434,"ADDITIONAL PRODUCER"
AAB2AE21,"Who are they?"
AAB98AE1,"Out of the Great Regression rose OmniStat. Inspired by tales of ancient utopias and classless societies where every citizen had equal value and production was owned and shared by all, OmniStat quickly swallowed up the majority of the isolated settlements and surviving cities – sometimes peacefully, sometimes not. Some refused to acknowledge the OmniStat way of life and resisted to the bitter end, causing much strife and paranoia.  Progress was still made though, ancient ideas were rediscovered and new technology developed. Slowly but inexorably civilization began to restore itself after the limbo of the Regression and the OmniStat cities grew fast as people abandoned the smaller settlements and migrated to the urbanized areas. Some of the Greylands that had been blasted in the old wars were recultivated with varying success and the population grew considerably."
AAC194D3,"Regatta Bay gridLeaks {0:d} / {1:d}"
AAE8DD56,"Plastic: We’ve run out of time, Faith. I’m locked out."
AAF5C500,"Nomad: So I was planning to liberate Anansi of some much needed painting supplies, but KrugerSec are watching this particular store like hawks. Think you can distract them?"
AB0CDAC2,"You’ve escaped KrugerSec crackdown by taking refuge with Black November, deep down in the old OMNISTAT tunnels beneath the Rezoning District. Their leader Rebecca Thane claims to have known your PARENTS, but your gut tells you that they were never close friends.  Now Rebecca demands your help. With what remains to be seen. "
AB15E109,"IN LOVING MEMORY OF"
AB239A04,"Good, they’re on to you. Lead them off while I get this done."
AB3C3927,"VIDEO & MEDIA DIRECTORS/EDITORS"
AB3F12B8,"Faith: Woah! Big explosion over here!"
AB4E3F85,"What is the meaning of this?"
AB544645,"{0:input}{2:input} or {1:input}{3:input} + {4:input}  A short burst of acceleration in any direction  FOCUS SHIELD gain from speed starts immediately after a forward SHIFT"
AB66D4E8,"Last Mission: {0:s}"
AB67ED1B,"Faith: Noah ..."
AB68C582,"Noah: I know you can."
AB694A17,"HOLD TO CANCEL"
AB6D97FF,"Faith: Alright, I’m there. Connecting to a priority switch now."
AB6E96CE,"{0:input} (along wall) {1:input} {2:input} "
AB8C1269,"Nomad: There’s a dead drop at the marker on your map."
AB91E148,"If a job smells bad, it's probably because it is. Now, are you ready for your first job?"
AB9A623B,"IN-GAME ADVERTISEMENT AND ADDITIONAL SOUND DESIGN"
ABAD6CE1,"COMBAT SHIFT to circle strafe around enemies"
ABB1075A,"Plastic: It could be that you’re the first human inside since it was finished. Imagine that."
ABB624B7,"Noah: You’re fighting echoes now, but there are real enemies waiting for you ahead. Don’t underestimate them, Faith."
ABD2EE1A,"VP CREATIVE DIRECTOR MARKETING"
ABE1CA95,"CLOSE"
ABECFD29,"Noah: I told you, Icarus."
ABED82EA,"DIRECTOR MARKETING INFRASTRUCTURE & OPERATIONS"
ABFBF1A3,"ENGLISH"
ABFE2ED3,"Impact Attack"
ABFE63DE,"yes does he know that?"
AC119A37,"PROGRAM MANAGEMENT OFFICE"
AC12CA58,"Rewarded for completing Undetected Surge"
AC18345A,"STREAMS RED"
AC18E558,"They listen a little too intently to what she's saying. This isn't about violence. "
AC1B2C0D,"You were seen. The word is out. Abort the mission."
AC244C47,"Automated Voice: You too can rise to hiCaste level and reap untold rewards."
AC2519F4,"Automated Voice: Reflection. Bring out your true self."
AC2A68D3,"I’ve run the simulations more than a hundred times and the results are consistent. "
AC499AD8,"Noah: Faith, KrugerSec dispatchers are talking about some commotion in the AllCom building. I guess that’s you."
AC49CE8B,"{0:f.2}"
AC4C5288,"Noah: Nomad brought them here just after you were caught."
AC631F5A,"Noah asked you to take the drive you stole to a hacker named Plastic, who turned out to be an eccentric teenage girl. She’s deduced that the thing comes from OMNISTAT, Cascadia’s belligerent neighbor to the northwest. But in order to break through the complex encryption she will need more processing power.  She has sent you to an ALLCOM facility nearby to facilitate this for her. Once inside you need to redirect a data sluice, and that should be it. Or so Plastic claims …"
AC6378EA,"Reach the secondary CCU"
AC6E2449,"Rebecca: I wanted to give you some rest, but things are becoming a bit hairy around here, and we all need to pull our weight."
AC70B498,"GRIDLEAK +{0:d} XP"
AC73D395,"ASSOCIATE ART DIRECTOR"
AC745029,"The bastard raised the price. He wants twenty percent more. "
AC78D218,"Good. But I'm not sure I can keep it hidden from my lead much longer."
AC7C3724,"LEAD ARTIST"
AC7E6073,"CLOSE"
AC8A832C,"Faith: I’m here. It’s a bit crowded with “new guy” and his ego."
AC96E086,"Nomad: Art, Faith. Art."
AC97EE4B,"OK"
AC9C5136,"NO"
AC9C6496,"Come now, turn around."
ACA9D906,"Where will you find them?"
ACB82C07,"Faith: You said it: The building is old."
ACBB19AF,"Icarus: I know this is nothing like it, but I can sort of understand what prison must be like now."
ACCA7FAB,"Safe House"
ACDBCBC7,"UPGRADE POINTS"
ACE0AEDC,"I should be doing something else. I could be a valuable asset to KrugerSec, "
ACF0D046,"LEADERBOARD"
ACF45CA4,"Is that...?"
AD08461B,"Help Plastic expand her METAGRID access.  Tap all the DATAPOINTS before the firewall shuts down the system."
AD0C6DB1,"You do not have the correct permissions to view this content"
AD0EB382,"The Krugers were one of the ancient families. They had survived the wars and the Regression, retaining their pride, and even some of their gathered knowledge. When OmniStat rose to power they accepted its rule, making sure to secure important positions within the Party as it grew. But they never truly accepted the philosophy OmniStat was founded on, and as the decades passed the Kruger family began plotting drastic change – believing that for civilization to truly move forward a radically different society had to be formed, one based on free enterprise and individual achievement – concepts that were anathema to the Party.  Wary of betrayal the Krugers still managed to gather a few other families to their cause – some were prominent party members, and others important contributors to society overall. The Brysons, Malus, and Wanderborn-Fairchilds all rallied behind the Krugers and when the time was right they helped light the flames of rebellion all over OmniStat."
AD14ABBD,"Faith: K-Sec is happening. I had enough of this crap in prison."
AD1625DA,"ADVERTISING & LIFECYCLE MARKETING"
AD229D01,"CORE"
AD22EE12,"DATA"
AD28A2FE,"NOAH"
AD2B47BD,"SIDE"
AD2BC2BF,"TEAM"
AD2BF4D3,"Nomad: There she is! In the flesh!"
AD3A8C77,"thus eliminating the threat?"
AD3DCCDA,"Failed to connect to EA Online. Social features will be unavailable. Please try again."
AD463B84,"My guess is the X:s point to other caches, just like this one."
AD5299B0,"PLACE BEAT L.E."
AD534DA7,"SPRINGBOARD + WALLRUN + JUMP + {0:input}"
AD554FAE,"My grandpa had a saying - if you can’t do a thing at a normal pace it ain’t worth doing at all."
AD67C487,"I don't know! I don't know! I'm not the brains of this operation!"
AD8F0E7A,"Why am I here ..."
AD9F8A7A,"About damn time. Didn’t he tell you it was urgent? The board will explode once this thing gets out. You’ll be paid."
ADA0AC5F,"Icarus: They’re not giving up!"
ADA42A6E,"DIVERSION"
ADC29823,"Hey. Here."
ADC90EF3,"Dogen: A giant counter-weight intended to make the building safe for earthquakes and hurricanes. But not from me. It will be our instrument of destruction."
ADCB9983,"Nomad: Excellent. This will make a difference. I promise you."
ADDB101F,"Plastic: Oh. Well - they probably won’t."
ADE46657,"The Reflection virus will soon be ready. But to upload it you need to go to SKY CITY, where the main Reflection hub is located at the top of the damaged SHARD. And in order to get there you need a ride.   Plastic has sent you to subvert the TRANSIT CONTROL HUBS, which will allow her to send a train to Sky City through the evacuation blockade, hopefully with you on it."
ADE58800,"The time has come to face Dogen and repay your debt. Go meet with him at his restaurant gastroFusion in the Anchor district."
ADE709E9,"Or should I ask someone else?"
ADFB6907,"USER INTERFACE"
ADFDF173,"Victim: What are you doing to me! Let me out of here! I ... What did you just do?"
AE0932A5,"but there was nothing I could do. The rioters were out of control. I'm sorry."
AE0B4D58,"Noah: You always were a fierce fighter, Faith. You’ll be fine."
AE4A1E7D,"EVADE THREAT"
AE51843F,"BILLBOARD HACKS"
AE5CE8E7,"Thank you for picking up this package. Sender has provided delivery coordinates. Ample scrip will be transferred upon completion."
AE66C713,"That's my girl. So, Isabel. What do you want to do today? "
AE66FB38,"Complete mission MISCHIEF MAKER"
AE6AC909,"Plastic: Finally! Guess what! Isabel Kruger is not Gabriel Kruger’s biological daughter. He adopted her! Her real name is Caitlyn Connors! Isn’t your name Connors too? What if--"
AE75E505,"Plastic: The console you want should be in the command center just below you."
AE776F85,"{0:input} in speed to attack enemy"
AE7CC343,"Faith: Not yet."
AE8E00F5,"Automated Voice: Attention! Runners have been spotted in Centurian Yards. Interaction with them is considered a breach of policy."
AE9B8969,"SENTINEL Class: Hunter"
AEA30965,"PRODUCTION TEAM"
AEB4DD30,"Automated Voice: Attention! It is never too late to excel. A productive employ is a happy employ."
AEC92A39,"START"
AEE85E23,"Rewarded for collecting 15 secret bags"
AEEDC825,"TRIANGLES ORANGE"
AEF1C91F,"Did you see Faith? Or Icarus?"
AEF37A96,"ENFORCER Class: Ranged"
AEF67030,"Plastic: Just go to the locations I’ve marked for you and I’ll handle the rest. Once you breach the first point their safety protocols will race to shut you out. You need to reach all the points before that happens."
AEFA0660,"Right Stick to look"
AEFC2341,"Dogen might be willing to exchange the drive for your debt and the drawing, but first he wants you to help him teach the ANANSI CORPORATION a lesson."
AEFFACB3,"ENVIRONMENT TEAM"
AF0CCD05,"GridNodes are facilities with heavy duty quantum computers spread out in the city, all run by Allcom. Collectively they manage The Grid which is the thoroughly surveyed main data network owned by the conglomerate. Taking them out will open up new opportunities."
AF0D4988,"Nomad: Great. Take the route that keeps you away from the Lair, make it fast, and knock anyone out if they spot you. Don’t allow them to report in."
AF0E9053,"QE TECHNICAL DIRECTOR"
AF54E774,"Unknown"
AF59FAA7,"I am worried about you, Isabel. "
AF5D92E8,"TECHNICAL ANIMATORS"
AF6095FA,"DOCUMENTS"
AF63DC23,"The Kruger Uprising coincided with a widespread famine, which made many citizens more than ready to join the cause – fed up as they were with the secret police, the Party elite and its stifling political teachings. Decades of accumulated hate and frustration helped turn the flames into a conflagration far more devastating than the conspirators had planned and soon enough OmniStat was torn apart in a bitter civil war.  The fighting lasted for years and the Krugers were forced to acknowledge that theirs was not the only vision of an ideal society. There were others who also saw the turbulent times as an opportunity to set up their own assemblies, and when the dust eventually settled three nations formed from the ashes of what was once the most powerful civilization on the planet. The largest part would still be OmniStat and remain under Party rule; second largest was to become “Cascadia” – shaped by the families supporting the initial Kruger Uprising; finally there was Sabaeus, a theocracy founded on a religious text of obscure origins.  The fighting also caused many bitter losses, among them Dieter Kruger – head of the Kruger family and an inspired, altruistic visionary who, had he lived, might have had a profound effect on what was to come."
AF6582BE,"Rebecca: Faith. Come see me ASAP."
AF69F663,"Plastic: If you can’t find a way in, try going down on the outside. Maybe you could slide down the roof."
AF8177F4,"Almost in the clear."
AF86F710,"Dogen: An item in my possession which Faith has been craving for some time. I’ll let her tell you about it."
AFB115E6,"Gabriel Kruger taking a personal interest in our agricultural department?"
AFB1C41B,"Faith: No runner's vision. I can handle it."
AFB7EC9A,"Dogen: I’ll let you know about the blueprint. And then maybe we can also discuss your potential procurement of that drawing."
AFBF626B,"Icarus: KrugerSec is jamming us. We have to go back, Faith! Meet you there!"
AFC4A832,"Yeah. She was kind of upset with Noah."
AFC52101,"We told you to stay out of sight!"
AFC68871,"MOCAP ARTISTS"
AFDB5C41,"RUN A DASH"
AFE641D3,"The kidnapping was a SUCCESS. Return to the Lair to find out more about who you helped catch."
AFE6AB07,"APOSTROPHE"
AFF6BB23,"SENIOR TECHNICAL PROGRAM MANAGER"
AFF800E7,"Noah: They have an elevator with exterior access. Could be a good way up."
AFF9841C,"On the ground, leech!"
B0135964,"SCRIPTER"
B01ACC48,"INVERT Y AXIS"
B02F9E88,"_"
B039834B,"That will definitely be hard to beat."
B03CD842,"LOCALIZATION ENGINEERING AUDIO TEAM"
B0445E36,"The new sensor chip being developed by KRUGERARMS definitely spells trouble. Nomad thinks you should try to steal the chip or sabotage the project somehow and you agree.  You’re going to find a way into KrugerArms, locate the lab where they are working on the chip and STEAL or DESTROY whatever you can find. It won’t stop the chip from being deployed eventually, but it will significantly delay the development process."
B05104BC,"DISRUPT"
B051BF1A,"QA COMPLIANCE CENTRAL ANALYSTS"
B06075F9,"Noah: Just go at it again if you don’t get it right."
B060A958,"Talk to Rebecca Thane"
B066F782,"{0:input} HOLD + RUN into an obstacle  JUMP further and higher off of obstacles  Slight speed penalty when landing  ALT: {0:input} to start a VAULT then {0:input} to SPRINGBOARD out of the VAULT"
B0770A67,"INTERACT"
B07C74C3,"Icarus: What’s keeping you, Faith? I’m at the jump-off point."
B07D7F52,"Plastic: Nobody really did this before, you know. They call those buildings the  Dogs because they’re so heavily guarded."
B07E4614,"EXIT STRATEGY"
B0AEBE8F,"CREATE TIME TRIAL"
B0B7E2D7,"This package contains a small statue which has quite a affectionate value for me. I’m giving it away. A token of sorts. Don’t break it or you’ll ruin everything."
B0D838ED,"Plastic: Why not?"
B0DA3E07,"CONTRAST"
B0DA78AD,"CONTROLS"
B0F3EC1A,"Noah: Well, just don’t hang around, is all I’m saying."
B0F9DE6A,"How are you?"
B1178AF2,"SUBMISSION ANALYSTS"
B119DE96,"Noah: Faith, don’t forget to check the map now and then for updates."
B129B2F6,"Leech pacified. Let’s drag him out of here."
B12B74FB,"LEAD LEVEL ARTIST"
B12CE8E2,"Faith: Let’s get it done."
B1335605,"Rebecca: Activating the diversion."
B135AA06,"Nomad: No, I’m not done here, damn it! Ah, well - maybe next time."
B136F491,"You got the gridPrint, and Kruger is none the wiser. On top of that the SHARD just got bombed, probably by Rebecca.  Make your way back to Plastic with the gridPrint so that they can complete the virus."
B1379656,"Icarus: This is not a good place to hang around! Let’s get out of here!"
B14ABF3B,"Light Traversal attacks earn more FOCUS SHIELD"
B14E10E6,"Building lockdown will be completed in thirty seconds."
B14E10E7,"Building lockdown will be completed in twenty seconds."
B158DB42,"NEW BEST TIME!"
B161613E,"SECURITY HUB"
B1652B40,"{0:d}"
B17256BD,"Dogen: Is there another note, maybe?"
B184FDBD,"Noah: Soon as you’re done with Birdman we’ll see about getting your situation with Dogen sorted out. And then we can put all this behind us."
B19144F8,"Make your way to the CCU at the top of the gridNode and subvert it to route processing power to Plastic. This should give her enough computing capacity to crack the encryption.   GridNodes are not designed with humans in mind. Be careful and avoid any ALARM systems you encounter."
B1949F0E,"SOCIAL AND COMMUNITY MANAGER IBERIA"
B1B11BF2,"THE SHARD"
B1B79A68,"VERY SPECIAL THANKS TO"
B1B8DA50,"ALERT LEVEL {0:s}"
B1B904C4,"A fragile and tentative peace was agreed upon and borders drawn up, but the obvious enmity between Cascadia and OmniStat remained a severe threat to the conference, and had it not been for skillful negotiating by Sabaeus clerics the whole initiative would have failed and the war started anew. But in the end everything was settled into the Neridian Concord, and the representatives withdrew to rebuild all that had been lost.  It had been Dieter Kruger’s vision to create a nation founded on democratic principles, individuality and personal initiative. But with Dieter’s demise Cascadia’s founding was off to a flawed start, as the other major families had more selfish intentions. The constitution stipulated voting rights for citizens of a certain standing and free elections of a president and an assembly to govern the nation. But with voting rights curtailed from the outset, the first steps down the road to tyranny had already been taken."
B1BFF7E1,"Drone: Stop and submit!"
B1C41B47,"QA COMPLIANCE PROJECT MANAGERS"
B1D021B5,"ADMINISTRATIVE ASSISTANT"
B1D3F460,"TOP OF THE WORLD"
B1DDD843,"SENIOR MANAGER RETAIL MARKETING"
B1E457F6,"LEAD ONLINE ENGINEER"
B1E5A140,"Plastic: I can’t stand my sister. She’s an idiot. Do you have a sister?"
B1F3493E,"Dogen: I prefer to access the Grid on my terms, Noah. The employs are already gridLinked. I wonder what Reflection will add."
B1F48925,"BREAK GLASS"
B1F8259E,"Icarus: Nice."
B1F9DCE9,"Rewarded for completing Peak Performer"
B1FAE2BE,"CHALLENGES"
B1FC149B,"Faith: No worries. See you around."
B1FF46EB,"GHOST TEAL"
B1FFA0F0,"Yeah. Wouldn’t have lasted a day here though."
B20F7AF3,"Plastic: No."
B21682DB,"{0:d} / {1:d}"
B227E806,"Get that out of my face! I’m free to--"
B22DAC51,"HEAD OF PROGRAM MANAGEMENT"
B2370A95,"CRYSTAL VALLEY"
B239BED7,"What are we going to do when we get to Aurora?"
B2402EBB,"Icarus: I’m waiting here."
B2415E10,"There are simply not enough sample points to use as conclusive evidence."
B253BC05,"EXCERPT FROM “A VISITOR’S GUIDE TO GLASS”:  Development Zone G is one of the few remaining district being refurbished by CC Corp, and though the area is off-limits, the curious might catch a glimpse from one of the surrounding buildings. It might very well be worth a look to renew your understanding of Conglomerate Policy with regards to the OmniStat years. Development Zone G reminds us all why we decided to eradicate the horror of those dark days.  Rumor has it that a vast tunnel system from the OmniStat days remain below the Development Zone, but these rumors have been vehemently denied by KrugerSec.  [Note: The Development Zone is off-limits to all employs not belonging to CC Corp and in possession of a valid Zone Employ Pass. Unauthorized access is grounds for contract termination.]"
B25E3D05,"Failed to connect to EA Online. Social features will be unavailable. Please try again."
B2694538,"Rebecca: I’m not expecting an answer. You might not even have one, but the question should still be asked. Our questions teach us who we are, as your mother used to say."
B269BAB1,"Nomad: Hey. Let’s have a look at those docs."
B294FD17,"Unlisted {0:s}"
B294FE5A,"CINEMATICS AND TRAILERS SOUND SERVICES"
B29EA220,"CORE ENGINEERING LEAD"
B2A65488,"Noah: A few close calls, but you did really well, Faith."
B2A90061,"FAST TRAVEL AVAILABLE"
B2B59E9A,"Noah: Better you fail here now than in the Tower. Just keep at it."
B2BA3277,"BREAK AND ENTRY"
B2BE631A,"We have a few minutes. The scrambler will alert us if we’re being geo-located. "
B2CCAC9C,"VP, GROUP STRATEGY"
B2F27BBD,"SKYWALKER SOUND"
B2F549E3,"THANKS TO"
B304BFAF,"GROUP PRODUCT OWNER"
B31FA3E0,"Help Birdman out with delivering his package and prove that you’re ready for more demanding runs. And remember that deliveries are TIMED, so you need to remain focused on reaching your goal."
B32C4C7E,"I heard over the grapevine that you were back in the city. And so did Rebecca Thane. Do you know her? She leads Black November. We'd like to get to know you. But first things first."
B3495C3C,"SYSTEMS ENGINEER"
B349B168,"Plastic needs your HELP with something. And considering her priorities it's bound to be something unexpected. TALK to her and find out what she's up to."
B35654C5,"OPTIONS"
B35926AD,"Dogen: Somewhere nearby. The dragon. I am stumped, Faith. I hope you’re riddle skills are stronger than mine. They’re obviously on to her. Time is of the essence."
B35C2229,"MAP CAMERA FOV"
B3658DAE,"PRODUCT MARKETING MANAGER GSA"
B365E342,"ART SPECIALISTS"
B36F0737,"Noah: Your Beat will show new items as they get posted by other runners and clients. Check the map for updates."
B386208A,"Two more weeks and I'm retiring. I only  asked to be transferred to this company to get my tour cut short"
B3A1F970,"Maybe. But the fact remains that you should have done a better job. "
B3A85248,"In {(C)RP_DISTRICT}"
B3AAA9FE,"SENIOR MANAGER OF COMMUNICATIONS"
B3AE1DC5,"SNR MANAGER"
B3BC5F67,"GLOBAL COMMUNITY MANAGER"
B3BE3B3C,"LOADING AUGMENTED REALITY... {0:d}%"
B3C1ABFB,"Nomad: You really need to get out of range, Faith! Find a safe house and hide!"
B3C8C4BB,"Plastic: I told you already! I’m Plastic! Faith is my friend."
B3E4159E,"Another leech in the bag. This’ll be a nice bonus. But first we’re gonna rough you up some."
B3E5D39B,"SENIOR HR MANAGER"
B3E86CE9,"Faith: My beatLink’s back up. Nice."
B3E8D5F9,"Rewarded for completing Knowledge is power"
B3EE3FFB,"STREAMS YELLOW"
B406798D,"He promised me one thing and delivered something else entirely."
B40E2D65,"The Cascadian Constitution not only dictated how the country should be governed, it also included the Corporate Charter – allowing anyone to start an enterprise and nurture it to prosperity. The Charter too was flawed from the outset though, since little thought was given to regulatory statutes governing competition and unfair practices. Also, the families leading the uprising made sure to secure the main industries and natural resources early on, giving them a vast head-start.  Everything was closely watched by OmniStat whose ideals were diametrically opposed to Cascadia’s, and to no-one’s surprise, they made a surprise attack on both Cascadia and Sabaeus only a few years after the birth of the new nations. The Triumvirate War lasted for two years and mainly consisted of an endless string of intense border skirmishes. The conflict was ended only after an uneasy alliance formed between Cascadia and Sabaeus, and since then a cease-fire has been in effect between the three nations though no official peace-agreement has been signed."
B411024B,"DIGITAL COMMERCIAL MANAGER"
B412C13B,"BACK IN THE GAME"
B41C8F27,"Plastic: Oh. OK."
B429B544,"I just don't get it. She messed everything up."
B43E1907,"Erika: Faith, I need some peace and quiet. Take your sister out and play."
B43F8B15,"just need to finish a train of thought here."
B4419118,"Faith: Fine. We’ll go. But I’m not staying long."
B449E386,"That package needs to be delivered ASAP. And don’t let security see you or there will be hell to pay. The board is meeting tomorrow and we need this exposed before then."
B44DB82C,"RPM SERVICE LEAD"
B45EA61A,"Already in use, bind anyway?"
B462304C,"Faith: Plastic! I need those doors open!"
B46CF050,"Confirmed delivery. Well done."
B4896E23,"SYSTEMS ENGINEERING SENIOR MANAGER"
B493D934,"Edges, wires, pipes are just the start"
B4AC177B,"Jump and then attack to push enemies back."
B4AD10DD,"Dogen wants this delivered for his restaurant. It’s a very special cake, quite fragile, you understand. I’d go through normal channels but some of the ingredients are ... not policy. Now off with you."
B4CE008D,"{0:input} to make quick changes in direction"
B4D474A4,"ADDITIONAL VOICE OVER DESIGNERS"
B4DA8AB3,"Icarus: That terminal is hard to reach. Maybe you can find some way to crush it?"
B4DD1236,"Rebecca: This was all part of an OmniStat desalination plant. Some sections are over a hundred years old. Built to last. Unlike anything produced by the Conglomerate."
B4E65311,"BASIC ATTACK Completed"
B4E683B2,"Talk to Beatrix Bloch"
B4E86752,"Nomad: I should warn you, Faith. There are more K-Sec patrols lately. And they look like they mean business too. Not the usual goons."
B4E94A9C,"Where we used to make love - the only place we could call our own. "
B4EA3A89,"Faith: Found a way in."
B4F2290A,"Faith: I’m here. There’s a console here."
B4F5FA46,"Faith: You’re scared. "
B4F988FE,"INCREASED DAMAGE for Heavy Traversal Attacks from ABOVE  Affects following attacks: • Higher ground • Overhead swings • Ziplines"
B4FB5C91,"As the first stage of the plan to break into Kingdom, your mission is to break into the offices of Silvine Systems; one of the contractors who designed the facility. A failsafe will destroy the data if the system is alerted to a security breach so you must remain undetected until the data has been retrieved. Once you have the data you can trigger any alarm systems in your escape. Once you have entered the building use the alarm system back up landline to contact Plastic for more instructions."
B4FB7D29,"Noah: Guess I shouldn’t be so surprised you got K-Sec so upset.  It is your specialty, after all."
B50AC73B,"Noah: Nice kick."
B50C0089,"Take the package to the intended destination and do it undetected. KrugerSec are on the lookout, and they can’t know this delivery is happening. And no, I won’t tell you what the package is."
B51E4095,"Noah died in your arms, a victim of REFLECTION and Gabriel Kruger’s machinations. You managed to free a high-ranking Reflection scientist named ALINE MAERA, and several other prisoners, and you should make your way back to Black November HQ where Aline is already waiting."
B51FB276,"Faith: I’m at the Big Dog."
B52962B5,"Beat ID received. Payment to be uploaded directly to account upon package retrieval."
B52C9944,"You'll be reporting to me, of course."
B53F5FA6,"UNABLE TO SAVE PLAYER PROFILE DATA. "
B5403D23,"Let go of me!"
B54C5E91,"CONTENT & UX"
B566B7B7,"RUN TO THE LAIR"
B586F186,"Plastic: OK ... I have access. Wow. Let me see ... Prisoner data ... There. Got it. And there. We’re noticed. Get out."
B58A7101,"+ Health"
B59101B1,"PLACE TAG"
B59E3D5C,"Noah: I’m just telling her to be quick, Plastic."
B59F97B3,"Nanda!"
B5A9D743,"DATABASE ARCHITECT"
B5ACD0C7,"Faith: Got it."
B5C8A47D,"Charter Hill"
B5D1478F,"QA COMPLIANCE LEAD TESTER"
B5D48F24,"PRISONER X"
B5E50539,"Complete mission BENEFACTOR"
B5EB2C3C,"Dogen: She obviously cares for others, Noah. A charming character flaw we both share. Occasionally."
B5FAAED4,"Take down all Protectors"
B60D3D04,"HUNTER DRONE - Temporary system and defence shutdown that leaves it susceptible to Heavy Traversal Attacks  TURRETS - Temporarily shuts down turret AI"
B61363DD,"LOADING RUNNER'S VISION... {0:d}%"
B61DEAAA,"Is this thing converting my voice or does it have a voice of its own? Oh. OK. Delivery assignment available."
B62FC0F0,"DASHES"
B6409F6A,"INTERVENTION"
B64951CE,"Use the D-pad to resize the user interface."
B64D9DAD,"DESIGN DIRECTOR"
B6635606,"A deep fear and hatred of OmniStat and the Party drove a nation-wide initiative to eradicate the old and rebuild anew. All memories of the OmniStat era were to be destroyed and in their place new symbols were to be erected, celebrating freedom, and the original twelve families leading the uprising. Within a decade those same families controlled almost 80% of the “free” market, and their dominance kept growing. The Cascadian Assembly struggled to create laws that would limit corporate influence. But with most assemblymen belonging to one of the families the laws remained toothless.  The families became known as the Corporate Houses, their dominance grew and eventually they became the true rulers of Cascadia in all but name, having banded together to form a joint Conglomerate. However, wise from the OmniStat era they were careful to seem inclusive to the general populace, and stories abounded about regular citizens climbing the corporate ladder to achieve the same level of affluence as the corporate house members. "
B670B02B,"MEDIUM"
B67113D8,"OPERATIONS MANAGEMENT"
B67B52AF,"Icarus: You’ll see. Quite ingenious if I say so myself."
B6869E5D,"Deliver the information to the deaddrop before the time runs out."
B68A15E8,"http://tos.ea.com/legalapp/WEBTERMS/US/en/XONE/"
B68BEB2B,"SENIOR PRODUCER"
B6909E49,"Don’t do this to me!"
B699A916,"ENEMY RETALIATION"
B69E6C4F,"TICKETS, PLEASE"
B6A9F232,"He was a farmer."
B6AB527D,"CORPORATE COMMUNICATIONS EU LEAD"
B6AF94FB,"Faith: Interesting ..."
B6CD8D2C,"Aline: Expect the control chamber to have some sort of security in place. We’ve been unable to find its parameters so you should assume the worst."
B6DDB6C9,"Automated Voice: Attention. This is a KrugerSec announcement. Following the Bauble Mall bombing a general search order is now in effect. All employs must be ready to submit to searches by KrugerSec personnel upon request. Failure to submit is considered a breach of policy."
B6DE8476,"Automated Voice: Be part of the revolution. Sign up for Reflection today."
B6E430E6,"MOVE MOUSE"
B6EDDB63,"Birdman: Thank you. See if you can find Thalia."
B6F96D89,"Zephyr Transit Hub recordings {0:d} / {1:d}"
B6FB60EC,"THE VIEW, HICASTE. POP 15000"
B6FBB315,"Plastic: I said, I’m doing my best!"
B704DDDD,"Beatrix: There’s a balcony right outside the bedroom. Plant the bug there."
B712C36B,"Plastic: Look for utility pipes and fiber cables leading further below."
B71EE4EF,"TAKEDOWN Protectors WITHOUT taking damage."
B71EFD40,"Will she hold it together?"
B72C471E,"{0:d}"
B733E43C,"I've never seen so many KrugerSec in one spot, not since the November Riots."
B7361B1C,"RUNNER KITS AVAILABLE"
B7423311,"Faith: Cat! Stop!"
B748CC6A,"Deliver the package on time!  The countdown starts when you leave the start area."
B750A5CA,"Noah: We need to be watchful for that special unit in the future. Seems they’ve improved their combat training."
B7605D01,"RALT"
B760BA2E,"RIGHT WIN"
B7889A45,"IMPACT - HIGHGROUND"
B799B6B9,"EA GLOBAL PRODUCT LIFECYCLE MANAGEMENT"
B79CF3E3,"MAGROPE TUTORIAL"
B7AF32FC,"DIRECTOR OF PHOTOGRAPHY"
B7B5445C,"LOCALIZATION DIRECTOR"
B7B56264,"ROMANIA TEST TEAM"
B7BCDAAB,"STAY OUT OF SIGHT"
B7C0F8F4,"RESOLUTION SCALE"
B7C79CE6,"MANAGER, VOICE OVER SERVICES"
B7CE6C01,"I will make you pay for what you've done. To us. To me."
B7E29D9B,"I've missed you."
B7F598BD,"CANCEL"
B7F659A9,"{0:d}x{1:d}@{2:f.2}Hz"
B7FBDCF6,"Icarus: Jump to it!"
B829DD02,"doubt what we’re doing. Is it worth it? Really?"
B82E9675,"PRODUCTION ARTIST"
B82EAD6F,"LIGHTING ARTISTS"
B8308923,"Icarus: Now they know you're gone. Time to get off the ground."
B8381E59,"Faith: On my way."
B8432A08,"Noah: Knowing Dogen, I think you should make a deal before taking the blueprint to him. Plastic might as well keep it for now."
B8688C7E,"LOADING COMMUNICATIONS... {0:d}%"
B86E4D36,"Plastic: Jump across!"
B8776432,"Nomad: Maybe some day you can teach me how to fight too, and I’ll do this myself."
B8778171,"Delivery failed. Abort. I’ll talk to Dogen ..."
B884009D,"The situation? You amuse me."
B88549A3,"NARROW"
B8855AE8,"EA LEGAL BUSINESS AFFAIRS"
B8865261,"ADDITIONAL DESIGNER"
B88EAC11,"Plastic: Oh ..."
B8A5C77E,"MOVE SLOW"
B8B3E141,"Beatrix: And you, Plastic, this means the world to me."
B8B747EE,"Delivery failed. That’s another promising career down the drain."
B8B87EA7,"The growing affluence of the increasingly complacent midCaste was completely dependent on the loCaste, whose access to health-care, schooling and other services was severely limited, bordering on non-existent. Many were forced to live in the Greylands where the corporations ran their enormous factories, food domes and mines and life there was short and hard. Work-place accident were common, as were cancers and other sicknesses caused by the toxic Greyland conditions.  Tensions grew and movements formed and fell apart – until one of them, based on pacifistic ideals, took root and grew steadily. It found its strongest support in Glass where it had also been founded by Martin Connors, a charismatic and popular musician.  Things were brought to a head on a chilly November day when the largest demonstration to date was held. Thousands marched to the Zephyr Transit Hub where they gathered to listen to speeches and political songs. But something went terribly wrong, shots were fired, and within moments the peaceful gathering had turned into a rioting stampede. Hundreds were killed and thousands wounded. For three days the riots raged unabated and Glass burned. Martin and Erika Connors and their daughter Caitlyn were among those killed."
B8BD76B1,"REMOVE WAYPOINT"
B8D18A77,"Off we go, leech."
B8DA58B2,"VIVE LA RESISTANCE "
B9000085,"{0:s} FOUND YOUR BEAT L.E. {1:s}."
B9041A1F,"INCREASED DAMAGE for Light Traversal Attacks  from ABOVE  Affects following attacks: • Higher ground • Overhead swings • Ziplines"
B9112504,"Purchase “BEAT MAP” in the GEAR category now."
B913D1DF,"JUNIOR PRODUCT MANAGER RUSSIA"
B9165369,"Sender expresses displeasure at failed delivery. No payment. Have a nice day."
B922FDE9,"BRAND VOICE LEAD"
B9253792,"Welcome to Elysium. Better health. Better performance. Better living."
B9253793,"Elysiumannouncer: Welcome to Elysium. Unlocking the mysteries of life."
B9253794,"At Elyisium we put you first. Your health is our business."
B9253795,"Elysium is here for you. A healthy employ is a productive employ."
B9253796,"Increase your performance today. Get your enhancers at Elysium."
B9253797,"Elysium corp. Your health is our business."
B9298285,"And a lot of tunnels. How big is this complex, really?"
B92CA13B,"Faith: Word gets around."
B92D2455,"Do you have those herbs?"
B939A9C4,"Aline: To incite emotion. Or any reaction, really."
B93B024D,"Plastic: That’s it! She did it! You did it Faith! The virus is propagating now. I’m shutting down the interference field."
B93BAF55,"And she's bringing it to the rally, ""just in case""."
B9463DE4,"PRODUCTION BABIES"
B9476B77,"Automated Voice: Attention! OmniStat refugees have been sighted in Cascadia. All interaction with them must be reported to KrugerSec without fail. This is for your protection as well as theirs."
B949E0F7,"EA STUDIOS EUROPE"
B94CA36B,"Noah: I could see it was foreign, but OmniStat? Must be something big for them to send agents all the way here to Glass."
B95DB521,"Aline: Just hang on!"
B96E47B2,"Automated Voice: Attention! The future is bright in the City of Glass."
B9772C01,"BRAND ASSET PRODUCER"
B994997E,"DIALOGUE WRITER & DIRECTOR"
B9A5CE6B,"Noah: Oh, I moved the cabal while you were away. You’ll find us in the Zephyr Transit Hub."
B9A61EC0,"What are you implying?"
B9B17A58,"SENIOR MANAGER PLANNING & RELEASE"
B9B37238,"STUDIO LEADS"
B9B78ECB,"If anybody at Elysium labs finds out that I stole this prototype, my career will be over. But it's worth it. The outCaste are dying in the Greylands and this regenerative formula will help. "
B9BF300E,"Can't use FAST TRAVEL while playing social content"
B9C90D69,"Plastic: The next part is quite damaged as well from what I can see. You’ll need to use your Cyclone glove there too."
B9C9EB51,"{0:input}(RIGHT)+{1:input}"
B9EC8C27,"HACK SCREEN"
B9EF0A04,"OK GOT IT"
B9F9188D,"Zephyr Transit Hub gridLeaks {0:d} / {1:d}"
BA1523B9,"Vtol: This is vTol 8-2. The subject has exited the building. Repeat, the subject has left the building."
BA17CE25,"Increase DISRUPTION RANGE  Decreased CHARGE REQUIREMENT  Earn charges FASTER and DISRUPT targets from a GREATER DISTANCE"
BA180E59,"EXCERPT FROM “A VISITOR’S GUIDE TO GLASS”:  It was decided early on that the refurbishing of Downtown should respect the atmosphere of the old city center. This has led to the district having an above average building density and narrower streets which, for the most part, have been allowed to retain their original layout. The result is a humble nod to the bygone days of yore, which still allows Downtown to stand as the proud modernized center of Glass.  Here you’ll find a slew of fashionable boutiques and it is not uncommon for the privileged denizens of Sky City to come to Downtown looking for that little extra something not available in their own district. And with the constant rise and fall of the latest food trends you might very well find yourself having dinner next to a young couple hailing from the Corporate Houses.   AREAS OF NOTE:  Zephyr Station  Triumvirate Drive  Concord Plaza  Centurian Yards  Charter Hill"
BA1A4C5F,"Nanda: They are on to me. Must change location. Dogen, if you find this know that I’m still alive, but I don’t know for how much longer. She will not suffer me to live, knowing what I know now.I am aware that you have been looking for me, and two years ago you came close, but I stayed hidden out of fear for what you have become, of what you were turning into already when I left. Now it seems I have no other choice but to face the man you’ve grown into.I have another hiding place where the hiCaste practice their hedonism, near the tower of Babel. Follow the mechanical breaths of the city. Deep in the industrial lungs you’ll find me."
BA2BE7F8,"No, no, no. Sergeant. No, don't be silly! No! I mean, what use is this gold to him?"
BA2C56D7,"In addition to information that you give EA directly, EA collects certain information for purposes of improving our products and services, providing services to you, facilitating the provision of software updates, dynamically served content and product support, communicating with you as well as enhancing your experience when using EA products and services. This data will not be shared with any third party in a way that can identify you. When you disable usage data sharing, in addition to anonymous data, EA will continue collecting data reasonably necessary to operate the products and services."
BA3E5B7B,"Plastic: Faith. Can you expand my metaGrid access where you are? "
BA3FD18B,"SENIOR PRODUCT MANAGER JAPAN"
BA4043D7,"DURING A CITY ALERT - {0:input} WHEN BATTERY IS CHARGED  Upgrade to the DISRUPTOR. Force any personnel to lose track of Faith. Does not work if there is a direct line of sight."
BA470486,"Kuma: Tencile Property testing initiated."
BA4A2621,"Venture into this security systems and disable their heart to get access to FAST TRAVEL via SAFE HOUSES."
BA520A30,"Focus shield upgrade"
BA58A02E,"Light anti-trauma undershirt. Cheap and better than nothing."
BA59FDC9,"Plastic: To access prisoner data you have to connect to the main server stack in the Big Dog."
BA6503E5,"Ah, it hurts ..."
BA6503E6,"I'm sorry. "
BA6503E7,"In a few rare cases, the gestation process can be a bit uncomfortable."
BA6503E8,"It's like inside of my spine is itching."
BA6503E9,"An itch doesn't hurt!"
BA6503EA,"No!"
BA6503EB,"I have the gridPrint."
BA6503EC,"Give it to me!"
BA6503ED,"Faith, we need to merge Kruger’s gridPrint with the nanite shutdown protocol"
BA650405,"before the Shard collapses."
BA650406,"Why does it matter if the Shard collapses?"
BA650407,"Because Faith has to go up there and insert the virus."
BA650408,"Oh ... Hey, how are you holding up? "
BA650409,"It burns. "
BA65040A,"Seriously?"
BA65040B,"Wow, the gridPrint really gives us access everywhere. What do you want? "
BA65040C,"Known OmniStat operatives? KrugerDef exotic weapons?"
BA65040D,"Project ""Ares"" ..."
BA65040E,"Reflection first. Focus."
BA650426,"Kuma!"
BA650427,"It shouldn’t be long. We’ll contact you when the virus is ready."
BA650428,"Kuma help. Induce comparative pain."
BA650429,"False statement. No combustion detected."
BA65042A,"Faith. It’ll be soon."
BA6C1715,"Guard: I did. You were supposed to be on your way to foodDome Epsilon three days ago. Subdue him."
BA7936E5,"Nomad: You should find a safe house Faith! Quickly. K-Sec aren't going to stop."
BA92972E,"Movement: WALLRUN to JUMP to CLIMB"
BA9852A9,"Noah: Dogen “acquired” a restaurant while you were gone. GastroFusion. It’s said he spends most of his time there these days. Supposedly it’s all the rage with the hiCaste."
BAB461AB,"DICE STUDIO ANALYTICS"
BABF8807,"INTEGRATED COMMUNICATIONS"
BAC5A49D,"Faith: I’m at the top. Where’s the damper tuner thing?"
BACB2211,"Plastic: Can I keep the Reflection blueprint? It’s beautiful! There’s so much interesting stuff in it."
BACE7B90,"SKILL MOVES: {0:d}"
BAD4D57B,"Faith: I’m there."
BADBA546,"Dogen: Kruger is heavily invested in Reflection, together with Silvine and Elysium. Of course wherever there’s intrigue you’d find the Malus twins."
BAE65C0A,"Dogen: Faith and I have an ongoing business agreement. The conditions have changed over time, as have the goals, but isn’t that the case with all relationships?"
BAEDBA73,"WEB FAVORITES"
BAF20433,"Faith: Yeah, thanks for looking after my stuff."
BB06F473,"+ Main Mission: Thy Kingdom Come + Side Mission: Finger on the Pulse + GridNode: The View + Security Hub + Covert Deliveries + Dead Drop Deliveries + Diversion"
BB0DA748,"Among the general populace, and especially the midCaste, there was an outrage at the protesters and the damage and deaths they had caused. The Conglomerate made sure to also point to the weak Assembly and their ineptness in handling the volatile situation. Laws were passed forbidding large gatherings and protests, further strengthening the Conglomerate.   The measures taken by the Assembly proved to be too little, too late though, and when the Conglomerate declared the Assembly unfit to rule the nation, only a vocal minority opposed it. Those who did soon disappeared and so the Conglomerate came to rule Cascadia. Glass was chosen to become a symbol of Conglomerate greatness. The refurbishing was accelerated and immense resources spent on making Glass a pristine bastion of Conglomerate power, trumped only by Cascadia Prime, the Capital, where the Conglomerate Board resides. "
BB0EE92F,"{0:s} CREATED A TIME TRIAL"
BB1380B7,"Plastic: I can’t get it. He must keep it on a separate network."
BB1AFBC0,"Rebecca: According to Isabel, the Families only wants the best for us all, and that is to be achieved through personal achievement."
BB23A2E8,"Fire in sections H and C. Suppression system not functional."
BB27EF7F,"CONTENT UX"
BB2F02F6,"You heard briefly from Icarus who seems to be trapped somewhere nearby. Contact is sketchy and you need to get closer to find out what happened."
BB2F804F,"+ Billboard Hacks + Dashes"
BB424FC1,"Icarus: Figured I’d drop in on the party. Glad to see you’re doing good. I can’t wait to get Reflection out of my body."
BB544374,"One of the few independents before the foodDomes swallowed everything. Had quite a sizeable place too."
BB6040CB,"SENIOR COORDINATOR"
BB611266,"Skill roll boost"
BB666572,"ONLINE TEST GROUP-QA PROJECT LEAD"
BB6F2CC1,"Icarus: About a year ago."
BB797C02,"Don't get on that bus. Follow me!"
BB7E0E09,"What you gonna sip your double expresso 'til that stubborn little poop comes out, just waiting until saint Peter taps you on the shoulder… I don't thinks so Sarge, that's not the Sarge I know."
BB8929EE,"Nomad: They might have beefed up security some around the antennas. Just so you know."
BBA2888B,"Rewarded for completing Blood is thicker than everything"
BBA7F28D,"HALFTONE ORANGE"
BBABC216,"OK, girls. Wait for us outside. Me and daddy are coming in a minute."
BBAD3A47,"{1:input} + {0:input} Your momentum becomes a tool against your enemies. Bash them into objects to render them vulnerable to attack, or even each other, knocking them out of the way."
BBAFC67D,"PICK UP PACKAGE"
BBB348EC,"I’m doing my best to ingratiate myself with my section lead. "
BBC33C92,"So, there’s a fighter in you after all. "
BBC33C93,"I was afraid you'd chosen the path of your parents. "
BBC33C94,"Don’t get me wrong, they meant well. "
BBC33C95,"It’s just that the world wasn’t ready for their ideals. And still isn’t."
BBC33C96,"I wanna talk to her."
BBC33C97,"I expected you would. We grabbed quite a prize ..."
BBC33C98,"What do you mean?"
BBC33C99,"It’s all over the news. That’s Isabel Kruger. Gabriel Kruger’s daughter ..."
BBC447DA,"Icarus: Or that. Though I’d prefer my suggestion. Please?"
BBD55513,"Come to “interrogate” me some more?"
BBD55514,"She put four of my people in the infirmary. We know who you are!"
BBD55515,"Then I suggest you let me go."
BBD55516,"Maybe ... "
BBD55517,"Alive or dead depends upon what your father offers in return."
BBD55518,"I can't imagine Kruger caring for anyone."
BBD55519,"You were at Elysium."
BBD5551A,"And you murdered my friends!"
BBD5551B,"They were leeches. You all are!"
BBD55533,"And you're just a tool. A broken one."
BBD55534,"I've seen enough. "
BBD55535,"We'll let her stew for a while. And you and I should talk later, Faith."
BBFAF70C,"Noah: Now come on home, kiddo."
BC02B399,"Faith: What a ride!"
BC0E4A7B,"QUALITY ASSURANCE TESTER"
BC2F93BB,"Faith: That’s it. All done. "
BC307F16,"SWEET JUSTICE"
BC3782F2,"She told me I shouldn't even be there. Because I was ""just a kid""."
BC3D21EB,"VEHICLES & PHYSICS ENGINEER"
BC456D5B,"CHANNEL CONFIGURATION"
BC57D1B6,"Plastic: I would prefer if you didn’t."
BC5CB865,"Plastic: That’s stupid. There has to be another way."
BC697BB5,"Rewarded for collecting 30 secret bags"
BC6A4C5A,"Vtol: VTol 8-2 here. We have sighted a second runner. Pursuing now."
BC6C63B8,"Faith: Alright, I’m at the antenna, Nomad. Now if I just rip this out ..."
BC6EE5B7,"HALFTONE TEAL"
BC88BC06,"Faith: Another runner was here."
BC9B1A63,"SENIOR DIRECTOR GLOBAL LIFECYCLE MARKETING"
BCC53090,"Beat L.E. #{0:d}"
BCC75F15,"Noah: Faith? There’s a lot of KrugerSec chatter about some female runner they need to subdue. What are you up to?"
BCC816DE,"Nomad: Looks like you’re clear. Did I say it’s good to have you back, Faith? Talk more later!"
BCD27D91,"Dogen: What about them?"
BCDB7533,"Thanks. I take it you weren’t seen? This will make a difference to the effort."
BCDD32FA,"THE CAPTURE LAB"
BCE06C05,"REBECCA THANE"
BCE9DF59,"Icarus: And be careful. Those things are programmed to kill."
BCED7B4A,"Noah: Imagine the crime czar of Glass as a cook ... I’d be careful about eating his food."
BCEEE729,"{0:input}(HOLD) TO ACTIVATE"
BCF39AAE,"PICK UP THE MAG UPGRADE"
BCFAC892,"And what is this ""Connors Algorithm"", really?"
BD0812A1,"I don't understand. It all smells of the kind of thing Noah would never touch."
BD1278ED,"Icarus: I’ll just wait here, then. Seeing as there’s not much else I can do."
BD272598,"Cancel Time Trial creation and discard changes?"
BD3191E1,"EULA"
BD3363A2,"VICE PRESIDENT CORPORATE COMMUNICATIONS"
BD34E7C2,"I call him Gabe and he calls me George Gordon."
BD37B576,"Thank you. He was planning some special dinner and had these sent for all the way from Cascadia Prime. And of course he refuses to deal through normal channels. Anyway, I’m sure someone will get a good meal now."
BD486460,"Icarus."
BD57B7EF,"Please select a profile with an active EA Access subscription."
BD5F50B5,"COMMUNICATIONS MANAGER GSA"
BD5F753C,"COMMUNICATIONS MANAGER PEM"
BD5F8B43,"COMMUNICATIONS MANAGER UKI"
BD75FC05,"Thank you, Faith. We should get the hell out of here. I've seen several KrugerSec around. They look like they are searching for something."
BD801D81,"Icarus: Almost there."
BD8B902A,"SOURCE SOUND INC."
BDA0BC67,"If she's so fast, how come she got caught in the first place?"
BDAA8AC9,"PERMANENTLY DELETE"
BDAF99CA,"Rebecca: Faith, Icarus - what’s your status?"
BDB9363A,"SOUND DESIGNERS"
BDB9C53B,"{0:input} + {1:input}"
BDC3645B,"Maximizes the time the flow state lasts after completing a flow move."
BDC5B907,"AN EAR TO THE GROUND"
BDC60FEF,"Aline: See if you can find another route in the meantime."
BDC642EA,"GLOBAL PRODUCT MARKETING"
BDD4DF84,"Birdman: Well I owe them thanks regardless. And you, Faith. Thank you. Now I need to train two new birds ..."
BDD99D0D,"RUNNER RANK"
BDE76821,"LOCALIZATION VOICE TALENT RUSSIAN"
BDE91D6C,"Is there a quick reference so I can get up to speed?"
BDEB0AFD,"As it turns out, the AllCom run wasn’t enough. Plastic will need the full power of a GRIDNODE in order to find out what’s on that drive. The gridNodes are gigantic data nexuses spread out across the city, essential parts of THE GRID, and hacking into them is a daunting prospect. But if you’re successful there might also be valuable information made available to your beatLink."
BDF6F4AD,"Noah: Yeah, I can’t imagine Gabriel Kruger being happy to find OmniStat agents smack in the middle of his little kingdom."
BE016568,"PRODUCTION ARTISTS"
BE0203CA,"Icarus: What about Kruger?"
BE05ADC7,"LOCKED: {0:s}"
BE15A700,"HEAD OF DEVELOPMENT"
BE2057EC,"EVENTS & MEDIA"
BE7862ED,"VICE PRESIDENT MARKETING"
BE7B1CD2,"You must be Faith. Do you have the chips?"
BE7BDF62,"JANITORS"
BE7FBFD9,"Faith: Sure. But let's keep Noah out of this, OK?"
BE885CB5,"BALANCE & FREE HANG"
BE89462B,"Icarus: Me too."
BE8C982D,"Incompatible client version. Social features will be unavailable."
BE8CCE7B,"Faith: Yeah. Here goes."
BE97D89C,"HEAD OF MARKETING POLAND"
BE98896C,"PRODUCTION AND TECHNOLOGY"
BE98C586,"No."
BE9AB74B,"Now tell me what he said."
BEBF74FB,"Vtol: VTol 6-5. We are in pursuit of a female runner."
BEC8DE9B,"They’ll want scrip."
BEE64B93,"Plastic: I hope she’s OK."
BF0BE174,"GO TO CHALLENGE"
BF16DF30,"I’m saying “when” because it’s only a question of time. I have ... someone, "
BF1A59B9,"SELECT OK WITHIN {0:d}s TO ACCEPT, OTHERWISE THE SETTINGS WILL BE REVERTED TO DEFAULT"
BF347EC6,"Plastic: I’ve been meaning to hook up to one for a while, but I couldn’t figure out how to do it without going inside."
BF3B8F95,"OUT IN THE OPEN"
BF3B8F96,"UNDER CONSTRUCTION"
BF3B8F97,"REZONING DASH"
BF42A3EB,"Noah: Rumor has it he’s got most of the families eating out of his hand by now. Pirandello, Kaneda, Pope, even Lupain-Tanner."
BF4EB429,"ENGINEER MARKETING INFRASTRUCTURE OPERATIONS"
BF4F6375,"Icarus: Plastic, are you omnipotent?"
BF7328BC,"Plastic: Damn it! They’re going to the wrong coordinates! Idiots! Go after it, Faith!"
BF7643CA,"Supplies delivered. We’re extracting."
BF7BB9F8,"Noah: You ran for Dogen!? I don’t know you anymore! Don’t bother coming back!"
BF7F8D3D,"WALL CLIMB"
BF889F2A,"Heyy!"
BF977651,"DOGEN'S LATEST THING"
BF9D845E,"SENIOR LEGAL APPROVALS ASSOCIATE"
BFAF75EE,"That’s more than enough. I’m gonna check on Avani. Let me know when the supplies are done."
BFBD53D7,"Dogen: Faith. While we await our settlement I have another task for you. One that pays."
BFBDEAF8,"Noah: Good to see you still got it, Faith. I guess you’re ready for some real running. Come meet me back at the Lair when you’re ready."
BFD4CFF4,"Noah: They were gonna send you to a Greyland foodDome, Faith. We had to get you now. Cutting your gridLink makes you a fugitive, but we planned for this."
BFD71077,"I'm more concerned about her new friends. "
BFDB7280,"DISRUPTOR"
BFE2FB9C,"Unable to connect to the EA servers as Origin is Offline or you have no internet connection. Please set Origin to Online mode or verify your internet connection and try again."
BFE9688A,"GRIDNODE: REZONING"
BFFD63B2,"Where is she? Answer me!"
BFFD63B3,"Kruger ... I understand your frustration, I ..."
BFFD63B4,"I really do ... Faith ... Faith does that to people ... "
BFFD63B5,"That’s why I love her ..."
BFFD63B6,"Where is the blueprint?"
BFFD63B7,"... and why you can go screw yourself."
BFFD63B8,"He's not responding to the stimuli."
BFFD63B9,"Yes, on ... On a base level he is aware that the emotions are false. "
BFFD63BA,"If he had been a regular employ ..."
BFFD63D2,"Then he is of no further use to us. Activate the termination protocol. "
BFFD63D3,"We’re scuttling the facility."
BFFD63D4,"Sir ..."
BFFD63D5,"Do it!"
BFFD63D6,"No! Shut it off!"
BFFD63D7,"Come on. I’ll get you out of here!"
BFFD63D8,"No! No, no, no, no, no!"
BFFD63D9,"Don’t do this! I’m here! I came for you!"
BFFE00AB,"Aline: There are still no signs of a general evacuation. "
C00BAE6D,"Nomad doesn't know when he was born, nor does he care. He has concocted a story for himself that his dad left before he was born and that his mother, of whom he has no recollection, took care of him alone during his toddler years but was then killed in the November Riots. He has vague memories of other adults, of running away and being brought back, but whether by the authorities or someone else he can’t recall. All he knows is that by the time he saw other kids going to school he was already living on the streets, hustling his way among the outCaste of Glass.  An avid graffiti artist, Nomad’s profound hatred of the Conglomerate form a common theme for his works.  In addition to his painting he has also found a way to hack into and subvert the giant advertisement projections to show the true nature of the Conglomerate - but for these endeavors he usually needs Faith's help.  He met her for the first time almost ten years ago, and though he would never admit it openly he has more or less adopted her to be the big sister he never had. True to his name he has never settled and is always a little restless. With his roaming nature taking him to both the high and the low places of Glass he knows much about where to go and who to talk to, and though he’s not a runner himself he fits well into their extended community."
C00F7C33,"He's dead. Kruger did this."
C00F7C34,"And he'll be able to do it to anyone injected with Reflection. "
C00F7C35,"Including me. Unless he's stopped. "
C00F7C36,"We're leaving for the Black November base. Come with us!"
C00F7C37,"Go!"
C00F7C38,"No! No, you come with--"
C00F7C39,"I'll keep them busy!"
C01D63D4,"Gabriel Kruger is a direct descendant of Dieter Kruger – leader of the Kruger Uprising that began the path to Cascadia’s formation. But though he has inherited his ancestor’s zeal and vast intellectual capacity it hasn’t come with the basic faith in humanity that Dieter exhibited. Gabriel is convinced that what he’s doing is for the best of the Conglomerate, Cascadia and its inhabitants, and he is well aware that some hard sacrifices are needed to ensure that the Conglomerate rules supreme, and that House Kruger rules the Conglomerate.  His son, a regular police officer, was killed in the initial outbreak of the November Riots. Gabriel learned of the death only moments after it happened and his deep contempt for the protesters and their naïve ideals turned into a bitter hatred. He has since spent his life advancing KrugerSec and finalizing the Reflection project of which he is one of the founders. He has also taken great pains to raise his daughter Isabel to one day assume the heavy mantle of leadership, and in so far as he is able to love anyone, it would be her."
C01F3572,"CONSTRUCTION"
C02194B4,"Faith?"
C02194B5,"Come on!"
C02A803C,"Am I paranoid, or are they really after me? People at work are giving me stares, and my boss is asking me the strangest questions. I'm sure he knows something. "
C02B8F8E,"We’re gonna mess you up, leech."
C02D07AE,"Faith: Oh. OK ..."
C043D6A5,"and it's not pretty."
C04522D1,"Faith: And by “someone” you mean me."
C047272E,"Mr. Kruger, I was promised full oversight, and from what I can see their research pertains to what we do here."
C04CED7A,"SKILL MANTLE"
C05BF2F9,"DUCK / SLIDE / DOWN"
C05C9D73,"Failed to connect to EA Online. Social features will be unavailable. Please try again."
C0645164,"Ah, that lowers that right away"
C06D9278,"Clear enemies from the area"
C0749DC0,"Intruder alert. Security protocols in effect."
C07944CE,"Icarus: I think the current is messing with the Beat somehow. First time that’s happened. No access or long-range comms."
C09D3498,"Get the rope."
C0A01498,"http://privacy.ea.com/en"
C0A1F6D6,"MAGROPE PULL-UP"
C0A4B0D5,"Rebecca: Now come back here. We got a new mission in the works I think you want to be a part of."
C0AAD056,"DEVELOPMENT DIRECTOR"
C0C153F4,"Go on."
C0C9027D,"You’re a runner, right?"
C0CD02B6,"DIVISON"
C0D7552C,"So I record this in case the delivery is successful. What if it’s not successful? There’s a lot riding on this package. Anyway. Delivery confirmed, I guess. Scrip transfer happens automatically, I think. What? I don’t--"
C0D9157D,"MARKETING INFRASTRUCTURE OPERATIONS"
C10B7DEB,"Automated Voice: Intrusion detected. Enabling protection protocol."
C1149D9C,"Vtol: VTol 6-5. We are pursuing the female runner."
C1307758,"Faith: (scared emote 2)"
C13D274A,"Nomad: Guess he called his friends. Better stay out of sight for a while, Faith."
C13E8D4F,"Go talk to Birdman"
C13E8D50,"Deliver the package"
C13E8D51,"Reach the dead drop without losing FOCUS"
C13E8D52,"Take the zipline"
C1424697,"Package received. And the herbs are still fresh. Thank you. Someone has a nice meal to look forward to."
C1429601,"Is it from her? She said she would send me something. Damn it, I want to be with her. We should get out of this damn fight ... But that’s not your concern, is it? Thanks for this."
C14F6E58,"No use in continuing. Abort delivery."
C15ED77E,"Icarus: I’m off. Got one chasing me."
C1706E82,"SENIOR DIRECTOR, WWQA"
C171B057,"Noah: You’ve barely been out a day and already you’re getting into scraps ... But I guess you had a reason."
C18BA686,"Glass"
C197214B,"Automated Voice: Attention. This is a KrugerSec announcement. A general curfew is now in effect between 2000 and 0600 hours. Breaking curfew is considered a breach of policy."
C197EEF8,"Automated Voice: Worried about having your gridPrint stolen? Worry no more. Sign up for Reflection today."
C19A2303,"Faith: Wow. You really are the ghost in the machine, Plastic ..."
C1AB9896,"Nomad: That's it. You need to get the hell out of there, Faith. Find a safe house or run out of scanning range!"
C1AF4C0C,"Faith: Noah?"
C1BA4498,"GEAR"
C1D77BFB,"Aline: Most employs don’t know it, but fresh water is fast becoming a valued commodity in Cascadia."
C1D8E9B9,"FRONTEND LEAD ENGINEER"
C1DFC083,"BUY"
C1E74FCC,"Zephyr Transit Hub"
C200C0FD,"Plastic sent another runner to expand her METAGRID access and now that runner seems to be in trouble, TRAPPED and surrounded by KrugerSec forces.  Locate the runner and help her escape."
C2011F77,"Nomad: Much as I like hanging out, Faith I’m thinking we should get this done."
C2034E56,"ANCHOR, MID- & HICASTE. POP 40500"
C2044685,"GROUP HEAD OF TECHNOLOGY"
C229F895,"Noah: Follow the runner echo through the warehouse. Icarus will meet up with you on the other side. By then you should be in the clear."
C22EA038,"LOCALIZATION PORTFOLIO MANAGER"
C24FBEA2,"PLUS"
C25019ED,"IN-GAME ADVERTISEMENT AND ADDITIONAL SOUND DESIGN"
C26A4638,"COMBAT SCORE"
C2838DA5,"Rebecca: I had Tristan get you an upgrade for your MAG. It’s on the table. You’ll need it to get around."
C2941885,"Plastic: Oh. Wait ..."
C2BC6D5A,"RUNNER KIT DROPPED"
C2C6B2B5,"INCREASED DAMAGE TO PROTECTORS  CLASS • Melee: Baton  STRENGTH • Blocks repeated {0:input} Light Attacks • Retaliates against repeated {1:input} Heavy Attacks  MINOR WEAKNESS • Susceptible to Stun • Combat Shift  MAJOR WEAKNESS • Traversal Attacks  Tougher and better trained than a Guardian, they will anticipate and react to repeated attacks."
C2D4BF94,"BUSINESS PLANNING MANAGER"
C2EE5112,"TEXTURE QUALITY"
C2F734BC,"TRIUMVIRATE DRIVE"
C2F9C3E0,"SECURITY"
C303BDC7,"The media will paint me in the darkest of light, and all of it will reflect on you. "
C30FF6BC,"You have placed the maximum allowed number of checkpoints."
C31B3A2C,"Avoid fall damage and build speed by pressing LT just before hitting the floor."
C326484E,"DICE MARKETING"
C3363E2A,"SENIOR CLOUD ENGINEER"
C338C485,"You have placed {0:d} out of {1:d} allowed checkpoints."
C33B2684,"Ready for take-off."
C3412E45,"Tap all the dataPoints before the time is up"
C3412E46,"Tap the second group of dataPoints before the time is up"
C3412E47,"Tap the third group of dataPoints before the time is up"
C345AA1C,"For my part, I'll happily leave Glass behind and take my place in the family throne room. When the time comes. My time. My moment."
C34EA990,"Thank you, runner. The posted sum has been transferred to you."
C35E5BAF,"EA GLOBAL MARKETING"
C35FC306,"Investigate the area on the map for the first clue "
C35FC307,"Found the first clue"
C35FC327,"Investigate the area on the map for the second clue"
C35FC328,"Found the second clue"
C35FC348,"Investigate the area on the map for the last clue"
C35FC349,"Found the last clue. Dogen needs time to put the peices together and will let you know what he finds"
C3612D7C,"AT A GLANCE:  MMG is the premier news and entertainment provider in Cascadia, controlling all major news outlets, sports arenas and production companies. They are experts at propaganda, manipulation and public pacification, and the other corporations utilize their talent and know-how in their messaging to the public.  CURRENT CHAIRMAN: Paola Lupain-Tanner TOTAL MARKET SHARE: 7% NUMBER OF EMPLOYS: 295 714 as of FY48 MAIN OWNERS: House Lupain-Tanner CORPORATE SLOGAN: “Come Dream with Us” MAIN SUBSIDIARIES: The Cascadia News Consortium (CNC), Lupain Entertainment, MMG Sports FOUNDED: FY18"
C3678BFD,"The Shard gridLeaks {0:d} / {1:d}"
C3709ECF,"Plastic: OK. It seems you’re in the clear. For now."
C3798BA9,"ANISOTROPIC FILTER"
C37B30E3,"Centurian Yards gridLeaks {0:d} / {1:d}"
C3A8F73D,"HEAD OF PRODUCT MARKETING NORDIC"
C3D22346,"Noah: There’s also one of those new KrugerSec posts in your area, Faith. Just so you know."
C3D96CA1,"Find every secret bag hidden in Glass"
C3DED6A3,"P.I. Connors"
C3DFED19,"Faith: What the hell was that? He was fast."
C3E28420,"THE HEART OF A FIGHTER"
C3ECF52D,"Noah: No. Exclusivity is key here. If Dogen even suspects there’s another copy it won’t be worth anything to him."
C400D5F9,"Automated Voice: Attention! Breach of Conglomerate policy could result in deportation to a Greyland facility. Keep yourself safe. Keep our city safe."
C4067004,"THE SCIENTIFIC PRINCIPLE"
C40CEA9D,"Noah: What? We should abort the run."
C411A5FF,"Icarus: Yeah! Well done! Head for the roof - I got a ride waiting for you."
C41C76A1,"BOOKMARKS"
C41FB82F,"PICK UP DOCUMENT"
C427B234,"Automated Voice: Attention! The Conglomerate cares about you. Policy exists to see to your needs."
C432460A,"Dogen: Faith. It’s time you paid me a visit, don’t you think? We have much to discuss. And please accept my condolences regarding Noah. He was a worthy man."
C433773D,"Johanna Kruger, CEO of Kruger Holding "
C433773E,"today announced the successor to Gabriel Kruger, "
C433773F,"head of KrugerSec and missing since the terrible events in Glass recently."
C4337740,"Kruger will be superceded by his daughter Isabel who, "
C4337741,"while still mourning her father--"
C4337742,"Well, I have to go. Your sister is the new head of KrugerSec ..."
C4337743,"Interesting ... Plastic made a breakthrough with Kuma. I'm off."
C4337744,"... to apologize to all employs of Cascadia "
C4337745,"for the failed Reflection launch, and promised"
C433775D,"a full investigation into what happened. Millions of employs--"
C433775E,"I am sure glad to be rid of that crap. "
C433775F,"That's one I owe you forever, Faith. So, what are you gonna do next?"
C4337760,"I’m gonna run."
C43E5508,"PATHS DIVERGED"
C43E96AA,"Wow, I didn’t think he’d do this. He knows how much I love to play, but Rebecca sort of frowns on these kinds of things. Thank you for helping out."
C440E498,"Rebecca: You’re aborting? I guess those sentry drones will have to wait then."
C441AA75,"and the gold has been hidden here, for spies and other vermin, "
C445B936,"{0:d} / {1:d}"
C44B4F91,"FEATURE CREEP"
C4572DD7,"To set RUNNER VISION {1:input} right click on mission icon to place waypoint."
C45A6B86,"GAMES USER RESEARCHER"
C45D624C,"A triangle effect with normal (red) colors"
C45E3B99,"Icarus: They’re KrugerSec. Isn’t that reason enough?"
C462CC4E,"Triangle Effect"
C4648143,"Icarus: From the info I got there are two control terminals along your route Faith. First one should be marked on your Beat."
C4683C3A,"Noah: Always. Maybe you’ll even win some day."
C468C869,"The controller has been disconnected."
C4697A25,"FACIAL ANIMATORS"
C4869FA4,"Packaged destination registered. Payment pending."
C488C35D,"That’s it, isn’t it? I bet the fool doesn’t even understand what he just did. I’ll squeeze him dry. Oh, and your compensation has been transferred."
C49D15F4,"THE METAGRID"
C4C39D87,"DEVELOPMENT ZONE G"
C4CBCB0C,"NETWORK ENGINEERING"
C4CDC71A,"GRIDNODE: DOWNTOWN"
C4D12FA7,"Both enemies receive damage when KNOCKED into each other"
C4D78422,"Aline: That’s very good to hear. Bring the gridPrint here. We’ll wrap the Reflection virus in it and then we should be good to go."
C4E22E1D,"Plastic: Don’t worry. You’re shielded by their interference field."
C4F5C175,"Icarus: We really should get off the ground, Faith."
C4F6BBE6,"This package must be handled with care. The contents are fragile. Deliver it without breaking the vial and you will be well rewarded."
C4FA1526,"SYSTEMS ARCHITECT"
C5019763,"See, our gridAccess is glitching, and I’m sure it’s because of the bird nest on that antenna up there. I’ve called AllCom but their customer service is abysmal. Can you clear it for me? I’ll make it worth your while."
C506B058,"OK. We can do this the easy way, or--"
C5095D9E,"Security Hub Cleared"
C50F2FFB,"I need this delivered to a friend in one of the other cells. Rebecca doesn’t know. It’s just a small flute, but I know she loves to play. And be careful as it breaks easily."
C51332D4,"No, no, no, no…"
C51632B7,"YOU CAN RUN, CAN YOU HIDE?"
C529F23B,"Automated Voice: 0451 confirmed. Immediate employment match found: foodDome Theta. Proceed."
C52BC84A,"PASSIVES"
C52EB863,"Rebecca: Avoid the sentry drone’s field of fire and disable their control terminals directly. It’s the most effective way."
C540D07E,"MEDIA TEAM"
C545D2C7,"Periodically awarded for participation in events"
C54B3CC9,"SCANLINE YELLOW"
C54CD7B8,"Damn it. Dogen needed those herbs for a very special dish. He won’t be happy about this."
C54E1284,"So you're not alone on the rooftops. Other runners leave their own challenges around the city, daring you to accept the challenge. Find the checkpoints and then the finish line as fast as you can in Time Trials."
C5510B35,"+ Side Mission: Caught in the Web"
C5510B36,"+ Side Mission: Caught in the Web + Side Mission: An Ear to the Ground"
C5510B37,"+ Side Mission: Caught in the Web + Side Mission: An Ear to the Ground + Side Mission: Finger on the Pulse"
C5510B38,"+ Side Mission: Caught in the Web + Side Mission: An Ear to the Ground + Side Mission: Finger on the Pulse + Side Mission: Complete Coverage"
C55E6EAB,"SAVANT EXTRAORDINAIRE"
C564FD3A,"Hold tight!"
C56DE511,"But you showed her, didn't you?"
C571E707,"Plastic: Faith?! Faith, are you there?"
C57D1AA8,"Tap all the dataPoints before the time is up"
C57FC41C,"STEREO"
C58A8A26,"DO MORE ON MIRRORSEDGE.COM"
C596E1E5,"She's gone. They took her to the Conduit a few minutes ago. "
C596E1E6,"Where have you been? Where ---"
C596E1E7,"We can't let her die!"
C59BCCE9,"Faith: You don’t know what happened."
C5A48F7E,"Faith: I lost the drone."
C5A8FA66,"Stop! Don’t!"
C5A8FA67,"Leave, Faith. I’m gonna send a clear message to Kruger."
C5A8FA68,"Then you’ll have to shoot me too."
C5A8FA69,"You be very, very careful with what you say next."
C5A8FA6A,"She’s not Kruger’s daughter. Her name is Caitlyn Connors and she’s my sister."
C5A8FA6B,"And I think you know."
C5A8FA6C,"All I know is that the air down here is already killing me ..."
C5A8FA6D,"So you might as well get it over with!"
C5A8FA6E,"Please, Rebecca! Noah is being held in a place called Kingdom."
C5A8FA86,"I have to go get him. "
C5A8FA87,"Is there some place you can take her topside in the meantime?"
C5A8FA88,"We've have all had to make hard sacrifices in this struggle, Faith. "
C5A8FA89,"I'll give you what you want. You know what I mean ..."
C5A8FA8A,"You have 'til morning. Don't disappoint me!"
C5ABBBF7,"SAVE (NO CHECKPOINT PLACED)"
C5AD2082,"Noah: If you can find an elevator shaft it should be the fastest way up."
C5B06475,"Nomad: Did you guys really kidnap Isabel Kruger? Kruger’s own daughter ... Ballsy move. I’m surprised Rebecca let her live."
C5BA74BF,"Noah: Good call, Icarus. Shake off KrugerSec and then get back here."
C5BDCC92,"SKILL ROLL"
C5C0F0FE,"Classic Mode"
C5D1DADA,"Plastic: It’s OK if you can’t do it now. The metaGrid will still be there when you have the time."
C5E780F9,"DICE LA"
C5E7819E,"DICE QA"
C5E781A2,"DICE QE"
C5F8E71D,"Oh no. Noah?"
C5F9F0F9,"GROUP HR DIRECTOR"
C5FC9F1A,"RELEASE"
C5FCA91F,"Up against the wall and spread them."
C5FD8E2E,"Plastic: I’ve mapped out geoLocational weaknesses in the metaGrid encryption. If you could tap into those nexus points I can assemble them to get full access."
C60F1608,"MEDIA STOP"
C6119060,"Faith: This area is different ... What are they doing here?"
C62B82EF,"Complete mission BE LIKE WATER"
C62E9542,"Find every recording and document in Glass"
C633FF44,"Story Teller"
C644635D,"Faith: Got one more chip."
C65AD199,"LEAD UI/2D ARTIST"
C663E03E,"Faith: I’m at the top. Planting the tap now."
C6884BC1,"COIL"
C68895F2,"Good. Moving the wounded now."
C68A8E50,"Icarus: Not bad, Faith. Not as good as me, but still - not bad."
C69E5BAA,"You! You’re a Runner, aren’t you? Maybe you can help?"
C6A48738,"Time extended. Get to the next target."
C6A48739,"Get to the first target"
C6AD6BED,"Aline: We got it. Now get out of there."
C6B5157E,"JUMP / UP"
C6B5157F,"DUCK / SLIDE / DOWN"
C6B51645,"FLOW ATTACK"
C6B53F26,"Skill Move: SPRINGBOARD to WALLRUN"
C6BBF32C,"Faith: I found the data sluice. Connecting."
C6D0DF42,"AURORIAN CUISINE"
C6D449D7,"Noah: Nobody likes a smart mouth, Icarus. She’ll do fine. Your beatLink will calibrate as you go, Faith."
C6D609EA,"Faith: Somewhere in KrugerArms, maybe?"
C6DCA45C,"--:--:--"
C6EEE405,"To whoever just picked up this package. It needs to be delivered covertly. Don’t get spotted. Scrip upon completion."
C6F67CDD,"Listed challenges are publically visible and may show up in other people's maps and feeds."
C6F6E6CF,"Faith: Almost there, Dogen."
C6FFA7D3,"Icarus: Faith?! You there? Where are you?"
C702121A,"Maybe if I ... Could that work? "
C703A053,"Aline: Yes, I’m afraid it’s looking rather bleak ..."
C708CDE4,"PLM PROJECT MANAGERS"
C71F4613,"Defensive increase 2"
C730E492,"Icarus: Great. How’s the prisoner doing?"
C73842D3,"OK LET'S DO THIS"
C7625CF3,"SENIOR DIRECTOR UX & CREATIVE"
C76B1E37,"Faith: Sure. You know me. Always helping those in need."
C76FCAFE,"REGISTRARS"
C77971D2,"Delivery assignment nearby."
C7857369,"SENIOR DATA SCIENTISTS"
C7861362,"Faith: I’m there. Where’s the contact?"
C78E8B29,"VOICE RECORDING ENGINEERS"
C79334DF,"{0:input} OPEN MAP"
C7A5A251,"Automated Voice: Reflection. Now available at your nearest clinic."
C7C546B2,"TEST MANAGER"
C7CBBC33,"Faith: This better be worth it."
C7DAD3ED,"Subvert the first transit control hub"
C7DAD3EE,"Get to the next hub before the time runs out"
C7DAD3EF,"Subvert the second transit control hub"
C7DAD3F0,"Get to the last hub before the time runs out"
C7DAD3F1,"Subvert the last transit control hub"
C7DAD3F2,"Escape KrugerSec forces"
C7DB9FAA,"ABORT"
C7DDB824,"Icarus: Who knows. Want to abort? I’d be more comfortable going in myself anyway."
C7DF56EB,"Plastic: It doesn’t work like that, Icarus. The virus will corrupt the carrier signal which will disable the nanites, but they will still remain inside you."
C7E3AB96,"TIME"
C7EDBBF6,"Plastic has arranged for a VTOL to come your way so that you can somehow ride it back to Krugersec HQ. And that is just the first part of the challenge. You must then infiltrate the highly secure SERVER HALLS and connect to a terminal there so that Plastic can extract the necessary information about where Noah is being held."
C807093B,"Isabel Kruger confirmed that Noah is ALIVE! But you still don't know where he's being held, and the information is only available at KrugerSec HQ, aka THE DOGS. Plastic has promised to help you get inside, but her solution might not be an easy one ..."
C8081373,"Birdman wants you to run a DASH in order to refresh your skills. Dashes are short runs found all over the city where runners compete for the best times. You used to hold most of the records but after two years in a cell you might need to brush up on your abilities some."
C81CE17B,"A sign-in change occurred. You are now being returned to the title screen."
C82CBE7F,"ON"
C83051E6,"Skill Move: SWING"
C8397BCF,"MARKETING COORDINATOR BENELUX"
C84EF3F3,"And I mean literally."
C856DC65,"In time I believe it will be made mandatory for all employs, like the gridLink is today, "
C870DD4B,"Hack ... things?"
C8761754,"Items found"
C8807FB3,"Aline: We’ve also disabled the safety override systems, so it should be a smooth ride all the way to the Shard."
C88295BC,"Now look at what you made us do."
C883BDE3,"Collect every gridLeak in Glass"
C88927E5,"Full Exposure"
C88B4943,"Once she was an aggressive idealist and proponent of worker’s rights and social justice, but after losing many friends in the November Riots Rebecca Thane became a woman driven purely by revenge. Always prone to rash decisions she had advocated early on that the protest movement should employ violent means against the government and the corporations. In this she was opposed by the other movement leaders, Noah Kekai and Faith’s parents especially, and during those early days her calls for decisive action went unheeded. But then the Connors were killed during the riots, Noah took to the rooftops and only Rebecca was left to lead the remains of those protesting against the authorities.  She has since formed Black November, an organization dedicated to bringing down the Conglomerate using any and all means available. Their hardcore stance is that there are no innocent civilians in this struggle, and that anyone not fighting the Conglomerate is indirectly supporting it. Therefore they are all viable targets. The general population Rebecca considers to be sheep, unable to govern themselves, and as their self-appointed shepherd she intends to lead the flock to greener pastures. It’s a long, hard road and if some are lost on the way – so be it."
C89840CD,"Dogen: Faith. Dogen here. You should know that I too am tracking your progress with great interest."
C898CD33,"{0:d} h, {1:d} m"
C8B42565,"Faith: I honestly never expected to see you again."
C8B4991D,"Birdman used to be a runner and he's seen Cascadia transform under CONGLOMERATE tyranny. He might be a grumpy old bastard, but he's always been there for you, and that counts for something in this city. If he needs HELP it's definitely worthwhile checking out what needs doing."
C8B65C5A,"MELEE"
C8B73BDF,"Noah: Faith, we do not mess with Gabriel Kruger."
C8C30DD8,"Faith: Huh, guess the Beat is down."
C8C4EA22,"Follow the power cables"
C8C4EA43,"Return to the roof"
C8C603D3,"HEAD OF STRATEGIC PLANNING ENGAGEMENT"
C8C8DD40,"START GAME"
C8D76BF4,"Your profile does not have the correct permissions to create social content. Some features of this title may be disabled"
C8E07187,"Start Mission"
C8E3C5C8,"Combat"
C8ECBF3E,"Plastic: They’re in the Greylands. Why?"
C8ECD1DB,"COMBAT RUN"
C8F3AADF,"PRESS"
C901E0BD,"None yet. I'll look into it, and whoever pulled the job off. "
C910FAA8,"RETRY"
C9128D7C,"Noah: I’ll set it up."
C91698F1,"Plastic: Not a chance. I’ve done the calculations twice."
C920898F,"Faith: You called?"
C9218654,"You again."
C9218655,"Disappointed?"
C9218656,"I don't care either way. You'll be dead soon. "
C9218657,"My father will have this place razed to the ground."
C9218658,"Anything for his dutiful daughter, right? "
C9218659,"I'm sure you'll make a fine eXec someday."
C921865A,"Whatever. What do you want?"
C921865B,"My friends. I know they're not all dead."
C921865C,"Well, they might as well be. You'll never see them again."
C9218674,"Where are they?"
C9218675,"Why don't you ask my father? I know he's eager to speak to you."
C9218676,"I'm sure he is, but I'm asking you."
C9218677,"If the information holds up, I'll get you out of here."
C9218678,"I don't know where they are. "
C9218679,"The records can only be accessed through the KrugerSec mainframe. "
C921867A,"Good luck with that."
C921867B,"Luck is my thing."
C921867C,"Plastic. Can you help me break into K-Sec HQ? "
C921867D,"I need access to the mainframe."
C9218695,"K-Sec HQ? You mean The Dogs? Sure!"
C9218696,"Then let’s do it."
C9297278,"Noah: There’s a general search warrant out for Phoenix Carpenter. Female, young, facial tattoo ... They’re a bit more insistent than I expected."
C9298022,"SWING"
C9354898,"+ Main Mission: Payback + Side Mission: Top of the World + GridNode: Rezoning + Fragile Deliveries + Dead Drop Deliveries + Diversion"
C94396D2,"A very dangerous man. And a strange one too. Aurora will be better. "
C943EB39,"LIFECYCLE CAMPAIGN STRATEGY"
C9448AD8,"Control! She’s here! Where’s my damn backup? On my own?! OK ..."
C95768D9,"Henchman: I'm not sure why Dogen trusts a delivery of this kind to a simple runner girl like her, but I'll never question him openly about it. I prefer to keep my fingers, thank you very much."
C9579FBF,"The art of running"
C95DC2D2,"Yes."
C95E7A59,"Aline: The explosion tore off one of the rotor blades. You’ll need to get to the top. Maybe you can ride one of the other blades up there."
C960D9C3,"VD Torsional Motor"
C96D8B2B,"USE WINCH"
C9966D4C,"Birdman: Two of my birds have gone missing. I’d go look for them myself, but I’ve come to accept that I’m not as nimble as I used to be."
C9A29CAB,"Dogen: In life some people change you through their presence, and some through their absence. She has done both to me, Faith."
C9C58118,"OK, Tristan, the scrambler is active now. They might listen to what we say, "
C9C8B0DC,"Faith: I’ll find them for you."
C9CD9481,"Faith: Noah? I--"
C9D16A27,"DIGITAL SALES MANAGER"
C9F92F28,"ENEMY KNOCKS"
CA0E8952,"Automated Voice: Attention! Always be vigilant. Conglomerate Policy is the only thing standing between us and the barbarism of OmniStat. Strive for success. Strive for happiness. Strive for safety."
CA2B1B5E,"Icarus: Already moving."
CA3465B0,"PRODUCT EXPERT"
CA39B813,"LEAD VIDEO & MEDIA DIRECTOR/EDITOR"
CA46B1B9,"MARKETING PR MANAGER MEXICO"
CA46F3C3,"Nomad: Two urinals “fixed”. Moving on to the ladies rest rooms."
CA4EC968,"Let me go!"
CA51593F,"You have too many bookmarks."
CA5B1B20,"ONLINE SERVICES"
CA5E7AD7,"LEAD WEB ENGINEER"
CA64C601,"Noah: You can do it, Icarus."
CA6A0FFE,"He sounds more like that than your Impression of me"
CA74C8C7,"Shotgun fired and grab complete. I’m getting out of here."
CA83A07A,"Dogen: Send it."
CA83B630,"DELETING PLAYER PROFILE DATA. PLEASE DO NOT TURN OFF YOUR SYSTEM."
CA95496F,"Beatrix: It was a board decision. An attempt to further unify Bryson Industries and Cascadia Logistics."
CAA07172,"+ Main Mission: Prisoner X"
CAA147C7,"BUSINESS OPERATIONS"
CAA18B8A,"Maybe Black November can help out."
CABCF9B8,"Pre-Release Software  This game is in a pre-release stage of development. This means that some parts of the game, including Xbox Live features (like chat and multiplayer), might not function as expected (or might not function at all). The game might even crash. Because this is a pre-release game, Microsoft and the publisher do not commit to providing customer support for the game. "
CABD3C2F,"BACK IN THE GAME"
CACFE2B9,"Plastic: What is this all about?"
CAD8E684,"Complete a Daily Challenge"
CAD90F54,"ADDITIONAL MODELS"
CADE5086,"First Day"
CAE25169,"Birdman: And yes, I too have a beatLink now. Prefer not to use it much. You never can tell who’s listening in ..."
CAEE5C67,"EA DIGITAL PLATFORM COMMERCE AND IDENTITY OPERATIONS"
CAEEEB87,"Faith: Don’t worry, Noah. I can do it."
CB09926F,"SAVANT EXTRAORDINAIRE"
CB09B971,"Good. Too bad we lost the subject."
CB23AD25,"Plastic: Kruger’s apartment is even harder to get into than the Dogs. There’s only the helipad on top and the main entrance below. And diverting a VTOL like last time won’t work. They’ve changed their comms protocol and it will take--"
CB263689,"Nomad: And I’m sure you treated them with due respect. Nicely done! The other boxes should be pretty close."
CB29D411,"After being locked up and told what to do every day for two years you’re finally “free”. The city awaits, but first you must clear the last security check-points, and then hopefully you can get back up on the rooftops where you belong. And maybe reconnect with NOAH, your old mentor.  DOGEN, whom you’d rather forget about, sent you his best. Working for him is what got you locked up in the first place, and you owe him a debt. A big one."
CB387583,"Talk to Dogen"
CB57F72A,"{0:d} / {1:d}  XP"
CB5A8C90,"FLOW TUTORIAL"
CB6ABCA8,"Had enough, leech?"
CB6BC077,"MAP LEGEND"
CB736415,"FOLLOW THE RED"
CB7B046E,"Nomad: Yeah ... You know I would, if I could."
CB986071,"Origin In-Game Overlay"
CBA01AC0,"Is this something Doctor Malus requested?"
CBB6616A,"Avoid being seen at all costs."
CBBA0815,"Icarus: Alright. Sit tight while I get this moving ..."
CBBDCD4A,"One entire floor in the agricultural department is off limits to most of us."
CBC29206,"Plastic: Good, you got the first one. Keep it up."
CBC4E86D,"Automated Voice: Access rights restored. All systems nominal."
CBC51C66,"OVERWRITE"
CBCC1A70,"Collect 20 gridLeaks"
CBCC1A71,"Collect 50 gridLeaks"
CBCC1A72,"Collect 90 gridLeaks"
CBCC1A73,"Collect 140 gridLeaks"
CBCC1A74,"Collect 200 gridLeaks"
CBD57B01,"Nomad: Watch your step!"
CBE61AD5,"Eliminate KrugerSec Guards"
CBE61AD6,"Destroy Antenna Core"
CBEEB442,"Icarus: There you go, you’re off the Grid. "
CBF5D6DE,"HEAVY TRAVERSAL DMG ++"
CC084173,"RELEASE MANAGER"
CC0B98E5,"Beatrix: Faith, the first bug should be placed at his favorite restaurant."
CC0F3BAF,"THE KIT HAS BEEN OPENED. VISIT THE BEAT TO USE THE ITEMS IN IT."
CC131E87,"Hey. Over here."
CC23BABA,"SAVANT EXTRAORDINAIRE"
CC47A167,"Scrip-making opportunity available nearby."
CC508BCD,"Automated Voice: Attention. This is a KrugerSec announcement. The Rezoning Area is off limits to all employs without a valid security clearance. Trespassing is considered a breach of policy."
CC69250B,"TRIM START"
CC6EC9CC,"MODEL AND TEXTURE SUPERVISOR"
CC7A18EE,"SHIFT FLUENCY"
CC8E0F84,"Plastic: I’m up! Diving in. Be ready to get out fast."
CC8E2C5F,"There's a lot of gold here though and we deserve it. "
CC8E9B73,"Pick-up confirmed. Destination sent. Don’t let KrugerSec catch you."
CC8F0AF7,"DROP WEAPON"
CC8F2CE9,"That’s nice. What is it?"
CCAB14DA,"For our friends at Frostbite"
CCAE35CC,"Faith: Yes. Yes, she is. Please, Icarus. I don’t trust Rebecca."
CCB07EDC,"STREAMS BLACK"
CCB21A2E,"\"
CCB4499F,"BACKSPC"
CCB79669,"Plastic: The safety protocol just activated. Go get the others, Faith. Quickly."
CCB9EEA2,"Noah: Faith, you need to shake off the pursuit before going back here."
CCC748C7,"Henchwoman: And about that scrip?"
CCD18257,"LEAD SOFTWARE ENGINEERS"
CCD2F5B8,"Nomad: You have to get out of range and stay out of sight Faith! Get to the nearest safe house! Go!"
CCDB1B73,"Who -- I told him the deal was off! You’re forcing me to call for back-up!"
CCF2A7C6,"Nomad: Don’t worry. It’s perfectly safe."
CCF6471E,"NAVIGATE DOWN"
CCFB26B2,"Plastic: What drawing?"
CD0CE4DC,"RUNNER'S VISION CONNECTED "
CD0F41D5,"RUNNER'S VISION OFFLINE"
CD29E19D,"TALK TO REBECCA"
CD2E0F25,"Complete a Weekly Challenge"
CD2FB4A3,"DIRECTOR AND CELEBRITY ACQUISITIONS"
CD337927,"Mission Accomplished"
CD348236,"If you value your position you will not pursue the matter any further."
CD3F1568,"Icarus: Oh, sorry, almost forgot. We have to cut your gridLink. It’s causing the interference."
CD474A20,"Too much heat right now. Come back when things have cooled down."
CD582A04,"Faith: I’m gonna be the best."
CD60F186,"Com'n let's go and do some Yoga."
CD61F9FA,"Henchman: Anyway, his special dinner will be a blast, as always. Those poor souls have no idea what he'll be feeding them. The herbs are strong enough to cause an instant addiction. They'll be in his pocket forever."
CD665B29,"DOWN ACTIONS"
CD759BE3,"CONGRATULATIONS!"
CD788718,"Birdman has lost two CARRIER PIGEONS and he’s asked you to go look for them. They were carrying messages from other cities in CASCADIA, and it would be problematic if these have fallen into KrugerSec hands.  The pigeons, Thalia and Erato, have LOCATOR BEACONS attached which you can use to pin them down. The frequency will increase as you come near."
CD849439,"Abort the mission and scrap the item."
CD8B587F,"I was thinking, maybe you’d like a drink, or just coffee, or whatever."
CDA167D5,"ANCHOR, MID- & HICASTE. POP 35000"
CDA8EFA1,"Aline: Plenty of damage where you are Faith. The entire structure is becoming increasingly unstable. Keep a lookout for falling debris."
CDB3AE75,"SOCIAL & COMMUNITY MANAGER POLAND & EM"
CDC4453E,"COMMERCE & IDENTITY"
CDC48214,"LOW"
CDC48D9D,"OFF"
CDC6234C,"Icarus: Good. I’m up in the control booth. Hang on while I figure out the controls here ... "
CDD340B7,"EXISTING PLAYER PROFILE DATA APPEARS TO BE DAMAGED AND CANNOT BE USED."
CDD3C3BA,"Noah: Yeah, Dogen set her up with a fake gridPrint when they took her. I transferred it to her beatLink as insurance. Might come in handy later."
CDD686A8,"Aline: When you’re through you need to go all the way down again. From there you should be able to reach the lobby."
CDEA4557,"RECORDINGS"
CDF4F961,"Birdman: I understand. Please take the message capsule if it’s still there."
CE02D113,"Plastic: I’m doing my best!"
CE049A91,"NUM COMMA"
CE1CC207,"Oh tell me about it man …"
CE1F6A0E,"PROJECT LEADERS"
CE261B3E,"How is she holding up?"
CE28FFD8,"PRODUCT MASTER DATA ANALYST"
CE3211D3,"Icarus: Those cables should lead you to the switch. I’ll owe you one."
CE685501,"Now, Noah. It would break anyone."
CE6CB2EF,"BETA PARTICIPATION KIT"
CE738D55,"Nomad: You’ll like the stencil when you see it! And did I say that you’re great!? Talk more soon!"
CE84A6C7,"Press {0:input} to jump off"
CE867123,"Rebecca: You should be near the antenna foundation building. Find a way up."
CE8DD6AB,"Diversion needed. Good scrip. "
CE992260,"Faith: I wasn’t saying you could. And it’s probably a good thing it’s so rough. I’ll be harder to spot."
CE9FDA90,"Beatrix: I will. Thanks, Faith. I’ll owe you one. A big one."
CEC980DF,"Speed, freerunning, and {0:input} LIGHT TRAVERSAL ATTACKS build FOCUS SHIELD   Low speed, being attacked, and {1:input} HEAVY ATTACKS remove FOCUS SHIELD  With FOCUS SHIELD Faith is impossible to hit; bullets can't find a target and physical attacks slide right off  When completely FOCUSED the world slips by in a blur of speed"
CECCC345,"For our Friends at EA"
CED22D47,"RAIN BLACK"
CED589FF,"except in secret moments of shame, "
CED878BB,"TEST SPECIALISTS"
CEDFF49B,"Faith: Noah. There’s someone else here. Doesn’t look like a runner."
CEE11CB6,"Automated Voice: Attention! Reflection will change the way you interact with the grid. Reflection will change the way you look at life. Reflection will change everything."
CEE56979,"The Shard electronic parts {0:d} / {1:d}"
CEEA6A17,"Icarus: Careful, Faith! Damn, I hate watching this!"
CEF07E6A,"Faith: What is that supposed to mean?"
CEF44FDC,"K-Sec is busy on the rooftops these days and I guess she doesn't want the extra attention."
CEFA5A6D,"Subvert the gridNode CCU and connect it to your BEATLINK in order to expand your coverage in the city.  Hacking a gridNode opens up FAST TRAVEL options in the affected area."
CF056BF4,"DEV OPS ENGINEER"
CF16F2C4,"GLOBAL PR MANAGER"
CF190418,"Faith: Woah ... That thing tore through the entire building! I didn’t ... "
CF193574,"Faith: Nomad? Where are you?"
CF37A721,"Hey! Faith! Over here!"
CF400A26,"Delivery failed. No payment. Thank you."
CF51454F,"{0:s}  {1:s} {2:s} {3:s} {4:s} {5:s}"
CF58DF82,"I hope she understands the danger I put myself in to get this flower for her. Before I was cast out, I was Family. I had a penthouse in The View. "
CF5F6392,"TIME TRIAL"
CF8337C6,"Complete a user created Time Trial"
CF88A1C8,"User Generated Finisher"
CF955F15,"That’s it. The leech is pacified. Clear out."
CF95CA0F,"Plastic: Oh! You’re OK! Great! What about Noah?"
CFAAA53A,"SENIOR GLOBAL PLM  MANAGER"
CFAAABE1,"I'm supposed to have full access to our research. What is this? Brain hemorrhaging. "
CFB6B5C2,"Noah: Alright. It’s not like I can stop you anyway. Icarus, keep us updated on any changes outside. Faith, you want to find the offices next."
CFBAFF3F,"Beatrix: I’m sure I will. Thanks again, Faith."
CFBCF5DB,"The information about the Elysium job checked out. Somebody broke in. "
CFC9DBF3,"REFLECTION TECH /  K-SEC GUARDED"
CFD86362,"Icarus: Got it. Sorry."
CFDA6E0F,"Faith: Maybe. Just so you know, I’m doing this for Noah. Not for her."
CFE75184,"LEAD SOFTWARE ENGINEER"
CFF2E75F,"Preview"
CFF749E0,"Deliver the control chips"
D00035E9,"ONLINE CRM MANAGER NORDICS"
D0334A0C,"Faith: So now they know I’m here."
D04CE1DD,"SENIOR PRIVACY COUNSEL"
D0537CCE,"Faith: Cat!"
D05806E3,"Noah: Icarus?"
D0585B3E,"Faith: Guess I’m on my own ..."
D0632462,"Aline: Faith, there are several VTOLs headed your way. They’ll be there soon."
D07B5499,"AMERICAS PUBLISHING ORGANIZATION DIGITAL SALES"
D08B0938,"Do you really want to reload from the last checkpoint?"
D08B8615,"Unknown"
D0910C63,"GAMEPLAY DIRECTOR"
D09E2732,"Hey, what happened to that girl who was here? The one with the tattoo around her eye? "
D0A80A78,"Icarus: Seems we got our work cut out already, Faith. I got our first set of Sentry Drones here. Let’s take them down together."
D0ABB6CA,"FROSTBITE"
D0B2666F,"{0:date:yyyy-MM-dd}"
D0C63269,"MARKETING INTERN"
D0D0A40C,"Icarus: I know I’m not in a position to make demands, but it would be great if you could get that current shut off sooner rather than later."
D0D0E250,"He’s probably got you pegged already, and that’s fine. "
D0E798B8,"Can't place Beat L.E. here. Too close to other content."
D0F560AA,"+ IMPACT damage in FLOW"
D11221A7,"Talk to Icarus."
D13BD639,"You are in breach of policy. Submit."
D15A9C16,"I said, move, leech!"
D1734E69,"SOCIAL AND COMMUNITY"
D19194F7,"POSITIONAL ADVANTAGE"
D191A28F,"Faith: We’ll see, Plastic. "
D19ADF53,"ANIMATION DIRECTOR"
D19C764F,"Quiet, please. Begin orbifrontal cortex scan."
D1A34E6A,"SAFE HOUSE"
D1A66929,"Faith, I could use some help."
D1A74E50,"ORIGINAL MUSIC SYNTHESTRATION AND MUSIC EDITING"
D1ABD958,"Plastic: Oh, and CCU means Central Command Unit. Not that you care. But it does."
D1BF0B5B,"Reaching this point will reward you a RUNNER KIT drop (position shown on map) or a recording (found in the INTEL screen)."
D1BFA481,"OPERATIONS & IMPLEMENTATION"
D1C09C3D,"WORLD>"
D1D86067,"Get yourself to a user created Beat L.E."
D1DDCA69,"You can't keep me down"
D1E0F61E,"ORIGINAL FORCE LTD"
D1EE63ED,"SHE LOVES ME, SHE LOVES ME NOT"
D1F461EF,"Nomad: Go after it! We need that chip!"
D2082682,"Faith: Noah said you have some gear for me?"
D218FCC7,"RUN TO THE LAIR"
D21A9EB5,"Plastic: We’ve found a way to disable Reflection! For good!"
D22219BE,"Rebecca: I appreciate you helping us out, Faith. But I can do without your flippancy."
D22EE9DB,"MOVE BACKWARD"
D232DC54,"Thank you for completing this. Payment is being transferred."
D235A9C1,"I guess I am."
D23B9F89,"Plastic: Yeah, it would be kind of sad if you got knocked out now when you’re getting so close. Kuma agrees."
D249E04E,"INFO"
D24D45FA,"Thanks for the eggs. I can’t believe we’re actually doing this ... But what makes him happy makes us all happy."
D25C7BE2,"ANTI CHEAT MANAGER"
D25CFB5E,"I don't understand you. We find you half-beaten to death on the rooftops. "
D25E3F26,"Automated Voice: Attention. This is a KrugerSec announcement. Any and all affiliation with the Black November group or any of its members is considered a breach of policy."
D25F0CD3,"Automated Voice: Take part in the success. Get Reflection today."
D26126F9,"TECHNICAL ARTIST"
D267F96B,"Concord Plaza"
D284ED07,"Martin Connors urged us to remain peaceful and they killed him. And his wife too. "
D2852C07,"Yeah and what are you gonna do with your retirement?"
D28E6D9D,"Floor 74. Management."
D2908547,"Faith: Yeah? Then I’m gonna take it down."
D290AEEC,"DISRUPTOR"
D2B63EA7,"Contact Plastic on landline."
D2C26096,"INSTALLING GAME... {0:d}%"
D2C353FF,"COMBAT RECOVERY"
D2C9246B,"REGIONAL CONTENT LEADS"
D2DCF2D8,"DICE OPERATIONS BACK END DEVELOPMENT"
D2E24F97,"SENIOR MANAGER ONLINE OPS"
D306675F,"MISSION COMPLETE"
D30BD6B0,"This always was a desperate venture, you know that."
D31E5DEA,"PUBLISHING MANAGER BRAZIL"
D32A2DC1,"Icarus: We can’t go back to the Lair ... I might have an option for us."
D35EEFB4,"Plastic: Why do you ask?"
D3600BB3,"Seems Noah has an idea about what to do next with that DRIVE you stole from Elysium. Go talk to him at the Lair."
D363D663,"Plastic: The guards in Kruger’s apartment are reacting to the commotion in the museum. Looks like they plan to intercept you in the lobby."
D368DBCF,"It's time to show you who's the new boss. Boom!"
D368DBD0,"Thanks, that's exactly what I did."
D368DBD1,"Ah, he, he, he ... Yeah!"
D368DBD2,"You've to think moves ahead."
D368DBD3,"Am I interrupting something?"
D368DBD4,"No. We’re done. I won."
D368DBD5,"This game has no damn logic."
D368DBD6,"You'll get used to it. Faith used to beat me all the time."
D368DBD7,"Still could. You had a run for me?"
D368DBEF,"I do. On! On! Elysium Labs. High profile dataGrab. "
D368DBF0,"Very good scrip."
D368DBF1,"An Elysium dataGrab? You think she’s ready?"
D368DBF2,"How about you get off my case?"
D368DBF3,"You’re going with her."
D368DBF4,"I can take care of myself just fine, Noah."
D368DBF5,"Hm. Like last time? You’ll go in alone, but I want Icarus on watch."
D368DBF6,"Look, they are very protective about this data."
D368DBF7,"So there is no margin for error, you understand?"
D368DBF8,"So what do I get for baby-sitting, huh?"
D368DC10,"A third of the scrip."
D368DC11,"Or I give it to Aisha and Caleb. Your call."
D368DC12,"Alright. I'll see you there, Faith. Oh, and don’t get lost."
D368DC13,"Go. You don't want him to beat you there?"
D368DC14,"Nooo, why?! Why?!"
D36D651D,"Faith: Icarus? Everyone’s gone."
D3765C24,"Femhicaste2: Over here. Be quick about it."
D386573C,"Dogen: The note speaks of water and streams. A riddle. She used to love riddles ..."
D38A80A2,"Nomad: Faith you have to get to the Safe house! Now!"
D38B511B,"OPERATIONS CORE SYSTEMS"
D38E59B6,"Rebecca: We’re moving the package now."
D3C56786,"THE VIAL"
D3D23448,"Health"
D3D2EF8C,"But I doubt I’ll get access anytime soon."
D3D81BAA,"Aline: At least not yet. And Plastic thinks she can tunnel into the system and download the gridPrint without him noticing."
D3E22B5B,"DOWNTOWN"
D3E9903B,"ONLINE & CRM MANAGER NORDICS"
D3EDF30F,"Nomad: Best way to send a message to the employs is to hack the bigger billboards."
D3F0A667,"Shut it off."
D3F30036,"AT A GLANCE:  Everdyne provides Cascadia with energy from several different sources, all of them nearing depletion and most of them causing heavy pollution. Everdyne also handles the extensive desalination needed to provide Cascadia with enough fresh water, and here too their resources and facilities are stretched to the breaking point.  CURRENT CHAIRMAN: Akiko Kaneda TOTAL MARKET SHARE: 9% NUMBER OF EMPLOYS: 1 870 482 as of FY48 MAIN OWNERS: House Kaneda CORPORATE SLOGAN: “Power to the People” MAIN SUBSIDIARIES: Everdyne Nuclear, Everdyne Water, Everdyne Research FOUNDED: FY02"
D3F932F6,"Rebecca: Good luck."
D3FB91CA,"I’m doing a Raposa dataGrab. Could use some help getting KrugerSec off my back. Just like the old days, huh?"
D3FE545A,"{0:d} m"
D40ED586,"What kind of voice? he doesn't speak like that at all."
D40ED587,"He sounds exactly like that"
D40ED588,"Ohh! He doesn't speak like that"
D40ED589,"You know…"
D40ED58A,"He sounds more like that than your Impression of me"
D40ED58B,"Ah, just shut the hell up y'all two."
D40ED58C,"What? Gabe said to me that hair movement shows weakness."
D40ED58D,"Oh he's right about that"
D40ED58E,"So I'm just going to make sure my hair is gelled to shit"
D40ED5A6,"Com'n let's go and do some Yoga."
D40F309F,"Noah?"
D4111748,"CONFIRM DELETE"
D419D385,"SYNK CASTING"
D41A5BEB,"DATA SCIENCE"
D41CA7EF,"ARCHITECT"
D420B988,"I had breakfast."
D42D8908,"Customize your Echo"
D432F30A,"Spooky"
D43E4CEF,"ENEMY POSITION RETICLE"
D4451F09,"So, Sarge, "
D4451F0A,"If it's like you say and the gold has been hidden here for spies and other vermin, then, "
D4451F0B,"wouldn't it be a very loyal thing to liberate said gold from Armnistat? Thus, "
D4451F0C,"eliminating the threat?"
D4451F0D,"Yes, yes, yes,? Hagard is totally right, we, "
D4451F0E,"we should absolutely liberate it."
D4451F0F,"Well, "
D4451F10,"the loyal thing would be to call up Mr. Kruger on your gridlink and report this immediately ."
D4451F11,"No, no, no, no…"
D4451F29,"No, no, no, no…"
D4451F2A,"No, no, no, no…"
D4451F2B,"Sargent, no, don't be silly, no, "
D4451F2C,"I mean what use is this gold to him? "
D4451F2D,"I mean he's got more scrip than he can spend in a life time."
D4451F2E,"Yeah, way more… Besides, reception, "
D4451F2F,"it's not very good down here is it guys, you got anything?...No"
D4451F30,"I got no bars, not a bar here I can't download nothing."
D4451F31,"There you go "
D4451F32,"You have see, nothing!"
D4451F4A,"We're outta touch down here?"
D4451F4B,"Outta touch"
D4451F4C,"Two more weeks and I'm retiring. "
D4451F4D,"I only  asked to be transferred to this company to get my tour cut short"
D4451F4E,"Yeah and what are you gonna do with your retirement?"
D4451F4F,"Get a nice place out in the grey lands. Where you sit on the porch with your husband, "
D4451F50,"nod to your neighbours and flip 'em the finger every morning. "
D4451F51,"What you gonna sip your double expresso 'til that stubborn little poop comes out, "
D4451F52,"just waiting until saint Peter taps you on the shoulder… I don't thinks so Sarge, "
D4451F53,"that's not the Sarge I know."
D4451F6B,"No, "
D4451F6C,"I know that I would want to spend my retirement in a luxurious regatta bay apartment, "
D4451F6D,"you know, with the big wide screen TV and all that kind of stuff, "
D4451F6E,"not in some grey land hovel."
D4451F6F,"Oh man, two weeks and this happens"
D4451F70,"You want to swear don't you?"
D4451F71,"Come on smile Sargeant"
D4451F72,"Smile and swear they're both good."
D4451F73,"Come on!"
D4451F74,"Come on!"
D4451F8C,"That's it!"
D4451F8D,"Bam!"
D4451F8E,"Heyy!"
D4451F8F,"Heyy!"
D4451F90,"Heyy!"
D4498B57,"Icarus: If you can make it through that old place. Time to see if the fabled Faith is all that she's made out to be."
D457378A,"Alright, so, since you have a plan for everything, "
D457378B,"how do we convert this goal into actual scrip? "
D457378C,"I don't know one single realtor who'd trade an apartment in Regetta Bay for pure gold? "
D457378D,"They'll want scrip."
D457378E,"Well, we can't just sell it."
D457378F,"Ah, that lowers that right away"
D4573790,"We have to get someone to do it for us… A proxy."
D4573791,"Oooh, I have a bad feeling about this… "
D4573792,"And who would that be?"
D45737AA,"I have a friend… who has a friend, who has a cousin who has a friend who knows somebody…"
D45737AB,"I got lost there."
D45737AC,"Well, that sounds promising Hagard."
D45737AD,"Now, he owns a rifle shop. "
D45737AE,"Now his cousin knows a guy who has a menswear selling slacks. It's a little place, "
D45737AF,"and he has a restaurant also on the sidelines in Anchor. Now, he could help us."
D45737B0,"So a gun-toating-dappered-gent, err, culinary whiz is gonna help us sell the gold?"
D45737B1,"His cousin, yes!"
D45737B2,"How's he gonna do that?"
D45737B3,"We're gonna hide things in slacks? We're gonna hide… we're gonna make gold slacks?"
D45737CB,"We will look good!"
D45737CC,"I don't know! I don't know! I'm not the brains of this operation!"
D45737CD,"You think?"
D45737CE,"I didn't do marketing, I don't know about selling slacks. "
D45737CF,"I'm not even sure this operation has any brains. There's a lot of gold here though, and, "
D45737D0,"we deserve it. We've done our part for this proud nation. This is our reward. "
D45737D1,"Dagnamit!"
D47397B2,"Easy! Easy there! Leave my door alone."
D47397B3,"Patience never was your virtue, Faith."
D47397B4,"Thought you were taking a nap. Isn’t that what old people do?"
D47397B5,"Careful with that mouth, girl."
D47397B6,"I guess two years of peace and quiet is all I get."
D47397B7,"Yeah, I missed you too."
D47397B8,"Noah wanted me to “test” you. I told him I would do no such thing. "
D47397B9,"But I have a dash for you. Enough to test yourself."
D47397BA,"Well that's good."
D47397D2,"I already fed you, Caliope! Get off me!"
D47397D3,"Damn rats with wings. Never leave me alone. But they have their uses."
D47397D4,"Patience never was your virtue."
D47397D5,"True. That’s why I can smell my own."
D47397D6,"Now off with you! Show them other runners that you got your uses, too."
D47397D7,"It’s good to have you back, girl."
D4872D9C,"Hey!"
D49BCDD3,"Nomad: Hey, you."
D4A2A9DC,"http://tos.ea.com/legalapp/WEBPRIVACY/US/en/PS4/"
D4AE0D40,"LEVEL DESIGNER"
D4B40086,"Faith: I got the chip. I’ll give it to you later."
D4B7BB9C,"Time for you to start contributing. I hear the foodDomes are nice this time of year."
D4BBBAA1,"For 14 years the Conglomerate has ruled supreme in Cascadia, and in practice they were already in power for two decades prior to that. The Corporate Houses have entrenched themselves firmly since the founding and most mid- and loCaste believe the current system to be the best one imaginable. Few want a return to the horrors of the OmniStat era.  Conglomerate Policy dictates the dos and don’ts applying to everyone living in Cascadia. It describes the code of conduct, safety rules and other regulations affecting an employ's life. It is enforced by KrugerSec and Policy-breakers are sentenced without trials. Punishment range from temporary suspension of selected rights to contract termination, which essentially is the same as being demoted at least one caste. Serious offenders are made permanent outCaste and most end up doing forced labor in the Greylands. Some disappear.  General surveillance is mainly handled by automated camera systems where advanced algorithms constantly scan for deviant behavior, and this is combined with the gridLink – a wristband biometrically connected to the wearer and linked to his personal gridPrint and financial status. The gridLink is the employ identity made manifest both physically and digitally and Link-loss can be considered grounds for contract termination, if not caused by accident or victimized crime. OutCaste and offGrids have no gridLinks."
D4C3D3AD,"Nomad: That’s a few floors up. Find an elevator."
D4C7F3D4,"Automated Voice: Attention! Conglomerate Policy exists for your protection."
D4C86559,"Nomad: No worries, Faith. You can grab that chip later instead."
D4D05753,"THE ASSOCIATE'S SIDE DEAL"
D4E238E7,"UNSAVED CHANGES"
D4EED00F,"Automated Voice: Attention! The Bauble Mall grand opening has been indefinitely postponed."
D4F4A78A,"Icarus: Yeah, but how do you wake someone who just wants to go on sleeping?"
D5025825,"Noah: Good to hear. Come back here, both of you, I have-- (lost in static)."
D516DF2A,"RECORDING OBTAINED"
D519562E,"ORIGINAL MUSIC ADDITIONAL COMPOSITION & ORCHESTRATION"
D52411C2,"Get to the Forum building."
D52411C3,"Find a way to the access port."
D52411C4,"Hack the terminal."
D52411C5,"It will take a couple of hours before they can break the encryption code. Well done!"
D553710D,"Are you sure you want to overwrite your existing save data?"
D565462C,"Let's. Did you see the game last night?"
D568AAD4,"Noah: Good. Successful grab confirmed."
D56CC8D2,"NUM EQUALS"
D57A47B1,"Please, I don’t understand what-- ouch!"
D5875724,"I have read and accept the license agreement."
D5B0FA4A,"Could you help me out, Faith?"
D5D14907,"GPR SUBMISSIONS LEADS"
D5D9609B,"Nomad: Yeah! Count one for the good guys!"
D600556D,"Faith: I’m guessing that mass tuner thing will cause some serious damage?"
D604DB69,"DEVELOPMENT DIRECTORS"
D6090478,"TRANSCRIPT"
D6248AA7,"Icarus: I see your time, Faith. Guess your time in juvie “reformed” you after all."
D6283BE7,"Plastic: We’ll be able to follow you all the way up! And I can use them to hack services in the building. Elevators and stuff."
D62AEAF6,"RENDERING"
D632EE61,"K-Sec Alert level too high for FAST TRAVEL"
D63599D1,"CANCEL"
D643D0D3,"Nomad: Woah, that K-Sec will be sore tomorrow."
D646C791,"Ulla: Subject sedated. Test to resume upon wake-up. Damn it."
D650BA6B,"That’s it. They’re on to you. Keep them busy."
D675C406,"Ah, just shut the hell up y'all two."
D67A46BA,"Plastic: The VTOL should arrive any second now. Get ready, Faith."
D67D61C8,"Good. Moving the supplies now."
D682B1A9,"Get a 3-star rating on all Dashes in the main game"
D6881BAB,"Peak Performer"
D6892076,"PLAY/PAUSE"
D68FBD28,"That's it!"
D69DD21D,"Noah: A few runners have linked their Beat to the gridNode. It’s said to provide a lot of useful information."
D69F364B,"NUM PLUS"
D69F44C9,"F10"
D69F44CA,"F11"
D69F44CB,"F12"
D69F44CC,"F13"
D69F44CD,"F14"
D69F44CE,"F15"
D69F4899,"END"
D69F86B9,"TAB"
D69F9C8E,"Unknown"
D6A2572D,"Faith: OK, I got it. I think."
D6A73DDE,"Aline: Remember to look up, Faith."
D6ABB439,"Faith: I got news about Noah. He might still be alive!"
D6B9F28C,"As the first stage of the plan to break into Kingdom, your mission is to break into the offices of Silvine Systems; one of the contractors who designed the facility. A failsafe will destroy the data if the system is alerted to a security breach so you must remain undetected until the data has been retrieved. Once you have the data you can trigger any alarm systems in your escape. Once you have entered the building use the alarm system back up landline to contact Plastic for more instructions."
D6CF8178,"WHAT'S BEHIND THE VEIL?"
D6D0838B,"NAVIGATE UP"
D6D650E5,"How are you feeling today, Isabel?"
D6DDE33C,"All in a good day’s work. Let’s go."
D6E56894,"Thank you. That tat of yours really look just like the stencil."
D6ECD17E,"SETTINGS HAVE CHANGED"
D6EE93CE,"SECRET BAGS"
D6FBE1F9,"SAVE BEAT L.E."
D6FF889E,"MAYA MEDIA GROUP"
D7010BE9,"Receiver has been notified of completed delivery. Payment processing. Thank you for using the automated Beat package service."
D70519BB,"WFYO FINANCE"
D7074CA0,"And your last name?"
D7190C81,"ACCEPT"
D723C8EA,"But it’s a long way to Aurora and we need to prepare properly so that we don’t just end up stranded and starving in the Greylands."
D740FE70,"Well, the girls are asleep. Finally. "
D74380EE,"DEVELOPER RELATIONS"
D74AF4A3,"I'm going to take a chance on you, you've proven yourself enough already. "
D75FFE25,"Get to the location  marked on your map"
D75FFE26,"Get to the location marked on your map"
D75FFE27,"Head to the final location marked on your map"
D760F1D9,"+ Damage in FLOW"
D76980D5,"Plastic: The Allcom building should be easy to get into. I’ve marked a data sluice on your Beat. Connect to it using that Cyclone glove of yours and I’ll remote it from here."
D7824FAC,"Seal the exits! We’ll trap and subdue her!"
D79E121F,"Aline: That’s fine. That’s a reaction too."
D7AA7269,"Stay undetected until the data is secured."
D7D00A73,"State your name and business. You have five seconds to comply."
D7D00A74,"Faith. Here to see Plastic."
D7D00A75," You have five seconds to comply."
D7D00A76,"What the hell? I said “cancel”!"
D7D00A77,"Four. Three--"
D7D00A78,"One."
D7D00A79,"Almost killed you. Sorry. Come in."
D7D00A7A,"So, you’re Faith. What do you want?"
D7D00A7B,"I ... Could you tell me what this is? What’s on it?"
D7D00A93,"Sure."
D7D00A94,"Foreign."
D7D00A95,"Yes, I found it--"
D7D00A96,"Not a question."
D7D00A97,"Intruder! Alien entity! ALERT!"
D7D00A98,"Shut up, Kuma! Don't mind him. I’m making him smarter."
D7D00A99,"Alien being. They keep premises."
D7D00A9A,"Encrypted ..."
D7D00A9B,"Device external syntax error!"
D7D00A9C,"OmniStat mil-grade. Whoa ... I bet they want it back."
D7D00AB4,"Yeah, well I--"
D7D00AB5,"Not a question. When do you need the data by?"
D7D00AB6,"I was hoping today?"
D7D00AB7,"It’ll take at least a month just to crack the surface layer."
D7D00AB8,"Anything I can do?"
D7D00AB9,"Uhm, hook me up to a gridNode. Or ... Wait a month ..."
D7D00ABA,"A gridNode it is. What do I do?"
D7D00ABB,"Uhm, it’s enough if I get access to the AllCom Gateway. "
D7D00ABC,"I can remote it from there."
D7D00ABD,"On it."
D7D00AD5,"Alert! Intruder contamination. Excavate premises!"
D7E29D24,"LEAD TESTER"
D7E9D322,"Plastic: Kuma says you should watch yourself down there. Kingdom sounds like a bad place."
D7FB267F,"IMPORTANT LOOKING PIRATES"
D80622EB,"I got to do a high profile delivery to some hiCaste nearby. Claims she’s being watched by KrugerSec. Could you lead them off while I complete the delivery?"
D8119486,"Faith: I’ll run for you. But Noah can’t know."
D81870A2,"MISSION OBJECTIVE"
D824818D,"MISSION CANCELED"
D825C8CE,"Beta Participation Kit"
D82828ED,"And not only that but I found evidence that someone else is pulling her strings. "
D836F45F,"Too close to previous checkpoint."
D842B7D9,"UI DESIGNERS"
D8442B9B,"CAM SABOTAGE"
D8536323,"IMPACT ATTACK TO THE LEFT"
D853CE2E,"CHANGES WILL BE REFLECTED IN YOUR NEXT GAME PLAY SESSION"
D869EF52,"BE LIKE WATER"
D8A3B725,"INTEL: SENTINEL"
D8A5E30C,"Keep it up, Faith. I need a little more time."
D8AC5D95,"CHARACTER & ANIMATION ENGINEERS"
D8B3EC94,"Icarus: Get up there! K-Sec will catch us both if we stick around."
D8B7F037,"INCREASE YOUR REPUTATION"
D8C3C154,"Pick-up noted. Delivery must happen unseen or there will be hell to pay. Now get going."
D8CEF80B,"SOUND DESIGNER/MIXER"
D8D7DA4A,"A good Cascadian follows the rules"
D8DD444C,"Law-abiding citizen"
D91B60BD,"DIRECTOR, STUDIO SERVICES AND CELEBRITY ACQUISITIONS"
D9219EFE,"UX & DESIGN"
D9282DC1,"Failed to connect to EA Online. Social features will be unavailable. Please try again."
D946151A,"I’d be done for if you hadn’t been here. Thanks a bunch."
D94A5AFE,"ATTACK"
D94EB160,"UX DIRECTOR"
D962BA9D,"Icarus: I know where to go. Meet me at the construction crane in Downtown South and I’ll explain."
D996828D,"AUDIO DESIGNERS"
D99D5082,"Birdman: It’s an easy run. Package is over there."
D9AA180C,"Training and experience lets Faith control her springboard jumps to a greater degree, maximizing the speed and distance covered."
D9B0EF38,"Reach the CCU at the top and activate it, while avoiding any ALARMS along the way."
D9B62FDA,"QA COMPLIANCE TESTER"
D9C0B1FA,"RECENTLY PLAYED"
D9C2571F,"Movement: PIPE CLIMB"
D9F7A05C,"MANAGERS MARKETING INFRASTRUCTURE & OPERATIONS"
D9FE1B27,"Zephyr Transit Hub electronic parts {0:d} / {1:d}"
DA05F7AB,"INTERACT"
DA0FB995,"PRODUCT MANAGER ITALY"
DA12FC16,"Noah: Faith, just get out of there."
DA152CF8,"Maybe some day you can teach me how to fight too, and I’ll do this myself."
DA152E5F,"SIDE UK LTD"
DA19D9E0,"Aline: From there you should be able to access Kruger’s lobby. If the schematics are correct."
DA23751A,"Faith: I’m at the bottom of the elevator shaft. What next?"
DA25FBA4,"START {0:date:yyyy-MM-dd hh:mm:ss} -  {0:date:MM/dd/yy hh:mm} END"
DA296809,"Don’t let them spot you."
DA2E10DB,"Faith: I’m here. I’m OK. Had a run-in with Kruger, but I got something for it."
DA2E1E80,"Nomad has checked out the DOCUMENTS you stole and he should have some idea about what the next steps should be. It might or might not involve you breaking into KRURGERARMS, which could be an interesting challenge."
DA2EE2D5,"START {0:time:hh:mm:ss.ff} - {0:time:mm:ss.ff} - {0:time:ss.ff} END"
DA3FDCD2,"You’re next."
DA408C3D,"Core combat move"
DA41C115,"Faith: I hope these hold."
DA4307AC,"SAVE REPLAY"
DA4E32D5,"The clock is ticking, Doctor."
DA5669D8,"Plastic: Probably just as well. The data is watermarked anyway. Even I couldn’t get rid of that."
DA59C79F,"FILTER MAP EVENTS"
DA5B4B8C,"Here we go! I’m moving too."
DA68F58E,"Nomad: Gets you wondering. How many more of those KrugerSec goons don’t like what they’re doing. On the other hand I guess most people feel they don’t have much of a choice."
DA721DA0,"I don't want to talk about it."
DA967640,"Those bastards just wanted to play around. Thanks for coming to help."
DAA7BBF0,"REVEAL UNDERGROUND"
DAAB6CC0,"Faith: Plastic, there’s a huge blast door blocking my way here."
DAB18B3D,"Faith: I will."
DAB5B7B4,"Changing FOV may result in visual and performance issues"
DABC70F3,"WORLD WIDE QA COMPLIANCE"
DABD5DF3,"EAJ PROJECT LOCALIZATION MANAGERS"
DABE87B5,"PRODUCTION COORDINATORS"
DAC62DB3,"Psst! Here."
DAD22F67,"Faith: I think I lost them."
DAF67AAA,"Nomad: My painting is coming along. Maybe I’ll be done the next time we meet."
DAFB0BAD,"There. Shotgun fired. I’ll be out of here soon."
DAFD2B78,"GAME TEAM"
DB02DE31,"Hello?"
DB0FFAE2,"Subvert the gridNode CCU and connect it to your BEATLINK in order to expand your coverage in the city.  Hacking a gridNode opens up FAST TRAVEL options in the affected area."
DB19F827,"VTOL: This is VTOL 4-2. We have her spotted."
DB1E4FAE,"I'm not implying anything. "
DB272DE9,"An overview of Faith’s progression and available upgrades. To see more information and purchase an upgrade, press {0:input}"
DB276E55,"Cheap bastards. What if she’s Black November? That would explain a few things."
DB48235F,"Noah: I did. But they’ve been upgraded many times since and I lost the link."
DB4B0511,"Rebecca: Alive and well. And she’ll remain that way until I decide what to do with her."
DB594B45,"TOTAL: {0:d} XP"
DB5A53F6,"SENIOR VIDEO & MEDIA DIRECTORS/EDITORS"
DB60D902,"QA QUALITY DESIGNER"
DB624A6C,"Faith: I’m at the second hub. Connecting ..."
DB64ED34,"Noah: If you’re looking for a challenge I suggest you take on another gridNode, Faith."
DB6C5DDD,"VTOL: Employ 0451. This is your last warning. If you do not submit we are authorized to use lethal force."
DB77C6F5,"EPIC FAIL"
DB94D207,"About description text."
DB95795E,"POST PRODUCTION DIRECTOR"
DB9F33CA,"Faith: Plastic, I’m on my way back up."
DBA23327,"CENTER CURSOR"
DBA52AF7,"CANCEL"
DBA60B82,"You're looking at that picture again."
DBD686EE,"Your BEAT display has finished calibrating. Pressing {0:input} will send a RUNNER'S VISION pulse to guide the way."
DBE43FD5,"Nomad: Keep up, Faith!"
DBE56CD5,"{0:input} {1:input} {2:input}"
DBE81D9A,"SECRET BAG FOUND!"
DBEDE53B,"DYNAMIC RANGE"
DBF21BBC,"KrugerSec is scouring the rooftops looking for whoever pulled the Elysium job. "
DC01D208,"Noah: (static)--being raided. I repeat, we’re being--(static)"
DC145695,"SOCIAL AND COMMUNICATIONS UKI"
DC150784,"the existence of which they have tried so hard to keep away from me. "
DC1C6FCE,"Gabriel!"
DC1F0419,"You can always access the skill tree through the map (press {0:input} and then {1:input})"
DC2A6B86,"CROUCH / SLIDE / RELEASE GRIP"
DC2C7CFF,"DIRECTOR OF DATABASE SERVICES"
DC35D661,"Rebecca: Faith and Icarus. We’re staging a diversion deeper into the district to make my presence topside more plausible. Those extraction routes need to be clear of sentry drones when it’s time to move."
DC3B10FB,"NEXT SONG"
DC3C64C0,"I don't think they were there."
DC40A0D0,"I've made this for you."
DC427604,"{0:d}"
DC4EB4DC,"Of course you do. Everybody in Cascadia has their lines monitored. "
DC51255E,"This was before the riots, of course. Our friends died that day and it feels like we've spent the years afterwards trying to block it out of our minds."
DC64D1D2,"It's a cat!"
DC682830,"Icarus: See that stack of steel beams I’m lowering? Jump onto it and punch the emergency release. And remember to hang on."
DC75030F,"I knew they would. You are their youngest student ever, did you know that?"
DC7B4305,"ADDITIONAL CONCEPT ARTISTS"
DC8902D4,"I ... Don't you like it?"
DC896FF9,"Aline: According to the latest tally almost half a million employs have already signed up for Reflection. First adopters now number in the tens of thousands. It’s a complete success."
DC8B03AB,"Damn it. That was my career down the drain. Thanks for nothing, runner."
DC92C958,"Failed to connect to EA Online. Social features will be unavailable. Please try again."
DCA02A51,"SENIOR DIRECTOR INTEGRATED COMMUNICATIONS"
DCACD4C9,"Expert training allows Faith to leave a perfectly timed skill roll at maximum speed."
DCAD5FBF,"Aline: Plastic. Let her run."
DCB0742D,"I’ll be done soon, Faith."
DCB1F781,"Complete the story"
DCC42725,"INTEL: PROTECTOR"
DCE43D8D,"CONTENT MANAGER"
DCEAB65E,"Complete all side missions in Anchor"
DCF02060,"I refuse to sink "
DCFAC980,"DICE STUDIO MANAGEMENT"
DD00051B,"What happened?"
DD04AC2C,"Plastic: The metaGrid! It’s part of the Grid but only accessible by corporate families. Consists of information and communication too sensitive to risk propagation on the regular Grid."
DD04B067,"SITE MANAGER"
DD0DFA73,"INTERNATIONAL COMMUNICATIONS DIRECTOR"
DD145EDF,"THE BEAT INTEL /"
DD17A9A8,"Automated Voice: Attention. This is KrugerSec announcement. Any and all individuals calling themselves “runners” must be immediately reported to KrugerSec. Failure to do so is considered a breach of policy."
DD187755,"Automated Voice: Recharge your life. Amplify your existence. Get Reflection today."
DD4140EE,"Hold {0:input} to springboard along wall {1:input} (jump)"
DD430A2A,"Nothing planned, why? I’m not cycling topside until next week."
DD50344E,"Thanks a bunch, Faith. KrugerSec has no clue I was here. I’ve transferred some of the scrip to you."
DD5BC282,"VP GROUP GM CTO"
DD6C05BF,"SR LEAD GAMES USER RESEARCHER"
DD6F20C8,"VTOL: She only has one way to go. Cut her off."
DD7AE9C8,"SOFTWARE DEVELOPER"
DD7B478B,"I’ll bring the evidence and we’ll figure out how to proceed. Everyone must know. "
DD88976C,"Rebecca: There are days when I wonder if OmniStat is really as bad as everybody thinks ..."
DD8A04AB,"Nomad: Try the roof."
DD8FB3F0,"Diversion needed. Good pay."
DD8FC1F8,"Why did you do that for?"
DD9C0211,"{0:date:yyyy-MM-dd hh:mm:ss}"
DDB665FD,"Faith: No problem. It was refreshing."
DDBA15D5,"Noah: GridNodes give you plenty of benefits once you hack them."
DDBB019A,"VFX ARTIST"
DDC1867E,"VTOL: Submit! Or lethal force will be  used!"
DDD40C3D,"but they don’t get it."
DDD8CBF3,"Plastic: I need to reroute a priority switch as well. Closest one is a few floors down."
DDE3DD62,"Faith: OK. Deal."
DDF20B81,"Unknown"
DDF568D4,"LIVE QUALITY ASSURANCE"
DDF60203,"Over here."
DE02BC27,"Plastic: The Dogs are locked up tighter than WFYO. Multi-spectrum sensors, semi-sentient defense systems, the works."
DE0CF487,"What did I do to you?!"
DE301C53,"Rebecca: I’m picking up communications regarding a runner in Rezoning. Seems KrugerSec have their eyes on you, Faith. Be careful."
DE30866A,"She’s finalizing the deal tomorrow. It’ll be the rest of our scrip."
DE367A21,"HEAD OF OPERATIONS"
DE4E6B92,"CAMPAIGN MANAGER"
DE55EEA2,"DIRECTOR PUBLIC RELATIONS"
DE64E984,"FAST TRAVEL"
DE744A51,"You have lost connection to the EA servers. Social features will be unavailable "
DE826BDB,"So you delivered the damn oysters. Well done. It’s all he’s talked about for the last few days. Their special “briny liquor” or some such crap. Thanks."
DE9B6592,"Did you talk to Rebecca?"
DEA3EAC2,"Jump farther and higher"
DEA41C73,"TECHNICAL PROJECT MANAGER"
DEBD4D58,"Noah: Of course you are. I’ll just sit here then, hoping you get out in one piece."
DEC1AE32,"Nomad: Some days I just want to leave the city. Go live in the Greylands or something. But I probably wouldn’t last a day out there ..."
DECFFD12,"HACK BILLBOARD"
DED271EB,"Dogen: It should help you reach the top of Anansi. Handle with care."
DED4ADC1,"Faith: There are K-Sec everywhere!"
DED639A6,"TECHNICAL OPERATIONS"
DEDEB804,"Nomad: And I’m out! Thanks a bunch, Faith. I’ve sent a little scrip to you. Token of my gratitude and all that."
DEE076EF,"Regatta Bay"
DEE4BBE3,"Faith: Thalia found. Also dead. And the capsule is gone."
DEEC8AEA,"Faith: Why is this my problem?"
DEF443F3,"CRITERION GAMES"
DEF600E4,"playerPosition_last{0:s}"
DEF83EF3,"SENIOR COUNSELS"
DF059CCE,"There. She got her package, whatever it is. She even said thank you. I’m out of here."
DF0C8D08,"Damn, KrugerSec spotted me. I’m out."
DF1F0BFB,"MISCHIEF MAKER"
DF212EE8,"Unload"
DF25BD0E,"Plastic: Good. I’m tunneling in. And ... that’s it. They’re calling off the attack. Your friend should be safe now."
DF3FDEFF,"Complete all side missions in Rezoning"
DF454901,"Building Blocks"
DF51D9A3,"Plastic: Get on the elevator, Faith. I’ll activate it."
DF568B03,"Faith: Wait. One more thing. Grab anything you can find about Isabel Kruger."
DF6DD2C0,"You had just successfully completed the kidnapping when Nomad contacted you to let you know that KrugerSec put up one of their ANTENNAS right next to the old runner Lair. You intend to show them the error of their ways.  As for the woman you helped kidnap she turned out to be Kruger’s own DAUGHTER – a haughty and defiant young woman. It’s doubtful she’ll give in to any demands made by Rebecca. "
DF76656A,"MEDIA STRATEGY"
DF766869,"Track your friends and watch your leaderboards even when you are not playing the game"
DF77FB49,"And what is it you do exactly, that’s so valuable?"
DF7DFD2B,"You were right, she’s psychotic. "
DF815E56,"Automated Voice: Attention! Employs with a suitable background and skillset are viable to apply for a job with KrugerSec. We protect the city of Glass. Order is our concern."
DF861963,"{2:input} + {0:input} Use your enemies to accelerate to max speed instantly for a quick escape."
DF95F59C,"SYSTEMS ENGINEER"
DF97D9F2,"PLASTIC'S LAIR"
DF97D9F4,"EDEN VILLAGE"
DFA55CEF,"Damn it! They lost interest in you. I need to get of here."
DFA83A91,"Automated Voice: Attention! KrugerSec is looking for employs who witnessed the bombing of the Bauble Mall. Report immediately to KrugerSec for debriefing."
DFB5CADA,"Plastic: Faith! The next train should have arrived. Get on it and I’ll make sure it gets out of there."
DFB9E83D,"PAYBACK"
DFBF79F5,"Subvert the Glass public transit system"
DFC01085,"OLD TUNNELS"
DFC3F8A9,"STORY PROGRESSION"
DFC9D599,"Faith: What the hell?! I can’t let go here!"
DFCE8C13,"ACCEPT COVERT DELIVERY"
DFD3DA28,"Ten. Nine. Eight. Seven. Six. Five. Four. Three. Two. One."
DFE2F3BF,"Have you spoken to him recently?"
DFF0DCB2,"You must stand still to place a Beat L.E."
DFF3DD3C,"Plastic: Yes. Exactly. When you get there you need to get off at the landing pad and then make your way to the Big Dog where their server stacks are."
DFF5DF2E,"DONE"
DFFFA363,"VIEW ALL>"
E008FEBB,"She'll come around. Speaking of busy ... "
E009A8B0,"WORLD PROGRESSION"
E00F3E76,"Noah: GridNodes can be challenging, but they’re well worth it."
E0135BD7,"I’m gonna have to encrypt it somehow. "
E016AF1F,"VTOL: Submit now!"
E025BE40,"Nomad: When you get to the security hub you need to find a way to disable the antenna. Just trash it anyway you can."
E03F96EC,"QUICKTURN"
E04AB4D0,"You should know that I had to do a run for Dogen for us to be able to leave. "
E06DFF56,"Faith: I’m on my way to Birdman."
E0701EED,"Pick up the MAG upgrade"
E0722DCE,"Icarus: Damn, I couldn’t do that ..."
E07687BA,"Faith: I’m through. There’s some serious wreckage here."
E07AA85A,"JUMP and ATTACK"
E07FC3F0,"Plastic: Expect comm problems when you go into the tunnels. Beat coverage will be very limited. It’s really deep."
E0930973,"ONLINE TEST GROUP - QA ANALYSTS"
E09D8B4A,"Birdman: You tell me, girl. I try to avoid the news as much as I can. Hypocrisy and fear mongering, all of it. I could use some help, though."
E0A47348,"Not agri actual. I mean those other people. The ones getting all the attention lately."
E0B80593,"She bought a gun."
E0BCE04F,"Top {0:d}%"
E0E117BA,"You've reached the apartment building where the guard lives. Make your way to the TOP and find a way inside. Hopefully the DOCUMENTS shouldn't be too hard to find. "
E0ECE17E,"Submit!"
E0F41C0B,"GAME AND CONTENT FRAMEWORK"
E0FD4087,"Icarus: Come on. We can’t stay here."
E109709A,"+ Main Mission: Mischief Maker + Side Mission: Pigeons Down + Dead Drop Deliveries + Dashes + Billboard Hacks + Intervention"
E114E7D7,"Nomad: It’s the outCaste in Greylands. They’re setting up a comm-system to warn about K-Sec raids. But they need control chips. Which can be found in AllCom relay boxes."
E1191BF8,"Collect 5 recordings"
E1191BF9,"Collect 15 recordings"
E1191BFA,"Collect 30 recordings"
E12FDD02,"Nomad: Slight change of plans. They want to use another dead drop nearby, and there’s a bunch of K-Sec patrols between you and there. Probably responding to the commotion from before."
E15AC56F,"All clear. Thanks, Faith. I knew I could count on you. Sending some scrip your way."
E15FB3F4,"NO ENTRIES"
E15FED28,"REPORT SENT"
E1682622,"They will roll out Reflection here in Glass soon and I don't know what it is anymore. "
E171A586,"Aline: We see you in the Atrium Faith. Just continue upward."
E185C157,"LIGHTING QUALITY"
E186E195,"Faith: Plastic? If you can hear this. I’m inside."
E19507A0,"Complete all side missions in The View"
E19A71A2,"Viewfinder"
E19C676D,"Beatrix: Well ... Since we last met I’ve gotten married. A corporate union. His name is Peter Bryson."
E1A9463C,"PLAY"
E1B1AB7D,"SOCIAL AND COMMUNITY MANAGER GSA"
E1C28EF4,"Icarus: Watch your step, Faith!"
E1C932D5,"Icarus, where is Faith? She's late!"
E1C932D6,"I have no clue."
E1C932D7,"Anyway. We're gonna need diversions along this perimter, this perimeter, "
E1C932D8,"... but most importantly: one in the center."
E1C932D9," Yeah, we need an explosion there. That explosion will be our lure. "
E1C932DA,"That ought to keep them scrambling."
E1C932DB,"Faith. Good to see you. You're gonna want in on this."
E1C932DC,"I know her, she led the raid."
E1C932DD,"Yes, we don't have much on her, other than that she's a high ranking KrugerSec officer."
E1C932F5,"And our target for today."
E1C932F6,"I’m not an assassin! Count me out!"
E1C932F7,"We’re not killing her, we’re grabbing her to trade for prisoners."
E1C932F8,"We should do this, Faith. Payback for the Lair."
E1C932F9,"I ... Sure ... What's the plan?"
E1C932FA,"KrugerSec is gonna receive intel detailing the location of someone they want very much:"
E1C932FB,"Me. "
E1C932FC,"She's gonna lead the strike team and walk right into our ambush. "
E1C932FD,"I need you and Icarus to clear our escape routes."
E1C932FE,"We'll handle that."
E1C93316,"Yeah ... Well ..."
E1C93317,"Until we can strike a tangible blow, we don't have much else we can do. "
E1C93318,"I'm not sure you can ever win this way, Rebecca."
E1C93319,"And I'm not sure your opinion matters yet. "
E1C9331A,"Let's get going!"
E20702DE,"ORIGINAL MUSIC MIXED AND MASTERING"
E21274CC,"Plastic: Faith, you can ride a VTOL over there. Let me know when you’ve reached the waypoint I’ve sent, and I’ll divert one for you."
E21D1056,"The leach is pacified. Let’s clear out."
E2294F2A,"Over here."
E2424ABB,"Beatrix: Well, Plastic, my husband is an abusive, ego-tripping cheat and I want to divorce him."
E24CB0D5,"RENDERING ENGINEERS"
E260A192,"{0:unicode}{1:unicode}{2:unicode}"
E2715824,"Delivery assignment available nearby."
E285BD9E,"Nomad: K-Sec is calling off the chase. Another win for the good guys. Good to see you safe, Faith. "
E28CF7B9,"+ Main Mission: Sanctuary + Covert Deliveries + Billboard Hack + Dash"
E2915E95,"BRAND MARKETING LEAD"
E29277FF,"Rebecca: We need those sentry drones disabled before they go active."
E298B9B6,"RESTART"
E2A5D486,"GAME MODE DESIGNER"
E2ACBA13,"PROGRESSION TUTORIAL"
E2B17B31,"FAST TRAVEL LOCKED"
E2BD842B,"AUDIO"
E2BEA5FF,"Icarus: Wish I could be there with you."
E2D45BC0,"An invasion? Or maybe spy money?"
E2EB82FF,"Icarus: At least you got here before dawn."
E2EC5717,"Nomad: It’s high time someone stood up to K-Sec - I’m glad you’re with me on this, Faith."
E2F1060A,"Plastic: I lost a drone. It must’ve been hit by falling debris. This section is not stable, Faith."
E2F20351,"HEAVY TRAVERSAL DMG +"
E304A759,"EXIT STRATEGY"
E30960A1,"TOUCH BEAT L.E."
E3180073,"I have this line monitored, Dogen. Be careful what you say."
E31AA726,"Birdman: They’re most likely dead, both of them. But at least you can recover the message capsules."
E3230FBE,"Icarus: Easier said than done, Noah. They seem hellbent on finding her."
E3265742,"NAVIGATE"
E32875D0,"GREET (PRESS)"
E32B1427,"CENTURIAN YARDS"
E334AC1C,"SYSTEM TEST"
E3358432,"FINISH"
E337B558,"PRODUCTION ASSISTANT"
E3409E18,"Icarus: Help getting out of here. Shutting down the electricity should do it."
E3437942,"{0:s}  {1:s} {2:s}"
E353A1BA,"RESPONDING"
E3583D80,"Nomad: Faith, I got a thing cooking. Could use some help."
E3675D26,"Faith: A beatLink? But ..."
E3679E9A,"Noah: It isn’t. Faith, you don’t have to prove anything to me. I just-- I want you back here alive and safe, OK."
E37EF52D,"Escape KrugerSec and rejoin the runners"
E37EF54E,"ID_MIS_MQ02_OBJ10VVVVV"
E37EF54F,"ID_MIS_MQ02_OBJ11VVVVV"
E37EF550,"TEST"
E37EF551,"ID_MIS_MQ02_OBJ13VVVVV"
E37EF552,"ID_MIS_MQ02_OBJ14VVVVV"
E37EF580,"RUN or FIGHT KrugerSec Guardian"
E37EF5C2,"Fight your way through the last building"
E37EF5C3,"Make your way to the roof"
E3803CB0,"BREACH"
E3861284,"So I’m doing a dataGrab at Pirandello. Probably a pattern for a new jacket or whatnot. Could you help me out by keeping KrugerSec busy? There’s some scrip in it."
E391FABD,"Fight your way through KrugerSec patrols to deliver the package.  Delivery point uploaded upon receipt."
E392F6A2,"SENIOR DIRECTOR OF PARTNERSHIP MANAGEMENT"
E393A982,"MOUSE"
E394EA37,"Dogen: Send it to me."
E3AFEE10,"Damn, they saw me. The delivery is void. Too bad."
E3BA5F5B,"OTHER"
E3CF93DF,"NEW GAME"
E3E3F96F,"PRINT SCREEN"
E3E89DFC,"RESET"
E3EA3041,"Complete all side missions"
E3EF9A43,"Running Errands"
E3F3CE48,"Faith: My thinking too."
E40047EA,"Plastic: I’m Plastic. And you’re Beatrix Bloch, heiress to Cascadia Logistics. Married to Peter Bryson."
E402F863,"I'M STUCK"
E419AE66,"K-SEC"
E41F217A,"DIVERSION MISSION"
E4304B75,"Icarus: Go fast and they can’t track you!"
E432F1B0,"VIDEO"
E4408F48,"Plastic: You’re aborting? OK. I guess."
E44EE791,"At least that’s the word on the Beat."
E45061A3,"He was my light, something to cling to when the world became too suffocating. "
E462EC83,"Plastic: 60 seconds left! Move!"
E467991A,"Faith: I like it."
E4698431,"Officer: ... for which you’ll serve eighteen months in the KrugerSec Juvenile Reform Facility ..."
E4839E8B,"UI LEAD"
E48ECF2B,"Icarus: Just follow those cables."
E491DDFC,"Noah: She always did go her own way. Just don’t get caught, Faith."
E4B08690,"LEAD QUALITY ASSURANCE TESTER"
E4B54F64,"Dogen: When we were young she ... tempered me. She was my conscience, and in many ways I’m better off without it, but ... I wonder about this piece of knowledge she claims to have acquired. And who this woman is who would kill her for it."
E4BAD946,"COMMUNICATIONS MANAGER IBERIA"
E4D77300,"Cleaning the rooftops of leeches is like trampling cockroaches down below. I could do it all day."
E4DA0703,"Rewarded for collecting 120 electronic parts"
E4DF7105,"CHAOSLINES ORANGE"
E4E2D16E,"No. It’s not the rioters. It’s KrugerSec. They started it."
E4E36E6C,"Plastic: Just like Reflection."
E4F6FB51,"Aline: Stay on the move, Faith, but watch out for damaged areas, the glass there might be brittle enough to break under your weight."
E4FC73BF,"Icarus: I’m just saying. It amazes me that they don’t rise up."
E5044F29,"THE SPICE MUST FLOW"
E509EF11,"Plastic: Soon!"
E512A40D,"As I suspected. What do you hope to accomplish here?"
E512A40E,"I’m giving people the right to decide things for themselves."
E512A40F,"Oh, Faith. "
E512A410,"Oh, Faith. Hasn’t it ever occurred to you that people might want Reflection?"
E512A411,"They just want the pretty lie you’re giving them. Not the ugly truth."
E512A412,"Oh yes, the truth is always ugly, isn't it? As you should know! "
E512A413,"It's your mother's work that you intend to wreck after all!"
E512A414,"She never wanted this! You perverted everything she ever stood for."
E512A415,"What do you know of her reasons? You were a child! You’re still a child."
E512A42D,"Wantonly destroying everything around you. "
E512A42E,"I promised your sister that I would capture you alive. "
E512A42F,"Submit and you won’t be harmed."
E512A430,"Never!"
E51BA4C8,"BUY NOW"
E51D12A5,"The fabled Faith. Best runner in Glass. "
E51E8A46,"STRATEGY DIRECTOR"
E5269E47,"Anchor"
E5298750,"DATABASE SERVICES"
E52AEF83,"VP & GM"
E52D393C,"Then don't send me away on all these errands."
E5434D84,"Deliver the injured runner's package."
E5443F14,"Noah: Faith?! Are you there?!"
E546DA95,"PRESS {0:input} TO START"
E562F90D,"BACK OFFICE ASSISTANT"
E581B8E4,"No, no, no, no…"
E5A6F88E,"Beatrix: Yes. If you could plant these bugs at the locations I’ll send you, I’m sure I could get enough for the board to annul the marriage."
E5AD8B42,"I’m waiting here."
E5AF7395,"Faith: I’m sure it is."
E5CF8692,"Faith: OK, on it."
E5DA6562,"EA GLOBAL ENGAGEMENT & ACQUISITION"
E5DCA7FD,"I will take everything away from you. I will leave nothing. Do you hear me, Kruger?! "
E5EA1B2F,"SPANISH"
E5F5998D,"TEST KIT 1"
E5F5998E,"TEST KIT 2"
E5FB6DDA,"It's new tech. I had that wonderkid in Anchor build it, but I had to use a proxy. "
E6059C69,"Icarus: Well ... maybe it’s time you and I stopped assuming things about one another."
E6061476,"ACCOUNT SETTINGS"
E60D6BC1,"Icarus: Ouch. Guess Kruger decided that enough was enough."
E6151BC4,"Let me go. I need to be somewhere."
E626B40A,"So I told him the welds won’t hold unless done properly. And doing them properly takes time!"
E633E52A,"GUILDFORD STUDIO DIRECTOR"
E639DE56,"Noah: Yeah, it’s been a long two years. But you’re not out of the woods yet, Faith."
E63B7235,"Can't use FAST TRAVEL while on a mission"
E63F58E2,"Purchase Faith's second upgrade"
E6441024,"Plastic: 60 seconds left! You’re going to have to climb up there! Use your Cyclone glove!"
E644C2E4,"Learn to walk"
E64AE50C,"Wise man, your grandpa."
E64D07E0,"Faith: OK. Here goes ..."
E65A4ADA,"ADDITIONAL SOUND RECORDISTS"
E65C9AE7,"Faith: No, he didn’t tell me."
E65FFD80,"Delivery confirmed. I really hope she appreciates this. Thanks for helping out."
E6642492,"Faith: Gang leader killed? Icarus, are you seeing this?"
E66F160E,"What did he do?"
E67C8932,"Plastic: Careful!"
E69229EB,"LIGHT ATTACK"
E692FA04,"Faith: That’s it?"
E6934710,"A farmer? A real farmer?"
E6948DE1,"UP ACTIONS"
E69CE80D,"Plastic: (static) when you’re out, Faith."
E6ACD2E2,"Follow Icarus"
E6B77812,"So that makes you what - a farmboy?"
E6D59F14,"EXTRA STAMINA"
E6E858E0,"Icarus: Get away from there Faith! Evade them any way you can! Don’t let them catch you!"
E6EC572F,"Faith: What stencil?Nomad? What stencil?"
E6EE1EC5,"DIRECTOR OF PROJECT MANAGEMENT OFFICE"
E7044082,"MISSION FAIL"
E72B4FC5,"THE RAPOSA DATAGRAB"
E73225B9,"RESEARCH RECRUITER"
E735DE05,"Rebecca: That’s the spirit."
E73FC024,"INCREASED DAMAGE TO ENFORCERS  Data outlining the defensive and offensive tactics as well as weapon schematics"
E748AAAA,"Delivery missions are the most common runs available. Take on these to hone and IMPROVE your SKILLS as a runner.  A DEAD DROP DELIVERY requires you to deliver the PACKAGE to its intended destination within the allotted TIME."
E74F2CBE,"... and this is the central repository of all test results."
E74F68EE,"MADRID TEST TEAM"
E76B255E,"ELYSIUM CORP"
E7817FA6,"Faith: Good thing the fan is off. I can get in that way."
E788467E,"SENIOR ARTIST"
E79DCF26,"Duplicate login."
E7AD7202,"Noah: A new enzyme. Some sort of nutritional enhancer. Raposa wants it."
E7BE73A9,"HACKABLE SCREEN"
E7BE73AA,"HACKABLE SCREEN"
E7C217D6,"OVERALL QUALITY"
E7D1142A,"Attention. This is a KrugerSec announcement. A female runner matching this image is currently being sought for questioning. Any information about her whereabouts must be immediately reported to KrugerSec."
E7D15FED,"Faith: I got Beat coverage again."
E7D1E1D7,"Automated Voice: Reflection. It will make you excel."
E7D7D0CC,"LOW SPEED + {0:input} = Low damage that can be chained into multiple quick hits.  Can be COUNTERED.   TRAVERSAL + {0:input} = Low damage, speed and FOCUS Gain FOCUS SHIELD by moving through your opponents. "
E7E4B040,"Aline: You’ll need your MAG to continue upward. See if you can find an attachment point somewhere."
E7EF6257,"KrugerSec can RETALIATE against repeated attacks  VARY your attacks to avoid RETALIATION {0:input} SHIFT backwards to dodge"
E7FE0F9E,"HACKABLE SCREEN"
E7FE0FA3,"HACKABLE SCREEN"
E7FF01D8,"DISRUPT +"
E8015598,"LEAD ENVIRONMENT ARTIST"
E80845C3,"CONCRETE CANYON"
E818C03F,"START"
E831A3AC,"GM FRANCE BENELUX"
E8371BE7,"CONSUMER INSIGHTS ANALYST"
E8392363,"Faith: This is great!"
E83FB18A,"Delivery received. Well done."
E844194D,"Faith: My clothes."
E84B2350,"Faith: There’s K-Sec everywhere!"
E856E740,"ORIGINAL STAR WARS SOUND DESIGN CONSULTANTS"
E85E9117,"Noah: Maybe you should see to that alarm instead."
E867F746,"TECHNICAL DESIGNERS"
E8681464,"You have lost connection to the EA servers. Social features will be unavailable."
E87BDCAB,"Too bad there aren’t any like him left."
E88EB09D," MEDIA BUYER"
E8948183,"Purchase half of Faith's upgrades"
E8986811,"Faith: Found it, but I have to find a way around."
E899EB85,"Run free"
E89F772C,"CONSUMER INSIGHTS"
E8A2C40C,"Return to Plastic's hideout"
E8B452D2,"I18N ENGINEERING TECHNICAL TEAM"
E8DEED4A,"Faith: But you need proof."
E8EFBE22,"You are not allowed to access social features"
E8FD6949,"Continue"
E8FEB0F3,"HACKABLE SCREEN"
E8FEB0F4,"HACKABLE SCREEN"
E904CE3B,"ANIMATION SPECIALISTS"
E9148032,"Plastic: I’m closing the doors. You should be safe, Faith. At least for now."
E91D9051,"You want to swear don't you?"
E926E720,"Yeah, you know, things. That can be hacked."
E9274035,"MARKETING CAMPAIGN MANAGEMENT"
E9304EE6,"VOICE OVER SERVICES MANAGER"
E93E4197,"Runners have created quick paths all around the city. Run them as fast as you can, taking shortcuts where possible, and compete on the leaderboards."
E942DBA4,"Check the engineering department"
E942E1A1,"Search for the sensor chip "
E942E1A2,"Go to the top floor"
E942E1A3,"Check the top floor Demo Hall "
E942E1A4,"Chase down and capture the drone  "
E942E1A5,"Take the sensor chip"
E9456DD1,"HACKABLE SCREEN"
E9456DD4,"HACKABLE SCREEN"
E94F9C73,"{0:s} HACKED {1:s}"
E951071B,"The Shard recordings {0:d} / {1:d}"
E95628AC,"Icarus: Watch out for that VTOL!"
E95C56EA,"Are you sure they're not listening?"
E95DB1C1,"YOU HAVE SIGNED OUT YOUR GAMER PROFILE DURING THE PROCESS. SAVE FAILED. "
E9700171,"LEVEL ARTISTS"
E97E4812,"Rebecca: Target spotted. She’s leading an enforcer squad. Take them out."
E98AB1F2,"Icarus: That’s us, Faith."
E98C4A05,"Outta touch"
E99C659F,"Automated Voice: Attention! Omnistat propaganda is omni-present. Report any suspicious activity to your closest KrugerSec office. The Conglomerate is freedom. Omnistat is slavery."
E9A9C88F,"LEGAL APPROVALS ASSOCIATE"
E9C4E7D9,"Get a move on!"
E9CBEAA6,"Follow Icarus"
E9CC8C06,"DASH"
E9D05FF0,"+ Main Mission: Fly Trap"
E9D0C4E4,"View the latest content from our community"
E9D800EE,"Someone once said that Plastic’s brain operates in pure binary code. Plastic herself scoffs at this, knowing full well that she left binary thinking behind when she was five. Now she operates on a quantum level and it’s questionable whether the computers can keep up. To her they are tools through which she molds code like clay, forming and shaping it according to her whims and fancies.  Never one for social interaction Plastic leads a hidden existence in the bowels of the city, getting by on doing jobs for everyone without claiming any particular allegiance. She takes only the hardest assignments, her fee high enough that even some Corporate Houses would think twice before consulting her. But if a job intrigues her in any way she might very well do it for free, just to learn something new."
E9D8C816,"Adds gridLeak locations to the map  Mod: • GLeak v 0.9"
E9DAD12D,"QUALITY ENGINEER"
E9E22C0D,"You know I love you. And we’ll be together again soon. "
E9E453B9,"SAVING..."
E9EE9056,"Noah: What happened!? The whole building is lit up?"
E9F5DABB,"Get a nice place out in the Greylands where you sit on the porch with your husband? Nod to your neighbors and flip them the finger every morning?"
EA12F4AE,"That’s OK. We got the supplies, right?"
EA1DDD71,"DIRECTOR OF ENTERPRISE SYSTEM MONITORING"
EA22A08C,"Icarus: I’m nearby. Still several VTOLs hovering about. The Beat is quiet. Too quiet."
EA2F0CB6,"Seems we have a little emergency. Come out when you’re ready."
EA3757D3,"{0:input} HOLD to pull up."
EA3AC8D8,"Automated Voice: Attention! Always act within Conglomerate policy. Protect yourself. Protect your neighbor."
EA3ED0FC,"GLOBAL CONTENT MANAGER"
EA3F5FAB,"Periodically awarded for participation in events"
EA44C9AD,"GHOST BLUE"
EA5BE243,"Plastic: Do you always state the obvious, Noah?"
EA61F629,"+ SLIDE DISTANCE  Reduces deceleration in a slide increases the distance before Faith transitions to a crawl"
EA67FBF7,"FLOW ATTACK"
EA6BC09E,"Birdman: Yes. I told her you’d gotten your fool self behind bars. She didn’t ask again."
EA87760D,"{0:input} = 180 DEGREE TURN {1:input} WALLRUN + {0:input} = 90 DEGREE TURN {1:input} VERTICAL WALLRUN + {0:input} = 180 DEGREE TURN  A quick directional change that can be added to any move."
EA9577B4,"Rebecca: We did. Team Bernadette got one wounded but no losses. A good day. See you back at the base."
EA9887FF,"Faith: That was fun!"
EAAAEC2C,"Diseases of all kinds are ravaging those poor souls, and nobody is doing anything about it. Well, that stops now. Maybe this won't solve anything, but at least I'm trying."
EAAF8C9E,"Use {0:input} TRAVERSAL ATTACKS to move through your enemies without slowing down"
EAAF8C9F,"{0:input} Gain FOCUS SHIELD and maintain SPEED"
EAAF9022,"PARTNERSHIP MANAGER"
EAB68030,"Aline: From what we can see they still expect the building to remain intact. Some have evacuated but many remain."
EABC684A,"Don’t worry, child. I will take care of you."
EABF0022,"Rewarded for completing In his bad books"
EAC3854C,"CERTIFICATION DEVELOPMENT DIRECTORS"
EAC46A24,"CHAOSLINES RED"
EAD6958D,"Disabling GPU Memory restriction may use more GPU memory than what is available, and could compromize the stability of the game. Are you sure you want to disable GPU Memory Restriction?"
EAE42F98,"Noah: Just keep going."
EAE9AA24,"Purchase all of Faith's upgrades"
EAEF1426,"With Bells On"
EAF9A301,"BREAK AND ENTRY"
EAF9E3C8,"Icarus: Crap! Faith - all those KrugerSec - they’re headed toward the Lair!"
EAFEDA23,"VANCOUVER STUDIO DIRECTOR"
EB0D8EA6,"Faith: Place is closing. Plenty of KrugerSec around."
EB16284A,"LEAD CHARACTERS & ANIMATION ENGINEER"
EB164E9D,"Anything?"
EB292D73,"Plastic: I’ll send it. I’m sorry, Faith."
EB2D22B5,"My mother knows Gabriel Kruger."
EB3ADE33,"SENIOR DIRECTOR OF PRODUCT MANAGEMENT"
EB46B268,"EA STUDIOS"
EB4948B3,"SYSTEM LOCKDOWN"
EB55532B,"PRODUCTION MANAGER AND ADDITIONAL CASTING"
EB5C3D3E,"Aline: You can get inside through the Malus Art Museum."
EB63935A,"{0:d}"
EB660A52,"K-SEC tracking during city alert"
EB6C8933,"FLY TRAP"
EBA0E2F9,"Go to the antenna base building"
EBC1FCF5,"SOCIAL & COMMUNITY MANAGER FRANCE & BENELUX"
EBCE467D,"Number of direct hits Faith can receive before damage becomes CRITICAL  Whether she doesn't feel pain the same way as normal people, or just has the willpower to deal with it, Faith is clearly tougher than most."
EBD4EC39,"Icarus: Just get out anyway you can. We'll take it from there."
EBD5520D,"INCREASED DAMAGE TO SHOCK PROTECTORS  CLASS • Heavy Melee: Kinetic Pacifier  STRENGTH • Increased block or retaliation • Kinetic Pacifier's shock blast  MINOR WEAKNESS • Combat Shift • Heavy Attacks from behind  MAJOR WEAKNESS • Susceptible to Stun • Traversal Attacks  Watch your FOCUS SHIELD and be ready to break off the attack to regain as neccessary"
EBDA91D7,"Icarus: Faith just showed them a thing or two about fighting, is all. "
EBEB00BE,"QA COMPLIANCE MANAGER"
EC2CAF15,"You can't create any more UGC, you have too many. Delete a old UGC to create a new one."
EC3A4EE7,"Nomad: You’re alive! I saw the news! Did they really--"
EC437722,"QE SENIOR DIRECTOR ENGINEERING"
EC49A003,"EXECUTIVE ASSISTANT"
EC57C344,"Noah: And paying good scrip to do so."
EC873183,"OmniStat Tunnels"
ECA3BE98,"STUDIO DIRECTOR OF DESIGN"
ECD94B2D,"COMMUNICATIONS MANAGER FRANCE & BENELUX"
ECE5B6AA,"Plastic: When I was a kid I wanted to build a liquid-core fission reactor."
ECE95DC4,"TECH LEADS"
ECEEBEB1,"... runner. Dispatch thinks she’s the same one who was at Elysium."
ECEEBFE8,"Noah: Faith, you’ll need to go across Turing Avenue to get to AllCom. Use the MAG."
ECEFA4BD,"Aline: I’ll help you as soon as I’m out of here."
ECFD8ABB,"Faith: How come you’re not with them?"
ED044039,"They were gonna ship me to the Greylands. After they’d beaten me up some. Thanks for saving me."
ED069653,"Noah: Good punch."
ED1BF67D,"Noah: Damn, that explosion has KrugerSec going nuts. Faith you should clear out and find shelter for a while."
ED1C8E49,"Guard: Yeah, we got her, control. Nah, I can handle it. Submit!"
ED2AC2A6,"Package reception confirmed. Payment due in full."
ED2F59E5,"Plastic: We can see you, Faith!"
ED32461A,"Noah: Ease up a bit, Icarus. She just got out."
ED3301CF,"BEATRIX BLOCH"
ED3DD88A,"Faith: Didn’t seem to be any other options."
ED3ED2C5,"Retrieve the MAGrope"
ED4044F4,"TEAM LEAD"
ED443CC7,"Shiny New Toy"
ED549EC8,"© 2015 Electronic Arts Inc. EA, the EA logo, Frostbite, the DICE logo and Mirror's Edge are trademarks of Electronic Arts Inc. or its subsidiaries."
ED564B0E,"CINEMATIC ARTISTS"
ED6C4945,"PIPELINE TD"
ED6C7D91,"Origin Startup Failed."
ED77431B,"ITALIAN"
ED7FB5FA,"AT A GLANCE:  As the main food manufacturer and distributer in Cascadia one would expect Raposa to be larger than both Kruger and Bryson combined. But a debilitating internal rivalry, together with a series of misinformed decisions have served to marginalize this once incredibly powerful corporation. They are planning a come-back though. Because people must eat, after all.  CURRENT CHAIRMAN: Anton Raposa TOTAL MARKET SHARE: 4% NUMBER OF EMPLOYS: 5 246 907 as of FY48 MAIN OWNERS: House Raposa CORPORATE SLOGAN: “Food You Can Trust!” MAIN SUBSIDIARIES: Raposa Production, Raposa Retail, Raposa Research FOUNDED: FY03"
ED847FC6,"We could use some distraction."
ED8F11C4,"I disagree."
EDA1D9CD,"Icarus: Damn it, Noah, I can see them shooting at her."
EDAE1422,"Nomad: Great minds think alike. I’m thinking KrugerSec would be rather upset if someone wrecked those antennas."
EDAE3124,"Dogen: Who are you?"
EDB79BAC,"SENIOR TECHNICAL ANIMATOR"
EDC5D76E,"Rewarded for completing The enemy of my enemy"
EDCB4170,"STREAMS GREEN"
EDD18A63,"{1:input} in the ACTIVATION AREA to be PULLED UPWARDS  Can be activated from a RUN, JUMP or STANDING  The VD TORSIONAL MOTOR is significantly more powerful than the stock model, allowing the MAGrope to retract under Faith's weight"
EDD8242E,"+ Main Mission: Vive la Resistance"
EDD86100,"INTERNATIONAL PUBLISHING ORGANIZATION COMMUNICATIONS"
EDE1A110,"THE GREYLANDS IN NO TIME"
EDE79FAE,"You there, Icarus?"
EDE79FAF,"I see it. K-Sec bastards. What do we do?"
EDE79FB0,"We have to stop them."
EDE79FB1,"I’m there."
EDF9B82F,"I figured we could ask some questions."
EDF9B830,"I don't know anything."
EDF9B831,"What did you do to our friends?"
EDF9B832,"Our orders were to capture them, but they resisted--"
EDF9B833,"What did you do?"
EDF9B834,"We had to shoot! They wouldn't submit! Especially the old guy. "
EDF9B835,"Run! I'll meet you later!"
EE01F7AD,"This wasn't supposed to happen, mother! "
EE134F59,"VEHICLES PHYSICS ENGINEER"
EE3408DB,"I have delivery confirmation. Now I only hope he finds it and that he’ll appreciate it for what it represents. Thank you."
EE3DBC81,"Plastic: (on radio, static)"
EE54A15F,"They sure didn’t kid around. Thanks for helping me."
EE579B05,"Skill climbing"
EE65B177,"Kruger2: I did. Hang on.Alright - they’re sending a car. Let’s bring him downstairs."
EE6B202E,"LIGHTING ARTISTS"
EE71EC84,"Press to exit menu and resume game"
EE73FCBD,"Talk to Isabel Kruger"
EE9BA8C0,"Faith: This is really deep down, Plastic."
EEC22366,"REMOVE"
EECF4F0E,"Dogen: No. But it’s a start."
EED3D8BA,"RUSSIAN"
EEFE66F6,"NEW MISSION AVAILABLE"
EF06806D,"Icarus: Thanks for this."
EF0981A1,"We're outta touch down here?"
EF39CD3A,"PIGEONS DOWN - ERATO"
EF401F53,"FAST TRAVEL NOT AVAILABLE"
EF407207,"PATTERNS"
EF43E889,"Noah: So Plastic, what have you been up to lately?"
EF54DF8F,"Run through groups of KrugerSec and keep the chase going"
EF5A0E62,"Icarus: I found an open window for you. Easy way inside."
EF5BBEF4,"Noah: Excellent combo."
EF5E0AFA,"Noah: You’re the one who’s insane if you think I’d ever giver her up. She’s the daughter I never had, Kruger. I doubt your vaunted Reflection can override that."
EF6906AE,"You must stand still to place the start point."
EF711F1E,"Noah: Faith, get to Plastic and let me know when you’re there, OK. It’s not a good time to be outside just now."
EF73771A,"Nomad: KrugerSec are going bonkers over whatever you did. They’re setting up some sort of security posts on the roofs. Saying it’s time to clamp down on the runners for good."
EF8A1D27,"Stay out of sight!"
EF8C22E7,"Are there any more rules?"
EF93FB66,"Retrieve all of the MAGrope upgrades"
EF996568,"Fully Kitted Out"
EF9E6283,"Noah: I’m a bit surprised they want Phoenix Carpenter so much. Guess it’s a good thing they don’t know your real name, Faith, or things would be way worse."
EFA397F4,"{0:input} {1:input}"
EFA78259,"He was asking for it."
EFB8879B,"Aline: You should be in one of the generator rooms. According to the schematics there’s a possible exit through the exhaust fans."
EFC79B4C,"SOUND AND MUSIC EDITORS"
EFD12AAD,"Rebecca: Thank you, Faith. That should make them think twice before they come back down here."
EFD307F2,"VIDEO PRODUCER"
EFDE5BCA,"+ Main Mission: Payback + Side Mission: Top of the World + Side Mission: An Ear to the Ground + GridNode: Rezoning + Fragile Deliveries + Dead Drop Deliveries + Diversion"
EFE785D9,"Rewarded for completing Roof Runner"
EFECEFDB,"RAIN GREEN"
EFFD63C9,"Someone powerful. Anyone else would’ve gotten a one-way ticket to the Greylands."
F016A01A,"It’ll be the Greylands for you. After we have some fun ..."
F0198E1C,"Plastic: You can go through one of the fans, Faith. Um.... I’ll shut it down."
F01D94D4,"Autovoice: Ah, so this means that someone picked up the package. What if they take a peak at it? Yes, of course it’s encrypted.Yes, yes, destination uploaded. Payment in full upon success and so on and so forth."
F026534F,"Icarus: Keep moving! I think I have a solution!"
F036587B,"TOP OF THE WORLD"
F080499B,"Plastic: Keep going, Faith!"
F09315B1,"DOLBY LABORATORIES INC."
F095C7A4,"Combat advantage"
F0A46E80,"Birdman: The bread and butter of our trade. I happen to have a small package I need dropped off. You can pick it up over there."
F0A78B51,"Get to the View"
F0BCFA9C,"Security Hubs: {0:d} of {1:d}"
F0BF8C41,"SHOW LESS"
F0C042FD,"GO TO MARKER"
F0DE5E44,"+ Main Mission: Back in the Game + Dead Drop Deliveries + Billboard Hack"
F0EDD69F,"Nomad: Faith, I really hope you’re not around that antenna anymore!"
F1021486,"Noah: She will."
F11CD066,"There's no rest for the wicked. Rebecca has a new mission in the works and she wants you to take part. Go talk to her and what kind of assistance she requires."
F11DDD9D,"I'm happy I no longer have the items in my possession. The runner will bring them to my friend, and that will be the last of it. I just hope that nobody is following her."
F1241811,""
F125D8A9,"Celeste. We’re ready."
F12F0FE2,"DIRECTOR FRANCHISE MANAGEMENT"
F1308607,"Alright, you can run, but can you hide? Deliver this unseen and there’s some scrip in it for you."
F15D87D6,"Plastic: I could make a copy, you know."
F16CEED6,"SENIOR FINANCIAL ANALYST"
F18EBD58,"ENGINEERING LEAD"
F1920F9E,"Plastic: You’re giving up? But what about your friend?"
F1987D04,"An error occurred while uploading your result to the Beat."
F19D73EC,"FLOW - POWER ATTACK"
F1AA224F,"Purchase complete"
F1B0E795,"Noah: That’s the way to do it!"
F1B4B155,"No need to hang around here."
F1B7971C,"Plastic: Of course! Lots of things. And after all this I will need to stay off the Grid for a while. Everything I do leaves a trace, and sooner or later the gridWatch will catch on. Even if they are stupid."
F1BA76BF,"WORLD WIDE QA CATLAB"
F1BE2D74,"Nomad: I saw that, Faith. Told you, you couldn’t fool me. She just helped that loCaste, Noah."
F1CB1FA6,"Not the face!"
F1DA8BD7,"STAR WARS BATTLEFRONT BABIES"
F1DC1B84,"{1:input} in the ACTIVATION AREA to PULL object  The GRAPPLING TIP can grab objects allowing Faith to pull them from a distance"
F1DF8E29,"COMPLETED"
F1E92407,"Reach full focus and keep it going"
F1ED4227,"Hey, hey! You will. But first you need a break."
F1EE8E09,"Praise the Run"
F2089740,"Have you seen these? I have never seen these studies before. "
F2094AE3,"SENIOR MYSQL DBA"
F217DF77,"Construction"
F21DE1C8,"We’re almost done with the supply list. "
F22FA03D,"REBECCA"
F2320AC7,"PUBLISH"
F24DCA1D,"Faith: Won’t they just stop the employ shuttle if they see me get on it?"
F252230F,"Rebecca: We’ve secured an elevator. It’ll take you straight to the HQ."
F255B2B3,"Yes, Faith! We are. Let’s go!"
F2785332,"Anyone willing to help out with a diversion will be well paid."
F27A636D,"Crystal Valley documents {0:d} / {1:d}"
F27A63AF,"Eden Village documents {0:d} / {1:d}"
F27A656F,"Shimmering Heights documents {0:d} / {1:d}"
F27B887D,"Icarus: You’ll like it better when we’re done, Noah."
F283D37B,"Now, he owns a rifle shop. Now, his cousin knows a guy who has a men's wear, selling slacks. It's a little place. And he has a restaurant, also on the sidelines, in Anchor! Now, he can help us."
F2860FAF,"I wonder about the “smarter” part. Did you check the mesolimbic pathway differentiations?"
F28B4C59,"Automated Voice: Reflection. Project yourself onto the Grid. Project the Grid unto you."
F28DB477,"Noah has sent you to ANCHOR district to talk to someone named PLASTIC. Supposedly this person can help with decrypting the drive you stole so that you can find out what's on it."
F2987360,"QA TESTER"
F2A7C0DA,"Then the corporations won't be able to stop us."
F2AFE1DF,"Icarus: Put it on."
F2B9FF53,"Charter Hill documents {0:d} / {1:d}"
F2B9FF5B,"Concord Plaza documents {0:d} / {1:d}"
F2B9FF64,"Centurian Yards documents {0:d} / {1:d}"
F2BA0180,"Triumvirate Drive documents {0:d} / {1:d}"
F2CC66E3,"RUNNER TAG FRAME"
F2F250D9,"OPERATIONS SUBMISSION & RELEASE"
F2F61A5E,"SENIOR FACILITIES MANAGER"
F3208642,"FAST ATTACK"
F3208FC1,"BUSINESS AFFAIRS & DEVELOPMENT"
F3268C81,"I'll contact Icarus and offer them sanctuary. And you, avoid K-Sec! "
F335A64D,"Cat. Caitlyn Connors."
F33FDD11,"DOCUMENT +{0:d} XP"
F34244F7,"The Conglomerate is not going to stand for what you're doing much longer, Dogen."
F34382BE,"I wouldn't get my hopes up."
F348C69A,"Finish Recording"
F359D74F,"I ..."
F37247D1,"ASSISTANT ENGINEERS"
F3739988,"I couldn’t stand being locked up for two years. I’d rather die."
F37C210D,"Hello, Isabel. How did the tests go today?"
F37E0851,"Isabel?"
F37EF5AF,"Plastic: Great, you got them, Faith. Wait - no, there’s more. I just found a new group. Can you grab them as well?"
F3A23953,"My name is Isabel. Isabel Kruger."
F3A2AA2E,"Run a total of 50 km during the 6 hours of EA Access"
F3A613D9,"I know, I know ... And that's the thing. I mean, you're right. I can feel it. Things will improve. "
F3A646DB,"Dogen: A ... friend. I haven’t heard from her in a long time, and then I got a cryptic missive the other day which states that she’s in some sort of trouble. My people usually deal with these things, but I want to keep this one closer to myself."
F3A81430,"Sorry, got to run"
F3BAA23F,"OmniStat Tunnels documents {0:d} / {1:d}"
F3C42DC7,"Will be visible on your profile and have a chance to show up in other people's games."
F3E5999C,"CREATIVE EXECUTIVE"
F3EDF319,"OPERATIONS BACK END SYSTEMS"
F3EE39CB,"Noah: No reason, just making conversation."
F3F1C8B4,"Noah: You can do this, Faith."
F4015F1C,"Ocean Pier documents {0:d} / {1:d}"
F4015F71,"Regatta Bay documents {0:d} / {1:d}"
F403F318,"TRIUMVIRATE DRIVE"
F403F31D,"CENTURIAN YARDS"
F4061036,"Noah: Exactly like that. Well done!"
F40BCA2A,"Plastic: I’m bored. I fiddled around with the Sky City enclosed environmental protocols for a while but they shut down the whole system after the blizzard ... Hey, I have an idea. You can help me access the metaGrid."
F40D55BB,"Noah: The city has changed since you were taken, Faith. KrugerSec are coming down hard on even the tiniest policy infractions."
F41102E4,"{0:time:mm:ss.ff} ({1:time:+ss.ff})"
F41B7060,"Noah: Thanks, Plastic, I appreciate it. Just until this thing blows over."
F41D325C,"SCRIPTER"
F43058ED,"Icarus: OK, Faith, I’ll hand it to you. You’re better than me."
F44206F1,"Damn it. We’ve been seen. Disperse. Dogen won’t like this ..."
F4481CC0,"JAPANESE"
F448B3C5,"Noah: Read up on the Connors family history, and you’ll get why, Icarus."
F44A2828,"It would. I’ll talk to Director Thoren tomorrow."
F455D021,"Automated Voice: Attention! Black November activity has been reported in the Rezoning Construction area. KrugerSec is investigating. Until further notice, no employ presence is allowed."
F46D5DF6,"There you are. Over here."
F47D7311,"SVENSKA STUNTGRUPPEN"
F47EDA8B,"MAIN MISSION"
F4980E27,"I'd like you to try a new treatment I have been working on, with my Elysium friends."
F4AC1060,"Plastic: Find a way through maintenance and then cross the Umbilical on the outside."
F4AEFE77,"Rewarded for completing P.I. Connors"
F4B0D874,"What goes on at Kingdom is no concern of yours, Director Maera."
F4B46879,"HALFTONE BLUE"
F4B67A66,"Loading survey..."
F4BB6BA6,"Icarus: Over here."
F4C695B8,"Nomad: No worries. Here. I’ve marked the nearest antenna on your beat. You can go through here."
F4D0EBF7,"{0:d} SURVEILLANCE CAMERAS LEFT"
F4D2DB10,"DICE OPERATIONS FRONT END DEVELOPMENT"
F4D9235D,"BE LIKE WATER"
F4DA0D40,"LEAVE"
F4DFE9F1,"Plastic: Yes! Here we go and ... damn it."
F4EBC469,"Pick-up confirmed. Delivery destination uploaded."
F4F4335A,"Automated Voice: Attention! Employs should be ready for gridPrint verification at all times. If found loitering in any off-limits area, you face potential contract termination followed by deportation."
F4F4949A,"RUN, JUST RUN"
F517AD63,"Noah: I’m guessing Birdman challenged you to a dash. And I can imagine which one. Oh man, back in the day I ran it so many times I could do it blindfolded ..."
F52CD882,"ARTISTS"
F53C6B0C,"Faith: Found the first sentry drone, and a way to deal with them."
F54A460B,"MARKETING & PR MANAGER MEXICO"
F550535D,"Faith: Hope you get what you need Beatrix."
F55A9D27,"Hey. I’m over here."
F55C0D01,"There's this too. Looks like some kind of map."
F56CD973,"playerPosition_active{0:s}"
F57FF3EF,"QA COMPLIANCE PROJECT LEAD"
F580BA13,"Icarus: Careful there, Faith!"
F59F4415,"Icarus: I’ll lead them off. Meet you back the Lair, Faith."
F5A0C87C,"Press a key or a mouse button to bind this action."
F5A53B2D,"Not really. Mom left for the city when she was still young. She could see the writing on the wall, even if gramps refused to."
F5B1CB03,"SENIOR DIRECTOR"
F5B26380,"Faith: Noah, I’m getting some weird interference here."
F5B89E08,"LEAD LEVEL DESIGNERS"
F5BE9CAF,"ARE YOU SURE YOU WANT TO DELETE THIS PLAYER PROFILE DATA FROM THE STORAGE DEVICE?"
F5C3206F,"CURRENT MISSION"
F5CD9711,"Of course you don't, Kristian. Tell me what happened. From the beginning, mind."
F5D4271B,"NUMLOCK"
F5D61CF7,"NUM0"
F5D61CF8,"NUM1"
F5D61CF9,"NUM2"
F5D61CFA,"NUM3"
F5D61CFB,"NUM4"
F5D61CFC,"NUM5"
F5D61CFD,"NUM6"
F5D61CFE,"NUM7"
F5D61CFF,"NUM8"
F5D61D00,"NUM9"
F5D973A5,"ANCHOR, MID- & HICASTE. POP 63000"
F5EA1948,"Hey, I’m waiting here."
F5EBCE1E,"{0:input} to climb over object"
F5F68E80,"Dogen: It’s possible to access his private network from there. That way you can get the gridPrint."
F5FA0DBA,"He means it, you know. Don’t make this worse on yourself."
F604060F,"Parasite extermination sub-routine: active. Cleansing area."
F61719EF,"The one I told you about. Dogen."
F61FAB0A,"GLOBAL ANALYTICS AND INSIGHTS"
F652DD60,"For DICE Friends"
F654CF28,"Noah is definitely alive, and he’s being kept at a secret facility called KINGDOM, the location of which Plastic was unable to extract from the KrugerSec data. But you have an idea that DOGEN might know. He does nothing for free though, and the question is what the information will cost you … "
F65646DC,"A safe house will hide you from Kruger Sec"
F6584762,"GHOST BLACK"
F658F7A1,"Plastic: Top floor! Almost."
F65B38D7,"Noah: Ouch, that would’ve hurt."
F665FD43,"Nomad: Better get out fast, then."
F66AA293,"EA STAR WARS"
F66D20F4,"Dogen: I can’t confirm it, and if he is alive KrugerSec probably sent him to the Greylands. But I’m sure an industrious young woman such as yourself will have no trouble uncovering his whereabouts."
F66F25CD,"Try to look and move straight forward"
F671EC99,"{0:input} or {1:input} + {2:input} COMBAT SHIFT to avoid being hit"
F673A80F,"Noah: You make me proud, Faith. Well done."
F69B6512,"BeatMOD that can display KRUGER-SEC pursuit data during states of Alert  Mod: • ColdSurv v 0.7"
F6BE6770,"Faith: Let’s make a mess."
F6D26633,"FAMILY MATTERS"
F6DC53DD,"I heard ... Damn it ..."
F6DC53DE,"What happened to you?"
F6DC53DF,"We were moving your sister topside when all hell broke loose ... "
F6DC53E0,"I screwed up and KrugerSec injected me with something and just let me go."
F6DC53E1,"with something and just let me go."
F6DC53E2,"Your new friend seems to think it's Reflection."
F6DC53E3,"Sounds like it. Come on."
F6DC53E4,"We're here to help you!"
F6DC53E5,"And you are infected which means you've infected this entire operation!"
F6DC53FD,"It is not fully active yet! We’re perfectly safe for now."
F6DC53FE,"You ... What the hell were you thinking sending those god damn beacons here?! "
F6DC53FF,"What’s to stop KrugerSec from raiding us?"
F6DC5400,"I am telling you! The signal can’t reach this deep!"
F6DC5401,"Well, it certainly reached her sister as soon as we got topside!"
F6DC5402,"it certainly reached her sister as soon as we got topside."
F6DC5403,"KrugerSec were on us within minutes. And I lost good people!"
F6DC5404,"You’re not the only one."
F6DC5405,"You were never going to give me those blueprints, were you? "
F6DC5406,"Well, I have other ways to hurt the families. Mark my words!"
F6DC541E,"Their lofty towers will not protect them!"
F6DC541F,"Faith. Until Reflection is destroyed, we're prisoners here. "
F6DC5420,"I may have a way, but I need that blueprint."
F6DC5421,"Go to my friend Plastic."
F6DC5422,"She has it, and you’ll be safe there. Icarus can show you the way. "
F6DC5423,"Use the tunnels."
F6DC5424,"What about you?"
F6DC5425,"We should get going. Come on, Doctor."
F6DC5426,"Hey, kid, take it easy with that!"
F6DC5427,"Don't you recognize me?"
F6DC543F,"Why ..."
F6DC5440,"Please ..."
F6DC5441,"Faith?"
F6DC5442,"Hey ... Come on. I'll take you out of here."
F6DC5443,"You doing OK?"
F6DCD2E2,"DIRECTOR OF BUSINESS AFFAIRS & DEVELOPMENT"
F6EFF6AE,"RECORDING #0253 LOCATION: KRUGERSEC MESS HALL B  TRANSCRIPT:  GUARDIAN GH So then Gabe says he's got a special mission for us, right? That he wants us to sweep the old tunnels. For mines and stuff.  GUARDIAN SR Hold up, hold up. Did you just call Gabriel Kruger ""Gabe""?  GUARDIAN GH Yeah, we’re on a first name basis. It's a bromance! You know!  GUARDIAN TS And does he know that?  GUARDIAN GH Of course he knows that! I call him Gabe and he calls me George Gordon.  GUARDIAN SR Of course he does.  GUARDIAN GH Will you shut up? I'm trying to tell the new guy about our mission.  GUARDIAN TS Why, hello there, George Gordon. You're so big and strong. I've got a special mission for you.  GUARDIAN GH What kind of voice? He doesn't speak like that at all.  GUARDIAN TS He sounds exactly like that!  GUARDIAN GH He doesn't speak like that--  GUARDIAN TS He sounds more like that than your impression of me.  GUARDIAN SR Oh, just shut the hell up ya'll!  GUARDIAN GH What?! Gabe said to me that hair movement shows weakness.  GUARDIAN SR Ah, he's right about that.  GUARDIAN GH So I'm just gonna make sure my hair is gelled to shit. Come on. Let's go and do some yoga.  END OF TRANSCRIPT"
F6EFF6AF,"RECORDING #0317 LOCATION: OMNISTAT TUNNEL SECTION 06 - ALPHA  TRANSCRIPT:  GUARDIAN TS This is not what I signed up for. I'm not meant to be underground. I should be doing something else. I could be a valuable asset to KrugerSec, but they don’t get it.  GUARDIAN PM And what is it you do exactly, that’s so valuable?  GUARDIAN TS Well ... For one thing, I know how to hack things.  GUARDIAN PM Hack ... things?  GUARDIAN TS Yeah, you know, things. Things, that can be hacked.  GUARDIAN GH Hey guys! Sweetwater! Come take a look at this.  GUARDIAN SR What is it now, Haggard? Have you found something to blow up?  GUARDIAN GH You really should see this ...  GUARDIAN TS Is that ... ?  GUARDIAN GH Yeah ... It's gold.  (WHISTLING)  END OF TRANSCRIPT"
F6EFF6B0,"RECORDING #0581 LOCATION: OMNISTAT TUNNEL SECTION 06 - ALPHA  TRANSCRIPT: GUARDIAN TS This box isn't from here. That ain't no corporate logo. This is OmniStat stuff.  GUARDIAN SR Ah, hell. Where did say you found it?  GUARDIAN GH I didn't say. It was hidden. I only found it because I pulled it out and tripped on it.  GUARDIAN PM That's a lot of gold. Must be worth a ton of scrip.  GUARDIAN TS There's this too. Looks like some kind of map.  GUARDIAN SR A map of what?  GUARDIAN TS Of these tunnels, it looks like.  GUARDIAN GH That's a lot of X:s on that map.  GUARDIAN TS And a lot of tunnels. How big is this complex, really?  GUARDIAN SR My guess is the X:s point to other caches, just like this one.  GUARDIAN GH Do you think there's gold in them there other ones too?  GUARDIAN SR I don't know. They must have been placed here in preparation for something.  GUARDIAN TS An invasion? Or maybe spy money?  END OF TRANSCRIPT"
F6EFF6B1,"RECORDING #0794 LOCATION: OMNISTAT TUNNEL SECTION 06 - ALPHA  TRANSCRIPT:  GUARDIAN GH So Sarge, if it's like you say, and the gold has been hidden here, for spies and other vermin, then wouldn't it be a very loyal thing to liberate said gold from OmniStat, thus eliminating the threat?   GUARDIAN TS Yes! Yes, yes, Haggard is totally right. We should absolutely liberate it.   GUARDIAN SR Well ... The loyal thing would be to call up Mr. Kruger on your gridLink and report this immediately.   (GENERAL COMMOTION)  GUARDIAN GH  No, don't be silly! No! I mean, what use is this gold to him? I mean, he's got more scrip than he can spend in a lifetime.    GUARDIAN TS Yeah, way more! Besides, reception is not very good down here, is it guys? You got anything?  GUARDIAN GH I got no bars. Not a bar here, I can't download nothin'!  GUARDIAN TS There you go.  GUARDIAN GH See?! Nothing!  GUARDIAN TS We're out of touch down here!  GUARDIAN GH Out of touch!   GUARDIAN SR Two more weeks and I’m retiring. I only asked to be transferred to this company to get my tour cut short.  GUARDIAN GH  What are you going to do with your retirement? Get a nice place out in the Greylands where you can sit on the porch with your husband? Nod to your neighbors and flip them the finger every morning? While you just sip your double espresso, until that stubborn little poop comes out? Just waiting until Saint Peter taps you on the shoulder? I don't think so, Sarge! That's not the Sarge I know!   GUARDIAN TS I know I would want to spend my retirement in a luxurious Regatta Bay apartment. You know, with a big wide-screen TV, and all that kind of stuff. Not in some Greyland hovel!  GUARDIAN SR Oh, man. Two weeks. And this happens.  GUARDIAN PM You wanna swear, don't you?  GUARDIAN GH Come on! Smile, Sergeant!  GUARDIAN TS Smile and swear! They're both good!  (GENERAL ENCOURAGEMENT)  GUARDIAN SR Damn!  (GENERAL COMMOTION)  END OF TRANSCRIPT"
F6EFF6B2,"RECORDING #0803 LOCATION: OMNISTAT TUNNEL SECTION 06 - ALPHA  TRANSCRIPT:  GUARDIAN SR Alright. So, since you have a plan for everything, how do we convert this gold into actual scrip? I don't know one single realtor who’d trade an apartment in Regatta Bay for pure gold. They’ll want scrip.  GUARDIAN GH Well, we can't just sell it. They'd notice that right away. We'd have to get someone to do it for us. A proxy.  GUARDIAN TS I have a bad feeling about this.  GUARDIAN SR And who would that be?  GUARDIAN GH I have a friend who has a friend who has a cousin who has a friend who knows somebody.  GUARDIAN TS I got lost there.  GUARDIAN SR Well, that sounds promising, Haggard.  GUARDIAN GH Now, he owns a rifle shop. Now, his cousin knows a guy who has a men's wear, selling slacks. It's a little place. And he has a restaurant, also on the sidelines, in Anchor! Now, he can help us.  GUARDIAN TS So a gun-toting, daper gent, culinary wiz is gonna help us sell the gold?  GUARDIAN GH His cousin, yes!  GUARDIAN PM How is he gonna do that? We're gonna hide things in slacks? We're gonna hide-- We're gonna make gold slacks?  GUARDIAN TS We will look good.  GUARDIAN GH I don't know! I don't know! I'm not the brains of this operation.   GUARDIAN PM You think?  GUARDIAN GH I didn't do marketing! I don't know about selling slacks! I'm not even sure this operation has any brains. There's a lot of gold here though and we deserve it. We've done our part for this proud nation. This is our reward, damn it!  END OF TRANSCRIPT"
F6F00680,"I said, spread them!"
F70456FE,"Save and publish this Beat L.E. to the Beat?"
F7101CB9,"Wonderful. How long will it last?"
F71862E0,"Avoid hard landings"
F7270AAB,"Icarus: Plastic, we don’t even know if Kruger is there."
F72FE5AD,"SHOW PROFILE"
F731E3AE,"DIGITAL COMMUNICATIONS SPECIALIST"
F741AF53,"Noah: This is a shared channel, Dogen."
F74AADDF,"LIGHT ATTACKS"
F751223D,"IMPACT - POWER ATTACK"
F751D2CE,"Already looking so much healthier than you did just a few weeks ago. "
F754B9A0,"Icarus: We’re working it, sir."
F76CD604,"Noah: You’re gonna have to be at your best to make the leaderboards. Find your flow and maintain it."
F776C18A,"Faith: Plastic, I’m at the waypoint."
F78C28D1,"OPERATIONS FRONT END SYSTEMS"
F7976923,"I’m over here."
F7A94D63,"Crystal Valley electronic parts {0:d} / {1:d}"
F7A94DA5,"Eden Village electronic parts {0:d} / {1:d}"
F7A94F65,"Shimmering Heights electronic parts {0:d} / {1:d}"
F7B04D34,"VP DIGITAL BUSINESS FRANCHISE MANAGEMENT"
F7B2687D,"BIRDMAN"
F7B48B12,"DIRECTOR OF ENGINEERING"
F7BA4FC0,"Icarus: Make sure you only attach it to secure points. Then you jump, and swing. Not much more to it."
F7BB3374,"We're gonna hide things in slacks? We're gonna hide… we're gonna make gold slacks?"
F7D04302,"Right Stick"
F7D0FC90,"DICE PROJECT MANAGEMENT QA"
F7D113C8,"EXTENSIONS"
F7D22D15,"SAVANT EXTRAORDINAIRE"
F7DC7969,"MM/dd/yyyy"
F7E8E949,"Charter Hill electronic parts {0:d} / {1:d}"
F7E8E951,"Concord Plaza electronic parts {0:d} / {1:d}"
F7E8E95A,"Centurian Yards electronic parts {0:d} / {1:d}"
F7E8EB76,"Triumvirate Drive electronic parts {0:d} / {1:d}"
F7EC63E7,"Combat Runner Kit"
F7EE7694,"Icarus: Don’t stop unless you’re behind cover!"
F7F001C1,"Nomad: Yeah! Look at them go!"
F802A0E0,"TIME TRIAL #{0:d}"
F806B0AB,"ABOUT HEADER"
F80794CF,"WEB REFRESH"
F815D0B2,"Talk to Plastic."
F817B402,"Faith: I’ve found a way inside agricultural. And ... I think Gabriel Kruger is here."
F81A11F3,"Icarus: I guess Noah really meant it when he called you the best runner out there."
F81DD6C5,"I’m inside the offices now, Faith."
F8293E30,"You’ll be better than me."
F82A9088,"VO ACTORS"
F82EA9BE,"Faith causes less damage to objects while scavenging, resulting in it being worth more."
F82F2D79,"Rewarded for completing Praise the Run"
F83252EF,"ONLINE CONSOLE"
F834977B,"STREAMS ORANGE"
F83AC39F,"SAVANT EXTRAORDINAIRE"
F83DB195,"MARKETING DIRECTOR"
F83E9A19,"Plastic: I’ll drive it!"
F847EC66,"Noah: No, I mean ... Nevermind. "
F84FCEFB,"OPERATIONS CHANGE MANAGER"
F8566542,"LCTRL"
F864CA8E,"Automated Voice: Attention! Starting next week, all employs putting in an extra 40% effort per work week will receive a boost to their corporate shareholder plan. Any employ that fails to do so will receive a 10% deduction of their stock allotment."
F868998D,"{0:input} Activate RUNNER'S VISION"
F86EC707,"ELECTRONIC PART +{0:d} XP"
F877EF17,"Thanks for delivering these disgusting little buggers. Dogen says they’re delicacies. I say they’re snails. But then again, I’m not eating them."
F87C569D,"Icarus is waiting for you with some sort of GADGET Noah says you'll need to get into the ANCHOR district. Meet up with Icarus to see what it's all about."
F87F6DD7,"Plastic: Nah, it’s coming from somewhere within the city."
F8864F2A,"Nomad: My contact will meet you at the marker on your map."
F8988B0D,"Noah: OK. Sorry."
F8A3856B,"Beatrix: And you’re also the main topic at a great many cocktail parties. Kruger hates you and your kind."
F8A62970,"Faith: Really?"
F8ABDE70,"{0:input} (HOLD) + {1:input} to slide attack the echo"
F8B06178,"Noah: Good one."
F8B1667F,"OPERATIONS ANALYSIS"
F8B5E78F,"{0:input} SELECT USER"
F8B7A6FD,"Noah: They made their choice long ago, Icarus."
F8C6877C,"Skill Move: SWING"
F8C6EC55,"PROGRESSION SCREEN"
F8CDB967,"SECURITY HUBS"
F8E8C194,"When running a DASH the red will show you a way, but not necessarily the quickest one"
F8E8C195,"The amount of RUNNER’S VISION can be adjusted in the options menu"
F8E8C196,"If you see a rat the size of a car, you're playing the wrong game"
F8E8C197,"Clear the GRIDNODE in an area to unlock FAST TRAVEL to the nearest safe houses"
F8E8C198,"SKILL ROLL helps you keep momentum after high jumps. Purchase it in the PROGRESSION SCREEN."
F8E8C199,"In your map PROFILE PAGE you can find detailed statistics of player STORY progression, WORLD collectibles and DIVISION rank"
F8E8C19A,"The QUICKTURN is a very useful skill to know. Purchase it in the PROGRESSION screen."
F8E8C19B,"When you have FOCUS SHIELD you can’t get hit, except by counter attacks"
F8E8C19C,"Vary your attacks! You will be harder to counter or block."
F8E8C1B4,"Attacking from a Wallrun or Springboard does significantly more damage"
F8E8C1B5,"Attacks, like movement, change depending on how you use your environment"
F8E8C1B6,"Spend your UPGRADE POINTS to purchase new abilities and upgrades"
F8E8C1B7,"SHIFT after a hard landing to quickly accelerate back up to speed"
F8E8C1B8,"Explore and find new paths! RUNNER'S VISION shows you one route, but not necessarily the best one."
F8E8C1B9,"Replay a mission from the MISSIONS SCREEN to find all collectibles"
F8E8C1BA,"You can select which ECHO to RACE against in the leaderboard when running a TIME TRIAL"
F8E8C1BB,"TIME TRIAL CHECKPOINTS can be placed in the middle of a MOVE, even midair if you want to"
F8E8C1BC,"In your map PROFILE PAGE you can find detailed statistics of player STORY progression, WORLD collectibles and DIVISION rank"
F8E8C1BD,"Found a fun route to run? Create a TIME TRIAL and challenge your friends."
F8E8C1D5,"You can customize your RUNNER TAG on mirrorsedge.com"
F8E8C1D6,"When you're moving, you generate a FOCUS SHIELD. When you're focused, enemies can't hurt you."
F8E8C1D7,"You can escape a K-Sec Alert by reaching a SAFE HOUSE or SAFE AREA. Find them in the map."
F8E8C1D8,"You can trick enemies by SHIFTING left or right"
F8E8C1D9,"Enemies don’t just chase you, they will try to anticipate your route and cut you off"
F8E8C1DA,"KrugerSec will quickly counter repeated standing, or low speed attacks"
F8E8C1DB,"Use COMBAT SHIFT to dodge attacks and out-maneuver your enemies"
F8E8C1DC,"Attacks, like movement, change depending on how you use your environment"
F8E8C1DD,"COMBAT SHIFT to dodge enemy attacks"
F8E8C1DE,"Enforcers won’t risk hitting other KrugerSec if Faith is too close"
F8E8C1F6,"Movement and actions build a FOCUS SHIELD. Not moving or being attacked destroys FOCUS."
F8E8C1F7,"QUICKTURN is possible on both vertical or horizontal wallruns"
F8E8C1F8,"You can control the MAGrope’s  swing speed and direction to your advantage"
F8E8C1F9,"SHIFT after a hard landing to quickly accelerate back up to speed"
F8E8C1FA,"Explore and find new paths! Runner’s Vision is the most direct route, but not necessarily the best route."
F8E8C1FB,"The SHIFT move is a burst of acceleration in any direction, that lets you build focus immediately"
F8E8C1FC,"If you see a rat the size of a car, you're playing the wrong game"
F8E8C1FD,"Found a hard to reach spot? Create a BEAT L.E. and see if your friends can reach it."
F8E8C1FE,"You create unlisted TIME TRIALS and send to your friends on the Beat to have a private challenge"
F8E8C1FF,"If you bookmark a TIME TRIAL you can keep playing it even if the owner unlists it"
F8E8C217,"You can select which player's time to run against in the TIME TRIAL leaderboard"
F8E8C218,"The DISRUPTOR can both take out cameras and knock out KrugerSec personnel. Purchase it in the PROGRESSION screen."
F8E8C219,"Cameras won't have time to spot you if you move fast through their tracking cone"
F8E8C21A,"Hack screens in SAFE HOUSES to show off your runner tag in your friends’ games"
F8E8C21B,"Keep your FOCUS SHIELD up and you can outrun a Hunter drone"
F8E8C21C,"Patrols will sometimes look the other way when a runner is spotted. After all, what cop wants to report that they couldn’t catch a lone runner?"
F8E8C21D,"STUNNED or STUMBLING enemies can’t counter punches very well"
F8E8C21E,"Use the environment when attacking for more damage and longer stumbles"
F8E8C21F,"COMBAT SHIFT to dodge enemy attacks"
F8E8C220,"Movement and actions build a FOCUS SHIELD. Not moving or being attacked destroys FOCUS"
F8E8C238,"Sentinels and Shock Protectors are weak to the SWITCH PLACE upgrade"
F8E8C239,"Wallrun + QUICKTURN + Attack is a powerful combo when being chased"
F8E8C23A,"DISRUPTED humans are vulnerable to standing, or low speed attacks"
F8E8C23B,"Disrupting stunned drones and turrets destroys them"
F8E8C23C,"The DISRUPTOR will hack KrugerSec comms, STUNNING them with massive audio and visual feedback"
F8E8C23D,"Black November INTEL upgrades make different enemy types easier to take down"
F8E8C23E,"Jump KICK a DISRUPTED drone to destroy it"
F8E8C23F,"LIGHT TRAVERSAL ATTACKS give FOCUS SHIELD"
F8E8C240,"Return to old areas after purchasing new moves or gadgets to experience them in a new way"
F8E8C241,"The SHIFT move is a burst of acceleration in any direction, that lets you build focus immediately"
F8E8C259,"Gather recordings spread across Glass to learn more about Cascadia and its citizens"
F8E8C25A,"Complete a BILLBOARD HACK to have your RUNNER TAG show up on billboards in your friends’ games"
F8E8C25B,"Running COVERT & FRAGILE DELIVERIES will give you an insight into the lives of employs"
F8E8C25C,"The Distance Bonus in KrugerSec Alert is higher the further away from the alert zone you can run"
F8E8C25D,"Disable Security Cameras by DISRUPTING them"
F8E8C25E,"Security cameras scan employs’ gridPrints. A mismatched gridPrint is sure to attract Kruger Sec patrols."
F8E8C25F,"Use the environment when attacking for more damage and longer stumbles"
F8E8C260,"Movement and actions build a FOCUS SHIELD. Not moving or being attacked destroys FOCUS."
F8E8C261,"You can listen to collected Surveillance Recordings in the INTEL screen"
F8E8C262,"You can switch Runner's Vision between Off, Classic & Full in the Options menu"
F8E8C27A,"You can change your Controller Layout in the Options menu"
F8E8C27B,"Enemies will retaliate if you repeat your attacks. Try to mix things up."
F8E8C27C,"A runner is always on the move. Standing still in combat invites danger. Use your speed against the enemies."
F8E8C27D,"You don't always have to stay and fight. When traversing the city, it is often preferable to run away from KrugerSec."
F8E8C27E,"All KrugerSec weapons are biometrically linked to their owner. Faith couldn't use them even if she wanted to."
F8E8C27F,"To learn about how Faith ended up in juvie, check out the Mirror's Edge Exordium comic"
F8E98C35,"OmniStat Tunnels electronic parts {0:d} / {1:d}"
F8EC0120,"Side Mission Completion"
F8F89D64,"Faith: Yeah? Could’ve fooled me."
F8F9B9BA,"ART DIRECTOR"
F911AF20,"Rank: {0:s}"
F924A594,"This is it. But how to proceed from here? "
F924C146,"Failed to connect to EA Online. Social features will be unavailable. Please try again."
F92633CD,"Aline: Faith. It’s Aline. We have good news and bad news."
F9304912,"Ocean Pier electronic parts {0:d} / {1:d}"
F9304967,"Regatta Bay electronic parts {0:d} / {1:d}"
F934425F,"DIRECTOR PARTNERSHIP MANAGEMENT"
F941E768,"GLOBAL MEDIA"
F94968B9,"Beatrix: Who are you, again?"
F94ACBE8,"The UGC has been deleted by the user and is no longer available."
F955CE8A,"Shimmering Heights"
F9623B5C,"LAUNCH ONLINE TECHNICAL DIRECTOR"
F964D4D7,"LEAD GAMEPLAY ANIMATOR"
F967723E,"That he wants us to sweep the old tunnels. For mines and stuff."
F975F31C,"I say we drop him off the roof. One less leech."
F985F4AC,"Faith: What? Who? How? How do you know she’s my friend?"
F98DB1B1,"Faith: In my clothes, even. Thanks for looking after them. How have you been?"
F99039E5,"ENGINEER"
F99A6761,"Dogen: Aah. That hurts, Noah. And it’s also not true."
F9BE1D8C,"THIS IS A DEMO AND NOT THE FULL PRODUCT"
F9BEA47B,"DR. ALINE MAERA"
F9C1FEA5,"Noah: You’ll know you’re doing well when you find your flow."
F9CB223C,"Go talk to Plastic."
F9E8ECDD,"AUDIO"
F9EBB379,"Rebecca: The families will fall. Nothing so corrupt can survive forever."
F9F82408,"Plastic: Damn it!"
F9F998C7,"Use TRAVERSAL to build FOCUS SHIELD"
F9F998C8,"FOCUS SHIELD lets you DODGE bullets"
FA0AFF52,"UNLISTED CHALLENGE"
FA0BAFA2,"JUMP"
FA0C8519,"K-SEC ALERT"
FA16C364,"Aline: There’s a lot of interference from the area you’re entering, Faith. Expect comms to go down. Just keep going and we’ll reconnect once you’re through. There’s a quite a-- (static)"
FA17C8F6,"Nomad: So my best friend is out of prison and she doesn’t even come to visit?"
FA26F78A,"UNABLE TO DELETE PLAYER PROFILE DATA."
FA3047F0,"ORIGINAL MUSIC COMPOSITION AND ORCHESTRATION BY"
FA3969D5,"ADDITIONAL DIALOGUE DIRECTOR"
FA4051C4,"Rewarded for completing Run free"
FA44B63E,"TECHNICAL DIRECTOR"
FA45BBC6,"RAIN YELLOW"
FA4DCD8D,"Kruger are roughing up an innocent employ. Choose to help them or stay out of the conflict."
FA4F8C6F,"Yeah. That would be a different world ..."
FA50AC4B,"SENIOR ENGINEERING TEST MANAGER"
FA5F4EE1,"THE SAVE FILE APPEARS TO BE DAMAGED AND CANNOT BE LOADED."
FA5FC640,"You can see your friends’ echoes while running through Time Trials and you leave your own behind as well. New echoes are rewarded through Runner Kits."
FA6048C0,"ECHO"
FA761B38,"ISABEL KRUGER / CAITLYN CONNORS"
FA9A6180,"-"
FAA683FF,"Icarus: Stay out of its range long enough and it’ll give up! Just don’t get zapped!"
FAC77E71,"Rewarded for hacking 12 billboards"
FACCE873,"SCANLINE TEAL"
FACEAAD3,"TECH OPS SYS ADMIN"
FAD69C11,"{0:input}  SLIDE, CRAWL under, or SLIDE DOWN obstacles and through small openings"
FAD6FF56,"Autovoice: A fail-message? Is that really necessary?OK. Well then, screw you for messing this up! I needed that delivery to happen!"
FADFD9D3,"Faith: Does Anansi really deserve this?"
FB01E6B3,"Automated Voice: Attention! AnansimegaFactory Eleven is accepting new workers. Please report suitable below-average midCaste employs to your closest Anansi office."
FB058A19,"Noah: Just right, Faith. Keep it up."
FB0765E8,"Plastic: Faith can easily beat up at least ten KrugerSec. Maybe even twenty. Kuma says she’s the best fighter he knows."
FB096A24,"Faith: What?! A foodDome?"
FB18CA11,"COMMUNICATIONS MANAGER RUSSIA"
FB1DF951,"Noah: You too, Plastic."
FB266CA0,"VO PRODUCER"
FB27E73D,"RUNNER'S VISION (PRESS)"
FB3E3A72,"LEAD OPERATIONS & SERVICES ENGINEER"
FB45BFAD,"Faith: The server stack is a maze."
FB46BB19,"LEAD ENGINE SOFTWARE ENGINEER"
FB4770C8,"Faith: Plastic?! How did you know I was here?"
FB51B233,"16"
FB576739,"What am I going to do?"
FB577FA1,"I don't want to be like this, but it's what you've turned me into, Kruger.  "
FB5C63EF,"I’ll be teaching you how to run. And one day you’ll be faster than me."
FB6A0A81,"Plastic: Faith, there might be a few more KrugerSec around the next hub."
FB6EF31B,"AN EAR TO THE GROUND"
FB705EFD,"COLON"
FB7062EF,","
FB7908A7,"DOWNLOADING..."
FB7A358E,"Damn it. Now what are we going to do?"
FB84DA37,"This will help a lot of people, Faith. See you around."
FB898F8A,"Skill Move: WALLRUN to JUMP"
FB92084C,"{0:input} {1:input} (Look) {2:input} "
FB942460,"ENTER"
FB9F7819,"and it's not like you'll be saying anything the authorities don't already know."
FBA43BE5,"CLIMB PIPES AND LADDERS FASTER  Climb pipes and ladders faster."
FBA69C52,"INCREASED DAMAGE TO SENTINELS  Highly classified Sentinel files. Incomplete, the data still allows a small but significant edge in combat."
FBAC8177,"He always worries, but this time he's really on edge."
FBACC314,"Come on!"
FBBA3837,"Unknown"
FBC68D95,"Rebecca has planned a hard blow against KrugerSec. Her intent is to kidnap a high-ranking KRUGERSEC OFFICER. The very same woman you saw first at Elysium, and later at the raid on the Lair where Noah was killed.  You and Icarus are to support the kidnap-attempt by clearing escape routes back to the Black November hideout. More of those automated turrets, SENTRY DRONES, have been set up in the area, and now they’re active."
FBCC7BBF,"Dogen: She claims to dwell in the fiery belly of the Dragon. That could just as well refer to her being in constant danger. Do you see anything connected with fire around there?"
FBD6EBF9,"TRAVERSAL ATTACK"
FBE2006A,"I don’t expect her to remember much of the journey."
FBE83EB0,"but I can't guarantee anything. My pull isn't as strong as it used to be. "
FBE98918,"QA ANALYSTS"
FBEA8C6A,"Plastic: Why not? Then what’s the point?"
FBEBC543,"Exit the gridNode"
FBEC0095,"Noah: So you’re sending her on another one of your little “errands”."
FBEE29E4,"TECHNICAL ART DIRECTOR"
FBF5268B,"Plastic: That’s the alarm, Faith! You need to get out of there!"
FBF6063A,"Faith: You got the target?"
FBF97D8F,"Unknown"
FC0BDA98,"ANIMATION"
FC0BF486,"ANIMATORS"
FC0C06ED,"EXPERIENCE"
FC0F7FE7,"Nomad: Well, I’m sure you can work something out. And if not, I’ll come with you when you go into exile. We’ll own the Greylands!"
FC172746,"Noah: One more thing, Faith. The marked route is not always the best one. You only need to reach the goal in the shortest time possible. The way you take doesn’t matter."
FC22130E,"MINUS"
FC3ADC52,"Skill Move: VAULT"
FC499BB0,"DIRECTOR OF COMMUNICATIONS"
FC541700,"PAUSE"
FC5BCB0F,"POWER"
FC5D0AB8,"Hey you! Faith, right? Over here!"
FC5E1A09,"What’s that? Are you ready to submit?"
FC636330,"Cat had me reading that damn story five times."
FC6A210B,"Plastic: I’ve tapped into KrugerSec comms and they’re talking about some runner being trapped. I bet it’s her."
FC70FDC8,"Icarus: They know, I’m sure. They just choose to look away."
FC77BFE8,"Krugersec: Wait. Take it easy with that--"
FC828038,"Delivery confirmed. The snails are safe. Someone has a disgusting meal to look forward to."
FC8F20D6,"({0:f.2}; {1:f.2}; {2:f.2})"
FC90139D,"/"
FC9022DB,"SLEEP"
FC90B6FD,"Reach the CCU at the top and activate it, while avoiding any ALARMS along the way."
FC92430E,"SPACE"
FC9D1869,"Faith: The feeling’s mutual. What can I help you with, Beatrix?"
FCAC00DC,"Faith: My Beat must be down."
FCAE168C,"Beatrix: Tempting, but no. I want to divorce him, and I think I know a way. Rumor has it that he’s sleeping with Aurore Lupain-Tanner. An affair like that would be cause enough."
FCC06A85,"{0:s} {1:~}  Runner kits contain items you can use to customize your runner echo (in the PROGRESSION screen) or runner tag (customizable on MirrorsEdge.com and in the companion app)."
FCC201C2,"Well, this is it, I guess. In a few minutes, "
FCC3D691,"VP & EXECUTIVE CREATIVE DIRECTOR STAR WARS"
FCD83B40,"FAST TRAVEL"
FCE356F7,"Practice basic attacks on projections by using ATTACK {0:input}, combined with DIRECTION {1:input} or JUMP {2:input}."
FCE8AFD6,"Plastic: Oh, OK."
FCF231EE,"${0:d}"
FCF67F39,"Faith: Found the switch."
FCF69DEF,"What are you doing?"
FD03B6C4,"MOVEMENT"
FD03BFCD,"{0:input}"
FD097C93,"Faith: I can help."
FD1453CB,"Icarus: Watch out, Faith!"
FD1CA4C2,"Plastic: You’re doing good, Faith! Only a few left to go and I’ll have access."
FD21A1A4,"Thank you so much for delivering this. I have to admit I didn’t think it was the greatest idea to use a runner, but all is well that ends well, right? With this we can’t lose. Thanks again."
FD2E8267,"Quick pull-up on ledges"
FD31BDB4,"Great. We’re setting up now."
FD46B5D6,"How am I? Where the hell are you? Are you in Glass? "
FD4B2E22,"Plastic: 60 seconds left! You’re going to have to climb up there! Use your MAG!"
FD61F83F,"Noah: They had their chance at freedom, and they chose not to take it. Are you in position yet?"
FD6C8C9F,"Plastic: Faith! Get off now!"
FD7C7767,"TALK TO BEATRIX"
FD81F8D4,"Don’t let KrugerSec see you. This is high profile and they can’t know!"
FD83A730,"Plastic: Watch out, Faith!"
FD86BA2F,"Faith: Found Erato. She’s dead. Shot. I’m sorry."
FD97938E,"{0:input} + {1:input}"
FDA29AA9,"Use your movement and TRAVERSAL to keep your FOCUS SHIELD up. When you are FOCUSED bullets will miss you."
FDADC10F,"ART SPECIALIST"
FDBAA628,"Henchwoman: Most people fear K-Sec. But even K-Sec fears Dogen. You should too."
FDC5CE41,"Faith: Plastic is right. There’s no logic here."
FDC7E98A,"PLACE WAYPOINT"
FDD9810D,"EXIT"
FDDC6D16,"LOCALIZATION ENGINEERING PROJECT LEAD"
FDDC94D2,"REPUTATION"
FDE8F021,"+ Main Mission: Thy Kingdom Come + GridNode: The View + Security Hub + Covert Deliveries + Dead Drop Deliveries + Diversion"
FDE9BA01,"Icarus: Damn, it worked a bit too well. I got three vTols chasing me."
FDEA0B32,"She was fast too, right?"
FDEC9455,"She did what?!"
FDED37D5,"You’re thinking about how to hide it, aren’t you."
FDEF6512,"LOCALIZATION VOICE TALENT SPANISH"
FDF1CEF2,"{0:d} / {1:d}  DOCUMENTS"
FDF5E4EC,"{0:d} XP"
FDF8F119,"GEO"
FE04741E,"Runner. Over here."
FE1598E6,"VON OBEN"
FE2C3C31,"Henry told me I could trust him."
FE3B14BF,"You have lost connection to the EA servers. Social features will be unavailable"
FE3CFC03,"Rebecca: Faith, Icarus! What’s the damn hold-up! We need that last terminal disabled. If I lose any people it’s on you."
FE3D85AB,"DIGITAL MERCHANDISING MANAGER"
FE480113,"Delivery Complete"
FE4FE65E,"ITEM COUNT"
FE6C4798,"CLIMB EFFICIENCY"
FE7A9369,"I'm sorry. Your sister is gone. They're all gone."
FE89219D,"Faith: There is, I’ve sent it."
FE904E34,"NUM COMMA"
FE9FFC75,"Talk to Nomad"
FEA04CD5,"DIRECTOR COMMUNITY & INFLUENCERS"
FEA51EBC,"ENTERPRISE SYSTEM MONITORING MANAGER"
FEB40FA5,"NUM ENTER"
FEC403A3,"SOCIAL AND COMMUNITY MANAGER FRANCE BENELUX"
FECA2C46,"Dogen is in need of a diversion. The pay is good."
FED16FE6,"DIRECTOR PRODUCT STRATEGY"
FEE43BE5,"Nomad: You’re all wits today, huh? I had a guy working there who promised he’d sell me some docs with the info, but now he’s reneging on the deal. So I figure you could just break into his place and grab them instead."
FEED85FF,"Dogen: She will demonstrate to Anansi what it means to default on one’s debts. A suitable task, don’t you think?"
FF02A5B0,"Dummy"
FF0E36A6,"DIRECTOR LIVE SERVICES"
FF0F3AA3,"Automated Voice: Attention! If you have any information about Black November or the Runners, visit your closest KrugerSec field office."
FF200939,"So they finally let you out. I’m sure we’ll see you back here soon."
FF515685,"Dogen: You’ll go berserk, I’m sure. We’ve had this discussion once already."
FF5178A9,"We'll have you cured in no time."
FF55B8DC,"Rebecca: As it turns out I do have a task for you. I need someone to place a dataTap on a comm-antenna in the construction zone."
FF649C21,"Plastic: Remember, the CCU. At the top. And avoid the sensors. Unless you want to meet more KrugerSec, of course. Maybe you do. Shut up, Kuma."
FF743D59,"CONTENT MODEL ARCHITECT"
FF795032,"Nomad: You can play indifferent, but I know why you got locked up."
FF81340C,"We need a diversion to cover for a small job."
FF8243E2,"STRATEGIC DECISION SUPPORT ANALYST"
FF8FCAB8,"Aline: Can you see the elevators? Up near the roof there should be an access-way to the space behind them. That’s where you need go."
FFA52EEB,"Delivery failed. Payment not authorized."
FFA92D7F,"Roll out of a landing or slide with high momentum"
FFB6217D,"Aline: Once you get through you might be able to climb the elevator shaft to the apartment."
FFD16A7A,"Help clear escape routes for Black November as they attempt to kidnap a high-ranking KRUGERSEC OFFICER."
FFDD4F95,"PIGEONS DOWN - ERATO"
